"baseMean","log2FoldChange","lfcSE","stat","pvalue","padj","ASV","Taxon","Confidence","Direction","Genus","Species"
92.2270845288923,0.904443019407314,0.116824837598265,7.74187268736035,9.79630587688901e-15,1.95338339185167e-11,"3bdecf73b1c3cde6a81e052d765545bf","k__Bacteria;p__Firmicutes;c__Bacilli;o__Lactobacillales;f__Streptococcaceae;g__Streptococcus",0.999999984,"Higher in RA","g__Streptococcus",NA
8.46879234182876,-1.02744668389729,0.147712815588134,-6.95570441742921,3.50804700381778e-12,3.49752286280633e-09,"0565683e0b453152ed6d4467d8f9a6e2","k__Bacteria;p__Proteobacteria;c__Deltaproteobacteria;o__Desulfovibrionales;f__Desulfovibrionaceae;g__Bilophila;s__gut metagenome",0.999999779,"Higher in HC","g__Bilophila","s__gut metagenome"
10.8686638784809,2.38397085991364,0.374241829325828,6.37013469127223,1.88862267814984e-10,1.25530454007693e-07,"3b535026bb86e60b02f96fc735fb1cfa","k__Bacteria;p__Firmicutes;c__Bacilli;o__Lactobacillales;f__Lactobacillaceae;g__Lactobacillus;s__Lactobacillus salivarius",0.999950786,"Higher in RA","g__Lactobacillus","s__Lactobacillus salivarius"
13.6374026157867,1.19432320432639,0.206117724938011,5.79437408735991,6.85764497859806e-09,3.41853602183113e-06,"09e8592e86c9558d53c56cfd61f777b7","k__Bacteria;p__Firmicutes;c__Bacilli;o__Lactobacillales;f__Streptococcaceae;g__Streptococcus",0.999999992,"Higher in RA","g__Streptococcus",NA
3.02455039830538,1.90694719993831,0.346013789482507,5.51118844942659,3.56418863319332e-08,1.4213984269175e-05,"8d29feb1bada357159eaaa4903373ab6","k__Bacteria;p__Firmicutes;c__Negativicutes;o__Veillonellales;f__Veillonellaceae;g__Veillonella",0.999999992,"Higher in RA","g__Veillonella",NA
9.19130231691803,1.64695428770062,0.301206603373761,5.46785584795747,4.55512086974856e-08,1.51381850237977e-05,"91e5dc210fd2af4309351fb0c3b12897","k__Bacteria;p__Firmicutes;c__Clostridia;o__Clostridiales;f__Lachnospiraceae;g__[Ruminococcus] gnavus group",0.981883533,"Higher in RA","g__[Ruminococcus] gnavus group",NA
8.31082399679592,1.64203738357217,0.303020943168245,5.41889074201868,5.9969950515577e-08,1.70828687611515e-05,"131e5fd41a23ea62b809ca0e571f4549","k__Bacteria;p__Firmicutes;c__Clostridia;o__Clostridiales;f__Lachnospiraceae;g__[Ruminococcus] gnavus group",0.977068998,"Higher in RA","g__[Ruminococcus] gnavus group",NA
7.74557415541657,1.62399728132277,0.306153694913994,5.30451635339234,1.12972116022238e-07,2.81582999185428e-05,"6cbba67efc028285fae12b3b4d2fce14","k__Bacteria;p__Firmicutes;c__Erysipelotrichia;o__Erysipelotrichales;f__Erysipelotrichaceae;g__Erysipelatoclostridium;s__unidentified",0.819289976,"Higher in RA","g__Erysipelatoclostridium","s__unidentified"
50.500595929874,-1.77050229836858,0.344148098104032,-5.14459416780906,2.68099746134049e-07,5.93989881990327e-05,"a5a806747b51a5722299a79be0b79cfb","k__Bacteria;p__Firmicutes;c__Bacilli;o__Lactobacillales;f__Streptococcaceae;g__Streptococcus;s__Streptococcus salivarius subsp. thermophilus",0.888675329,"Higher in HC","g__Streptococcus","s__Streptococcus salivarius subsp. thermophilus"
8.57953884050713,1.22458205686645,0.24223192318124,5.05541152786131,4.29463685373941e-07,8.56350588635639e-05,"2b0efadf2d3d75500593a16dd194abde","k__Bacteria;p__Firmicutes;c__Clostridia;o__Clostridiales;f__Lachnospiraceae;g__Blautia",0.983918816,"Higher in RA","g__Blautia",NA
8.35677527405252,1.57556600340911,0.315061587595664,5.00081909518947,5.70872594949611e-07,0.000103483632211775,"1629da92f28dd2195cf0a29c81a09dc6","k__Bacteria;p__Firmicutes;c__Clostridia;o__Clostridiales;f__Lachnospiraceae;g__[Ruminococcus] gnavus group",0.980627446,"Higher in RA","g__[Ruminococcus] gnavus group",NA
116.137257261393,-1.08034666125616,0.219343051167855,-4.92537445569413,8.41989562778225e-07,0.000139910599014982,"dd73c9cda57ffaf58fafbe790dbdf4f7","k__Bacteria;p__Firmicutes;c__Negativicutes;o__Veillonellales;f__Veillonellaceae;g__Dialister;s__gut metagenome",0.999448166,"Higher in HC","g__Dialister","s__gut metagenome"
50.6137265659437,-0.706032431688326,0.145574859599466,-4.84996127511922,1.23485580391158e-06,0.000189407882538438,"aeea3b2682b1f3bb219bcffe246bb132","k__Bacteria;p__Firmicutes;c__Clostridia;o__Clostridiales;f__Lachnospiraceae;g__Dorea;s__Dorea longicatena",0.897755346,"Higher in HC","g__Dorea","s__Dorea longicatena"
12.4329412788526,1.55804958667333,0.323046572753342,4.82298751351546,1.41423827308401e-06,0.000201427936894965,"636509940dc92429c1e5cf895b315e51","k__Bacteria;p__Firmicutes;c__Clostridia;o__Clostridiales;f__Lachnospiraceae;g__[Ruminococcus] gnavus group",0.98306558,"Higher in RA","g__[Ruminococcus] gnavus group",NA
11.5834046944972,1.5344980816809,0.322040408532355,4.76492403134787,1.88924816128259e-06,0.000251144055573166,"54aec93cf0942cccd7fdc5d44853bd3d","k__Bacteria;p__Firmicutes;c__Clostridia;o__Clostridiales;f__Lachnospiraceae;g__[Ruminococcus] gnavus group",0.9808645,"Higher in RA","g__[Ruminococcus] gnavus group",NA
37.7326706469033,-0.889097483243885,0.188644125759177,-4.71309392574941,2.43983665556634e-06,0.000304064643199955,"ef4d605230aba9f7f68c6e61d1823565","k__Bacteria;p__Firmicutes;c__Clostridia;o__Clostridiales;f__Lachnospiraceae",0.999994356,"Higher in HC",NA,NA
13.6966081796975,1.25179342339256,0.272268386092735,4.59764514476608,4.27292945291807e-06,0.000501189489948155,"acdd6e5761f329808d3199f4d5c3661a","k__Bacteria;p__Firmicutes;c__Clostridia;o__Clostridiales;f__Lachnospiraceae;g__[Ruminococcus] gnavus group",0.979784858,"Higher in RA","g__[Ruminococcus] gnavus group",NA
32.0153757428551,0.801209571204805,0.178135329436533,4.49775782119776,6.867385821676e-06,0.000720714069916944,"70675e5a92005b0b9eacd9f5b577c265","k__Bacteria;p__Actinobacteria;c__Actinobacteria;o__Bifidobacteriales;f__Bifidobacteriaceae;g__Bifidobacterium;s__Bifidobacterium longum subsp. longum",0.901008123,"Higher in RA","g__Bifidobacterium","s__Bifidobacterium longum subsp. longum"
11.0702943933972,1.22476001338583,0.271793203436844,4.50622016260399,6.59926166303744e-06,0.000720714069916944,"6b7dc439616d01d97b0c2dba2e69041f","k__Bacteria;p__Firmicutes;c__Clostridia;o__Clostridiales;f__Lachnospiraceae;g__Blautia",0.983188403,"Higher in RA","g__Blautia",NA
41.3998945170868,-0.584420512745856,0.130252571446759,-4.48682514482823,7.22923571916864e-06,0.000720754801201113,"484ecd112d236135579c585e777a4226","k__Bacteria;p__Firmicutes;c__Negativicutes;o__Acidaminococcales;f__Acidaminococcaceae;g__Phascolarctobacterium;s__uncultured organism",0.717818989,"Higher in HC","g__Phascolarctobacterium","s__uncultured organism"
41.3799005619523,0.649699623325114,0.146857999159378,4.42399887676549,9.68905237666087e-06,0.000919998592336275,"fef2ab34504345a0abecf419ad2b3603","k__Bacteria;p__Actinobacteria;c__Actinobacteria;o__Bifidobacteriales;f__Bifidobacteriaceae;g__Bifidobacterium;s__Bifidobacterium longum subsp. longum",0.910446975,"Higher in RA","g__Bifidobacterium","s__Bifidobacterium longum subsp. longum"
36.9806751305603,-0.796441548044913,0.182323145513183,-4.36829644312671,1.25219451556252e-05,0.0010855982017529,"bb7447de116122170c39f8efd69b1740","k__Bacteria;p__Firmicutes;c__Clostridia;o__Clostridiales;f__Lachnospiraceae;g__Lachnoclostridium",0.994638109,"Higher in HC","g__Lachnoclostridium",NA
7.75089927682549,1.05431888534339,0.241162216998761,4.37182448587627,1.23212559210989e-05,0.0010855982017529,"d69df398b37914cc22fe2660c81280a1","k__Bacteria;p__Firmicutes;c__Clostridia;o__Clostridiales;f__Lachnospiraceae;g__Blautia",0.977496735,"Higher in RA","g__Blautia",NA
4.07815106290754,2.44865232937528,0.569941927250202,4.29631899725169,1.73657637339001e-05,0.00144280553689153,"51fa915f6a9188112ec173d5fa04d5c0","k__Bacteria;p__Firmicutes;c__Bacilli;o__Lactobacillales;f__Streptococcaceae;g__Streptococcus;s__Streptococcus gallolyticus subsp. macedonicus",0.858542223,"Higher in RA","g__Streptococcus","s__Streptococcus gallolyticus subsp. macedonicus"
105.911822098851,-0.612486333526836,0.145338060740789,-4.21421842568278,2.50644630423199e-05,0.00199914157225543,"a1f0ec6019d272eb81f129db4279ce9d","k__Bacteria;p__Firmicutes;c__Clostridia;o__Clostridiales;f__Lachnospiraceae;g__Agathobacter",0.896054119,"Higher in HC","g__Agathobacter",NA
12.6400310007942,1.11735398133767,0.269517370177671,4.14575869674406,3.38690364647287e-05,0.00259749456579496,"d63ae9e403b05e3b42b1d20ff6cea593","k__Bacteria;p__Firmicutes;c__Clostridia;o__Clostridiales;f__Lachnospiraceae;g__[Ruminococcus] gnavus group",0.980447597,"Higher in RA","g__[Ruminococcus] gnavus group",NA
12.9036645362131,-0.992689786748711,0.243837178888742,-4.07111742053765,4.67881560865458e-05,0.0034553919717249,"80e614bcdf199174540d076b447e689b","k__Bacteria;p__Firmicutes;c__Clostridia;o__Clostridiales;f__Lachnospiraceae;g__Dorea;s__Dorea formicigenerans ATCC 27755",0.990063898,"Higher in HC","g__Dorea","s__Dorea formicigenerans ATCC 27755"
32.909032009338,-0.740286825109025,0.182814957210878,-4.04937777741622,5.13539893428124e-05,0.00365713766962743,"fbf8da8f1021ebd2db93cb05981aa6b0","k__Bacteria;p__Firmicutes;c__Clostridia;o__Clostridiales;f__Lachnospiraceae;g__Lachnoclostridium",0.995265692,"Higher in HC","g__Lachnoclostridium",NA
8.32610975331593,0.793664043830275,0.196586862767951,4.03721811648782,5.40887757268181e-05,0.00371906961376811,"3d3c87fbad0d3829c3f1d9afbd03075e","k__Bacteria;p__Firmicutes;c__Erysipelotrichia;o__Erysipelotrichales;f__Erysipelotrichaceae;g__Turicibacter",1,"Higher in RA","g__Turicibacter",NA
45.8407000933742,-0.560391840817078,0.139397089767269,-4.02011147974955,5.81706084918933e-05,0.00386640644442784,"7328b3c058706537e8c4423cde97d643","k__Bacteria;p__Firmicutes;c__Clostridia;o__Clostridiales;f__Lachnospiraceae;g__Dorea;s__Dorea longicatena",0.913373138,"Higher in HC","g__Dorea","s__Dorea longicatena"
38.6149901653696,0.776053788006366,0.195502463077104,3.96953458177301,7.20131552449046e-05,0.00456842833690049,"4d3e13e0ef5b6ef1a57670af95d6feee","k__Bacteria;p__Firmicutes;c__Clostridia;o__Clostridiales;f__Lachnospiraceae;g__[Ruminococcus] gnavus group",0.982776881,"Higher in RA","g__[Ruminococcus] gnavus group",NA
4.91571120057578,1.28544180532301,0.324175602674458,3.96526387155012,7.33147977837591e-05,0.00456842833690049,"23097df98473770d4d662b79657b198f","k__Bacteria;p__Firmicutes;c__Bacilli;o__Lactobacillales;f__Streptococcaceae;g__Streptococcus",0.999999997,"Higher in RA","g__Streptococcus",NA
65.4802287672036,-0.582240081633132,0.149822640106848,-3.88619557910541,0.000101827478827052,0.00615284826609523,"4a365ee0524ea5a08857b88b7cb35f9d","k__Bacteria;p__Firmicutes;c__Clostridia;o__Clostridiales;f__Lachnospiraceae;g__Roseburia",0.967195255,"Higher in HC","g__Roseburia",NA
10.3298615011961,1.07630662914991,0.278516167956223,3.86443141541098,0.000111348270194184,0.00653024855197653,"31195c84a5b105ff7d99b49678cae81f","k__Bacteria;p__Firmicutes;c__Clostridia;o__Clostridiales;f__Lachnospiraceae;g__Blautia",0.976451186,"Higher in RA","g__Blautia",NA
35.2993712607665,-0.716850858865651,0.187629665315377,-3.82056247694485,0.000133147670356647,0.00758561299117586,"6c7acd49f154e94d7fddf467348905cb","k__Bacteria;p__Firmicutes;c__Clostridia;o__Clostridiales;f__Lachnospiraceae;g__Lachnoclostridium",0.718718935,"Higher in HC","g__Lachnoclostridium",NA
1.14916568026676,-2.37753800546855,0.630046403109792,-3.77359190328436,0.000160913903600216,0.00891284232718974,"a23ecde162cfc49b3f8971630a293509","k__Bacteria;p__Firmicutes;c__Clostridia;o__Clostridiales;f__Ruminococcaceae;g__Ruminiclostridium 5;s__Ruminococcus sp. A254.MGS-108",0.99548139,"Higher in HC","g__Ruminiclostridium 5","s__Ruminococcus sp. A254.MGS-108"
6.99988384510169,1.00671754150294,0.269804994483097,3.73127837544909,0.000190510565873119,0.0102669748202973,"d417249eace9a7a90cc894dca4a2434a","k__Bacteria;p__Firmicutes;c__Clostridia;o__Clostridiales;f__Lachnospiraceae;g__Blautia",0.978988269,"Higher in RA","g__Blautia",NA
12.3326471417688,-0.802741599269021,0.218266951440945,-3.67779727516932,0.000235256817007464,0.0123447919240233,"bbc41075b9feb3679d7f9490656b8cff","k__Bacteria;p__Firmicutes;c__Clostridia;o__Clostridiales;f__Lachnospiraceae;g__Dorea;s__Dorea longicatena",0.880671717,"Higher in HC","g__Dorea","s__Dorea longicatena"
33.3823506949609,0.754360184159976,0.205916593254597,3.66342591549811,0.000248864218024485,0.0127239807882263,"14bb3a660856ff54cffae77c2d9e06c9","k__Bacteria;p__Firmicutes;c__Clostridia;o__Clostridiales;f__Lachnospiraceae;g__[Ruminococcus] gnavus group",0.980849437,"Higher in RA","g__[Ruminococcus] gnavus group",NA
6.13950501526858,0.98950594380078,0.270709715113265,3.65522878773216,0.000256952724525576,0.0128090933176,"4725761271c7d2a9607470848ecd14a6","k__Bacteria;p__Firmicutes;c__Clostridia;o__Clostridiales;f__Lachnospiraceae;g__Blautia",0.976674913,"Higher in RA","g__Blautia",NA
112.859306953894,-0.484492180990344,0.133290111977973,-3.63486963736973,0.00027812123421566,0.0128970637447913,"f119d71eefed1d6ee3bfb6f5d1e5c86f","k__Bacteria;p__Bacteroidetes;c__Bacteroidia;o__Bacteroidales;f__Bacteroidaceae;g__Bacteroides;s__Bacteroides uniformis CL03T12C37",0.869953874,"Higher in HC","g__Bacteroides","s__Bacteroides uniformis CL03T12C37"
91.9156249473071,-0.53162497352278,0.146198954244932,-3.63631173881129,0.000276569603358721,0.0128970637447913,"331e57d38036a19d2a0c6f1c984aeded","k__Bacteria;p__Firmicutes;c__Clostridia;o__Clostridiales;f__Lachnospiraceae;g__Agathobacter;s__metagenome",0.700843598,"Higher in HC","g__Agathobacter","s__metagenome"
4.0798860653703,-3.25434265446775,0.893953441997616,-3.64039389701957,0.000272221270022154,0.0128970637447913,"6fbcd44003ca680a4b30c36cdf8df357","k__Bacteria;p__Firmicutes;c__Negativicutes;o__Veillonellales;f__Veillonellaceae;g__Dialister;s__gut metagenome",0.999639858,"Higher in HC","g__Dialister","s__gut metagenome"
9.00599224616203,0.667251005756892,0.185284324660623,3.60122750253733,0.000316718272630824,0.0140341385694636,"84b41d9ae89a5c5824fbdc4e95fe97e0","k__Bacteria;p__Firmicutes;c__Bacilli;o__Lactobacillales;f__Streptococcaceae;g__Streptococcus",0.999999985,"Higher in RA","g__Streptococcus",NA
3.15761417319429,-0.865434460032371,0.239968866660652,-3.60644475291959,0.000310420911857413,0.0140341385694636,"e59fc6ee94ab29c1d2ee84333c79b10a","k__Bacteria;p__Bacteroidetes;c__Bacteroidia;o__Bacteroidales;f__Rikenellaceae;g__Alistipes;s__Alistipes obesi",0.99967448,"Higher in HC","g__Alistipes","s__Alistipes obesi"
3.80275526745118,-2.59434587735437,0.724320490995109,-3.58176512967365,0.000341280549896897,0.0147937699237916,"f4c1dbbadfc1dc7f7e5239fbc1f17472","k__Bacteria;p__Firmicutes;c__Negativicutes;o__Selenomonadales;f__Selenomonadaceae;g__Megamonas;s__uncultured bacterium",0.893025761,"Higher in HC","g__Megamonas","s__uncultured bacterium"
23.032649469006,-1.05230332509864,0.296761876301053,-3.54595185276131,0.00039119767552777,0.0165967694681356,"6c207cecbb138b061090a9badce5e05e","k__Bacteria;p__Proteobacteria;c__Gammaproteobacteria;o__Enterobacteriales;f__Enterobacteriaceae;g__Klebsiella",0.844499213,"Higher in HC","g__Klebsiella",NA
2.08742604052686,1.49771633962112,0.427954790728635,3.49970691313238,0.000465769964200274,0.019348860596153,"d6e43e84529508cd7c8632071f403381","k__Bacteria;p__Firmicutes;c__Erysipelotrichia;o__Erysipelotrichales;f__Erysipelotrichaceae;g__Turicibacter;s__uncultured organism",0.967084871,"Higher in RA","g__Turicibacter","s__uncultured organism"
2.59588517459927,1.61054854509155,0.460961009883771,3.49389321560545,0.000476031383554495,0.0193715628328095,"69b768a91ff1087ffc0d0e0fda5b23a7","k__Bacteria;p__Firmicutes;c__Bacilli;o__Lactobacillales;f__Streptococcaceae;g__Streptococcus;s__Streptococcus anginosus C238",0.877933965,"Higher in RA","g__Streptococcus","s__Streptococcus anginosus C238"
57.110896460392,-0.527396956910305,0.151744536308066,-3.47555813040678,0.000509791494187223,0.020310321687428,"81f9995a7213e78fbc99c601c73b9b38","k__Bacteria;p__Firmicutes;c__Clostridia;o__Clostridiales;f__Lachnospiraceae;g__Roseburia",0.964876496,"Higher in HC","g__Roseburia",NA
41.6230160892361,-0.490454696249331,0.141320653566971,-3.47050968043328,0.000519471617883062,0.020310321687428,"16455be893979dd52fff681937060ca5","k__Bacteria;p__Firmicutes;c__Clostridia;o__Clostridiales;f__Ruminococcaceae;g__Faecalibacterium",0.999990086,"Higher in HC","g__Faecalibacterium",NA
30.328417361294,-0.697367415781312,0.204499230641277,-3.41012244199882,0.000649337206616354,0.0248995844229425,"549db4962b9f842d7c4661b6923734ad","k__Bacteria;p__Firmicutes;c__Clostridia;o__Clostridiales;f__Lachnospiraceae;g__Blautia;s__Blautia massiliensis",0.760438187,"Higher in HC","g__Blautia","s__Blautia massiliensis"
6.66452008304789,-1.43350173235218,0.423799359697815,-3.38250093953497,0.000718290321850572,0.0265946612043712,"913c75c5b3c73467c1d4b9896a959e21","k__Bacteria;p__Firmicutes;c__Erysipelotrichia;o__Erysipelotrichales;f__Erysipelotrichaceae;g__Holdemanella;s__uncultured bacterium",0.987670376,"Higher in HC","g__Holdemanella","s__uncultured bacterium"
3.10443544413226,-1.5589005581024,0.460972427260242,-3.3817652985616,0.000720216502024093,0.0265946612043712,"f85b619cef9a11c3db042be733b4869f","k__Bacteria;p__Bacteroidetes;c__Bacteroidia;o__Bacteroidales;f__Bacteroidaceae;g__Bacteroides;s__unidentified",0.954965655,"Higher in HC","g__Bacteroides","s__unidentified"
48.8181795938589,-0.459845618946526,0.136234003492235,-3.37541000894638,0.000737057927657711,0.0267217001408996,"e425d57cef783908cc164061114479f5","k__Bacteria;p__Firmicutes;c__Clostridia;o__Clostridiales;f__Ruminococcaceae;g__Faecalibacterium",0.999957909,"Higher in HC","g__Faecalibacterium",NA
2.47029779291107,-2.45263162301692,0.737386803315605,-3.32611271586207,0.000880663080374031,0.0313578961118896,"df8ca87089d7791db6836a65eecee669","k__Bacteria;p__Bacteroidetes;c__Bacteroidia;o__Bacteroidales;f__Bacteroidaceae;g__Bacteroides",0.999999931,"Higher in HC","g__Bacteroides",NA
14.7378060794826,-0.931319427194618,0.280680488023617,-3.31807684158029,0.000906395453996944,0.0317079392152615,"3d133618b9affa20678f97c0c15d9d57","k__Bacteria;p__Proteobacteria;c__Gammaproteobacteria;o__Betaproteobacteriales;f__Burkholderiaceae;g__Parasutterella;s__uncultured organism",0.910030571,"Higher in HC","g__Parasutterella","s__uncultured organism"
72.0477008572556,-0.36209794215596,0.109470842854906,-3.30771128377891,0.000940617279346893,0.0323377733623742,"e6a1bd9607fe9686762c03a8172d1a0c","k__Bacteria;p__Firmicutes;c__Clostridia;o__Clostridiales;f__Lachnospiraceae;g__Fusicatenibacter;s__uncultured organism",0.906525248,"Higher in HC","g__Fusicatenibacter","s__uncultured organism"
1.42445223823728,1.88898764455845,0.573304985279212,3.29490880606675,0.000984536244853124,0.0332739876650361,"5227f44c98a366392b347070fbf794e3","k__Bacteria;p__Actinobacteria;c__Actinobacteria;o__Bifidobacteriales;f__Bifidobacteriaceae;g__Bifidobacterium;s__Bifidobacterium dentium Bd1",0.824858142,"Higher in RA","g__Bifidobacterium","s__Bifidobacterium dentium Bd1"
11.2077731306639,-1.21769176121104,0.372015694312163,-3.27322685528762,0.00106327102394473,0.0353360403624298,"6859a0a040773b88b39465a4ebed0f8a","k__Bacteria;p__Bacteroidetes;c__Bacteroidia;o__Bacteroidales;f__Bacteroidaceae;g__Bacteroides;s__Bacteroides eggerthii DSM 20697",0.940201252,"Higher in HC","g__Bacteroides","s__Bacteroides eggerthii DSM 20697"
1.62846746660573,-1.96497114789113,0.601275432092644,-3.26800504895461,0.00108308433471646,0.0354044289086004,"238161b7aa9c1be80dd9f4fb8088bc06","k__Bacteria;p__Firmicutes;c__Clostridia;o__Clostridiales;f__Lachnospiraceae;g__uncultured;s__metagenome",0.762662693,"Higher in HC","g__uncultured","s__metagenome"
2.39548141577388,-0.967884060873377,0.301119734027988,-3.214283062509,0.00130770688606241,0.0420575408194911,"6a7f8a7ae34d2dc4cdb20f0c9176cc6d","k__Bacteria;p__Bacteroidetes;c__Bacteroidia;o__Bacteroidales;f__Rikenellaceae;g__Alistipes;s__Alistipes indistinctus YIT 12060",0.999893742,"Higher in HC","g__Alistipes","s__Alistipes indistinctus YIT 12060"
25.7365353012017,-0.752777825374944,0.235704515691423,-3.19373527132784,0.00140444843704967,0.0444519076742386,"5b439ec22b5f04a6a66745161c4315a4","k__Bacteria;p__Firmicutes;c__Clostridia;o__Clostridiales;f__Lachnospiraceae;g__[Ruminococcus] torques group",0.988013879,"Higher in HC","g__[Ruminococcus] torques group",NA
11.0436992924178,-1.16417016798027,0.369381085037552,-3.15167780684253,0.00162335291237219,0.0505775891760962,"b9f576ad34263fcbd4d25a9f28d6fe0b","k__Bacteria;p__Firmicutes;c__Clostridia;o__Clostridiales;f__Lachnospiraceae;g__[Eubacterium] ruminantium group;s__gut metagenome",0.964114352,"Higher in HC","g__[Eubacterium] ruminantium group","s__gut metagenome"
40.6482644899994,-0.676579889130495,0.215657734380987,-3.13728552825855,0.00170519977782342,0.0523102824150754,"01b873d1e9236217303fdc32c1459913","k__Bacteria;p__Firmicutes;c__Clostridia;o__Clostridiales;f__Lachnospiraceae;g__Roseburia",0.943114731,"Higher in HC","g__Roseburia",NA
10.5192875646004,-0.824067131053391,0.264029140138344,-3.12112189821776,0.00180163440606347,0.0544311970559174,"2176737dda56b48d681d7a491c366531","k__Bacteria;p__Firmicutes;c__Clostridia;o__Clostridiales;f__Ruminococcaceae;g__Ruminococcaceae NK4A214 group;s__gut metagenome",0.995372203,"Higher in HC","g__Ruminococcaceae NK4A214 group","s__gut metagenome"
1.19903197966598,2.8837122884989,0.931418059450618,3.09604506723845,0.00196120551079779,0.0583678177392656,"0ebadf037f666f72ba0d80abdd9a6aa3","k__Bacteria;p__Firmicutes;c__Clostridia;o__Clostridiales;f__Lachnospiraceae;g__Tyzzerella 4",0.99262281,"Higher in RA","g__Tyzzerella 4",NA
1.1337285918186,-2.99130282694204,0.971173965228332,-3.08008959675804,0.00206938332418573,0.0606816227709756,"2869de2679b223cf9e0f426dbb5c5b43","k__Bacteria;p__Firmicutes;c__Clostridia;o__Clostridiales;f__Lachnospiraceae;g__Lachnospiraceae UCG-008;s__uncultured organism",0.81581461,"Higher in HC","g__Lachnospiraceae UCG-008","s__uncultured organism"
11.6398705729222,-0.873634986803707,0.284960332381766,-3.06581263259225,0.00217079301891524,0.0627327721698114,"0714d3c327f727937eac8ca70af0c8ec","k__Bacteria;p__Firmicutes;c__Clostridia;o__Clostridiales;f__Lachnospiraceae",0.999983041,"Higher in HC",NA,NA
26.2338394592351,0.688776497534457,0.228529547077222,3.01394942729972,0.0025787078741127,0.0734563357282962,"9ab62f0fe53a12908e0e4b71a977ea00","k__Bacteria;p__Bacteroidetes;c__Bacteroidia;o__Bacteroidales;f__Bacteroidaceae;g__Bacteroides;s__Bacteroides ovatus V975",0.964706967,"Higher in RA","g__Bacteroides","s__Bacteroides ovatus V975"
0.630372388350147,-1.4570345010616,0.484242271570699,-3.00889572555392,0.00262199089970547,0.073637321887503,"d3dbfedc0e0d2eb36b809d35dd75d2dd","k__Bacteria;p__Firmicutes;c__Clostridia;o__Clostridiales;f__Lachnospiraceae;g__Moryella;s__human gut metagenome",0.985858155,"Higher in HC","g__Moryella","s__human gut metagenome"
20.8866464748932,-1.1751019269865,0.394824762328917,-2.9762619751989,0.00291785488726538,0.0798641005593148,"8cb58f36d39cef78b0ca5d3a06bfcf39","k__Bacteria;p__Bacteroidetes;c__Bacteroidia;o__Bacteroidales;f__Bacteroidaceae;g__Bacteroides;s__human gut metagenome",0.982873057,"Higher in HC","g__Bacteroides","s__human gut metagenome"
13.1460813010201,-0.663853253421165,0.223096212450948,-2.97563659251779,0.00292381110372617,0.0798641005593148,"115b4e9916c604f5db748e3300c82c42","k__Bacteria;p__Firmicutes;c__Clostridia;o__Clostridiales;f__Lachnospiraceae;g__Dorea;s__Dorea longicatena",0.871349163,"Higher in HC","g__Dorea","s__Dorea longicatena"
8.91921469263765,-0.809606733498844,0.272726500087375,-2.96856643281627,0.00299192420714896,0.0806202279602032,"6758a893ef4a68a9a32506656b8f7dcc","k__Bacteria;p__Firmicutes;c__Clostridia;o__Clostridiales;f__Ruminococcaceae;g__Ruminococcaceae UCG-002",0.999414131,"Higher in HC","g__Ruminococcaceae UCG-002",NA
26.8909693208823,-0.594483764986721,0.201087285954954,-2.95634685287807,0.00311306787796121,0.0827660979820621,"1a3d70541fdc5a7ad8462fef08e58e9d","k__Bacteria;p__Firmicutes;c__Clostridia;o__Clostridiales;f__Lachnospiraceae;g__Blautia;s__Blautia massiliensis",0.735035977,"Higher in HC","g__Blautia","s__Blautia massiliensis"
34.5889767321377,-0.64614567751392,0.22002654993988,-2.93667140483943,0.00331755425838236,0.0870421472528215,"87578a5c3440dfb5af0c99ec755d9964","k__Bacteria;p__Firmicutes;c__Clostridia;o__Clostridiales;f__Lachnospiraceae;g__Roseburia",0.949832606,"Higher in HC","g__Roseburia",NA
4.25641784620897,-1.24049130071949,0.424592480884284,-2.92160449505833,0.00348233438016296,0.089832217065959,"cd19d9f6e65c27723dfa101d80671c2f","k__Bacteria;p__Proteobacteria;c__Gammaproteobacteria;o__Enterobacteriales;f__Enterobacteriaceae;g__Enterobacter",0.86221498,"Higher in HC","g__Enterobacter",NA
0.947075669852463,2.32704363437481,0.797264817846893,2.91878379966555,0.00351399846095527,0.089832217065959,"15447b56b313412b4cc27a117d45cbe4","k__Bacteria;p__Firmicutes;c__Clostridia;o__Clostridiales;f__Lachnospiraceae;g__Tyzzerella 4",0.992577825,"Higher in RA","g__Tyzzerella 4",NA
16.0465334619659,-0.821880944900656,0.283151413625053,-2.90261996003659,0.00370055403462834,0.0934038575322648,"76790368aae18826eacab6a3ba9de466","k__Bacteria;p__Firmicutes;c__Clostridia;o__Clostridiales;f__Lachnospiraceae;g__CAG-56",0.994827189,"Higher in HC","g__CAG-56",NA
4.12465598614327,-0.916383757711686,0.317477507389044,-2.88645254036447,0.00389611502771383,0.0971106670657673,"ef865cfa0796e0e01869c6c209b37a0b","k__Bacteria;p__Firmicutes;c__Clostridia;o__Clostridiales;f__Ruminococcaceae;g__Ruminococcaceae UCG-003;s__uncultured organism",0.82870573,"Higher in HC","g__Ruminococcaceae UCG-003","s__uncultured organism"
0.426573912986522,1.58042021857088,0.555006299822679,2.84757167454823,0.00440541727452092,0.108449407967836,"28c6954b751332697bb4bc62dc37a920","k__Bacteria;p__Firmicutes;c__Bacilli;o__Lactobacillales;f__Streptococcaceae;g__Streptococcus;s__Streptococcus mutans UA159-FR",0.719689944,"Higher in RA","g__Streptococcus","s__Streptococcus mutans UA159-FR"
22.1540657011221,-0.713494758224003,0.251237068221463,-2.83992630257516,0.00451239573660433,0.108850197479606,"ed4a2c0dc4ba7f83e16232e0e620b7a1","k__Bacteria;p__Firmicutes;c__Clostridia;o__Clostridiales;f__Lachnospiraceae;g__[Ruminococcus] torques group",0.989016786,"Higher in HC","g__[Ruminococcus] torques group",NA
12.9077741829884,0.543004583297612,0.191291596209957,2.83862226075852,0.00453087582287225,0.108850197479606,"c3685942145b7163b775c207a44f230c","k__Bacteria;p__Firmicutes;c__Clostridia;o__Clostridiales;f__Lachnospiraceae;g__Blautia",0.977167346,"Higher in RA","g__Blautia",NA
9.9083192642482,-1.11473283128267,0.394159021287092,-2.82812969152045,0.00468208342924238,0.111143742356063,"afc6a36035a23da6c145950d0a39649c","k__Bacteria;p__Firmicutes;c__Clostridia;o__Clostridiales;f__Lachnospiraceae;g__Coprococcus 2;s__uncultured bacterium",0.989432763,"Higher in HC","g__Coprococcus 2","s__uncultured bacterium"
6.42109662133805,1.26497082225192,0.456494272201177,2.77105519013926,0.00558749553741511,0.131076071783597,"3aebba76c103da5dee327bf0951ddcaf","k__Bacteria;p__Firmicutes;c__Clostridia;o__Clostridiales;f__Lachnospiraceae;g__Tyzzerella 4",0.993665224,"Higher in RA","g__Tyzzerella 4",NA
5.58180906807556,-1.17724904563379,0.425455262166398,-2.76703369383493,0.00565689082110471,0.131160933689335,"015e84662ee053bfcc55b51aefbd640a","k__Bacteria;p__Proteobacteria;c__Gammaproteobacteria;o__Enterobacteriales;f__Enterobacteriaceae",0.999474325,"Higher in HC",NA,NA
20.8583417737376,-0.65531972453006,0.238051230042288,-2.75285166312162,0.00590786581468668,0.13236274645489,"640d82ed558b9a05847734686c4d1a2d","k__Bacteria;p__Firmicutes;c__Clostridia;o__Clostridiales;f__Lachnospiraceae;g__Lachnospira",0.993542203,"Higher in HC","g__Lachnospira",NA
12.2721102718137,-0.965589171800443,0.350637952298467,-2.75380678409427,0.00589065331241384,0.13236274645489,"fce857265cef46931625b20d5e59c4c4","k__Bacteria;p__Bacteroidetes;c__Bacteroidia;o__Bacteroidales;f__Bacteroidaceae;g__Bacteroides;s__Bacteroides massiliensis B84634 = Timone 84634 = DSM 17679 = JCM 13223",0.971814297,"Higher in HC","g__Bacteroides","s__Bacteroides massiliensis B84634 = Timone 84634 = DSM 17679 = JCM 13223"
1.59567754269257,1.82059980863406,0.660263655468501,2.75738304472056,0.0058266052670527,0.13236274645489,"efee1b4923b94c966af34b16e1b09ca0","k__Bacteria;p__Firmicutes;c__Clostridia;o__Clostridiales;f__Lachnospiraceae;g__Tyzzerella 4",0.991951209,"Higher in RA","g__Tyzzerella 4",NA
2.82524480292152,1.59027822870833,0.580688008752177,2.73861041512745,0.00616994383743093,0.136698533464859,"12ad16fd2f72197ea27df597edadd875","k__Bacteria;p__Firmicutes;c__Clostridia;o__Clostridiales;f__Lachnospiraceae;g__uncultured;s__Coprococcus sp. HPP0074",0.949433007,"Higher in RA","g__uncultured","s__Coprococcus sp. HPP0074"
6.74460614922157,1.21379239939246,0.443947358337412,2.73409082540355,0.00625527871995054,0.136788049320628,"d31030c17dce1e6074267c8c7e6a4cf2","k__Bacteria;p__Firmicutes;c__Clostridia;o__Clostridiales;f__Lachnospiraceae;g__Tyzzerella 4",0.992575576,"Higher in RA","g__Tyzzerella 4",NA
0.822436357322209,2.28037136687634,0.83494611465662,2.7311599237924,0.00631118382020953,0.136788049320628,"ad13c4c3a3c513668cc14cdc9477d865","k__Bacteria;p__Firmicutes;c__Clostridia;o__Clostridiales;f__Lachnospiraceae;g__Tyzzerella 4",0.993049999,"Higher in RA","g__Tyzzerella 4",NA
29.902451581001,-1.16325238356498,0.426867559021966,-2.7250896887789,0.00642840219660953,0.13783047290365,"03f4dedd5058d7e01a3160a1bf37ec10","k__Bacteria;p__Bacteroidetes;c__Bacteroidia;o__Bacteroidales;f__Prevotellaceae;g__Prevotella 9",0.999997322,"Higher in HC","g__Prevotella 9",NA
2.62543156886251,-2.24637364798532,0.826805513675169,-2.71693114140003,0.00658903145765056,0.139072494800742,"6e3ff1cab035e92063cf36c3ba6e80b7","k__Bacteria;p__Bacteroidetes;c__Bacteroidia;o__Bacteroidales;f__Bacteroidaceae;g__Bacteroides",1,"Higher in HC","g__Bacteroides",NA
1.09440449656753,-0.977615435579964,0.360067711233106,-2.71508776011038,0.00662582096593304,0.139072494800742,"82bc7c16cc3e7389b052794b8c46d7e8","k__Bacteria;p__Bacteroidetes;c__Bacteroidia;o__Bacteroidales;f__Rikenellaceae;g__Alistipes;s__gut metagenome",0.903964226,"Higher in HC","g__Alistipes","s__gut metagenome"
1.05447020887732,2.63004710582358,0.971463122079305,2.70730514215945,0.00678318780495206,0.140892463365358,"76bafa0236486152d919b1471c44f132","k__Bacteria;p__Firmicutes;c__Clostridia;o__Clostridiales;f__Lachnospiraceae;g__Tyzzerella 4",0.993147418,"Higher in RA","g__Tyzzerella 4",NA
64.0118364046485,-0.294729283066852,0.109020313929287,-2.70343454760201,0.0068626962306537,0.141074394679624,"4064693780be3a4f3996df387e0acfb0","k__Bacteria;p__Firmicutes;c__Clostridia;o__Clostridiales;f__Lachnospiraceae;g__Fusicatenibacter;s__uncultured organism",0.897978538,"Higher in HC","g__Fusicatenibacter","s__uncultured organism"
47.467614200286,-0.445793599674777,0.165201504623257,-2.69848389511591,0.00696561081649731,0.141728856817302,"5c1eb313dad24f6910b2bc4164cae3dd","k__Bacteria;p__Firmicutes;c__Clostridia;o__Clostridiales;f__Lachnospiraceae;g__Agathobacter",0.881326503,"Higher in HC","g__Agathobacter",NA
18.5407650590836,-0.665568774572101,0.247296181576892,-2.69138314359761,0.00711564218153349,0.141885905099778,"d9b953fae09b7724ab350f021351eccf","k__Bacteria;p__Firmicutes;c__Clostridia;o__Clostridiales;f__Lachnospiraceae;g__[Ruminococcus] torques group;s__Ruminococcus torques ATCC 27756",0.947596625,"Higher in HC","g__[Ruminococcus] torques group","s__Ruminococcus torques ATCC 27756"
9.19156534790952,-0.768973729788141,0.285466091008873,-2.69374806328307,0.00706535477492602,0.141885905099778,"fc40745b869466640985ccc723f6a500","k__Bacteria;p__Firmicutes;c__Clostridia;o__Clostridiales;f__Lachnospiraceae;g__Lachnoclostridium",0.991562088,"Higher in HC","g__Lachnoclostridium",NA
46.5166873261835,-0.706371222316722,0.263675328826362,-2.67894317401947,0.00738549265827178,0.144379140790137,"53ff4958c2e1956ed6ff6e0ed4f4c501","k__Bacteria;p__Actinobacteria;c__Actinobacteria;o__Bifidobacteriales;f__Bifidobacteriaceae;g__Bifidobacterium",0.999999006,"Higher in HC","g__Bifidobacterium",NA
44.0512321855954,-0.436507310029354,0.162866331940541,-2.68015681834545,0.0073587677002182,0.144379140790137,"f21366fa5a736d42b5f2b4c8837d7477","k__Bacteria;p__Firmicutes;c__Clostridia;o__Clostridiales;f__Lachnospiraceae;g__Agathobacter",0.884930243,"Higher in HC","g__Agathobacter",NA
22.8923451264954,-0.545926660336541,0.205165884064352,-2.66090370153991,0.00779312421210629,0.149418169989807,"30c0beffd5401824141b0748dbd73b85","k__Bacteria;p__Firmicutes;c__Clostridia;o__Clostridiales;f__Lachnospiraceae;g__Blautia;s__Blautia obeum",0.70803389,"Higher in HC","g__Blautia","s__Blautia obeum"
19.6369059001372,-0.539322003202561,0.202509807363969,-2.66318955226323,0.00774037982335039,0.149418169989807,"06697875d1e381272954604333b874ac","k__Bacteria;p__Firmicutes;c__Clostridia;o__Clostridiales;f__Lachnospiraceae;g__Roseburia",0.968621084,"Higher in HC","g__Roseburia",NA
3.57093042540601,1.38958620273689,0.524716089106102,2.64826299705078,0.00809065566013968,0.153645403679224,"0952c0a4785b8a968403a3d15f83a9fe","k__Bacteria;p__Firmicutes;c__Clostridia;o__Clostridiales;f__Ruminococcaceae;g__Subdoligranulum",0.999998034,"Higher in RA","g__Subdoligranulum",NA
1.80630179055951,1.44564394681638,0.546901097198503,2.64333707542676,0.00820932636434142,0.154428271419781,"4a4660e61bbd7d1f38ad6b3f60ea4458","k__Bacteria;p__Firmicutes;c__Clostridia;o__Clostridiales;f__Ruminococcaceae;g__Subdoligranulum;s__human gut metagenome",0.755193982,"Higher in RA","g__Subdoligranulum","s__human gut metagenome"
0.686340352569603,-2.02430497539703,0.768705354673937,-2.63339517942565,0.00845359249041812,0.157537041363493,"75f470b84b64421aa3f8789b38049e8b","k__Bacteria;p__Firmicutes;c__Clostridia;o__Clostridiales;f__Ruminococcaceae;g__Ruminiclostridium 5;s__Ruminococcus sp. A254.MGS-108",0.995842038,"Higher in HC","g__Ruminiclostridium 5","s__Ruminococcus sp. A254.MGS-108"
16.5897935758559,-0.679240318466758,0.259487779493478,-2.61761968055929,0.00885454317319093,0.159095441877757,"9341b3b2eec5f991687a971bc6bde0b4","k__Bacteria;p__Firmicutes;c__Clostridia;o__Clostridiales;f__Lachnospiraceae;g__[Ruminococcus] torques group;s__Ruminococcus torques ATCC 27756",0.941464218,"Higher in HC","g__[Ruminococcus] torques group","s__Ruminococcus torques ATCC 27756"
10.4733198234126,-0.943204040381276,0.359358346380031,-2.62468939397838,0.00867280436401818,0.159095441877757,"bb0f0d3089153b1d954aacefa69599ac","k__Bacteria;p__Firmicutes;c__Clostridia;o__Clostridiales;f__Lachnospiraceae",0.999989689,"Higher in HC",NA,NA
1.38985672196943,2.12929409090842,0.813468532646712,2.6175494262581,0.00885636612258329,0.159095441877757,"d4cf8287cb2fcd1b1319bfa2db97db14","k__Bacteria;p__Firmicutes;c__Clostridia;o__Clostridiales;f__Lachnospiraceae;g__[Ruminococcus] gnavus group;s__uncultured bacterium",0.720305252,"Higher in RA","g__[Ruminococcus] gnavus group","s__uncultured bacterium"
1.05351184308922,-2.03586861911639,0.776883508679127,-2.62055841882629,0.00877858881284713,0.159095441877757,"020e07a92b8c0bf5795dd4feae417bb2","k__Bacteria;p__Bacteroidetes;c__Bacteroidia;o__Bacteroidales;f__Prevotellaceae;g__Paraprevotella;s__gut metagenome",0.999488816,"Higher in HC","g__Paraprevotella","s__gut metagenome"
1.04084922237065,1.99358264763774,0.762580870755532,2.61425735169908,0.00894216528339745,0.159202478349058,"08a52f4bb04134b32f5e3f8ea684366a","k__Bacteria;p__Firmicutes;c__Bacilli;o__Lactobacillales;f__Lactobacillaceae;g__Lactobacillus;s__Lactobacillus sanfranciscensis TMW 1.1304",0.999357956,"Higher in RA","g__Lactobacillus","s__Lactobacillus sanfranciscensis TMW 1.1304"
1.01865340188503,1.76582225202669,0.68272970570795,2.58641485387784,0.00969801279034936,0.171131305344749,"eeb7fa4fa55973700a9365ab759ee71b","k__Bacteria;p__Firmicutes;c__Bacilli;o__Lactobacillales;f__Streptococcaceae;g__Streptococcus",0.999999991,"Higher in RA","g__Streptococcus",NA
1.50453615529658,1.2626774013222,0.490246162373759,2.57559874657326,0.0100066695694333,0.175028939661843,"a617709f7760101e108107d0a35942a0","k__Bacteria;p__Firmicutes;c__Negativicutes;o__Veillonellales;f__Veillonellaceae;g__Veillonella;s__uncultured Veillonellaceae bacterium",0.90968994,"Higher in RA","g__Veillonella","s__uncultured Veillonellaceae bacterium"
1.35334451100065,-2.85699247166517,1.11526787143686,-2.56170965275307,0.0104158354447975,0.180601529364576,"9f07fcf29857b21708b6bf1b02c6d693","k__Bacteria;p__Bacteroidetes;c__Bacteroidia;o__Bacteroidales;f__Bacteroidaceae;g__Bacteroides",1,"Higher in HC","g__Bacteroides",NA
3.59819085401805,1.09378553259399,0.428974876748701,2.54976594639771,0.0107795260173431,0.18529633516019,"afd5fb9f0fadef03fe2919711af23582","k__Bacteria;p__Firmicutes;c__Clostridia;o__Clostridiales;f__Peptostreptococcaceae;g__Romboutsia",0.803146578,"Higher in RA","g__Romboutsia",NA
45.1466923967738,-0.363951853495059,0.145877522919215,-2.49491385795336,0.0125987711397617,0.211108820610796,"16f28d64152fea0d1c103ef76e90d7b4","k__Bacteria;p__Bacteroidetes;c__Bacteroidia;o__Bacteroidales;f__Rikenellaceae;g__Alistipes;s__uncultured Alistipes sp.",0.971571997,"Higher in HC","g__Alistipes","s__uncultured Alistipes sp."
9.63071251161194,-0.950788130878377,0.38105809774951,-2.49512642952252,0.0125912258414728,0.211108820610796,"79cac05da2163240314acad665d5fb8b","k__Bacteria;p__Firmicutes;c__Clostridia;o__Clostridiales;f__Lachnospiraceae;g__[Eubacterium] ruminantium group;s__gut metagenome",0.976581335,"Higher in HC","g__[Eubacterium] ruminantium group","s__gut metagenome"
2.46746239315161,1.22357320246798,0.489594682528118,2.49915541596534,0.012448970173856,0.211108820610796,"caa68cb500a300a62432c0d305a1500b","k__Bacteria;p__Firmicutes;c__Clostridia;o__Clostridiales;f__Peptostreptococcaceae;g__Romboutsia",0.763713994,"Higher in RA","g__Romboutsia",NA
4.93604148545199,-1.5231830491559,0.612361505287005,-2.48739190168722,0.0128683554307764,0.213829172741401,"13b837915dbf67920788cff695af8087","k__Bacteria;p__Bacteroidetes;c__Bacteroidia;o__Bacteroidales;f__Bacteroidaceae;g__Bacteroides;s__uncultured Bacteroides sp.",0.871989264,"Higher in HC","g__Bacteroides","s__uncultured Bacteroides sp."
3.0036564140109,1.11385595577467,0.448808674219483,2.48180576659256,0.0130718506722138,0.215415456532185,"9e70cdaf2c7796c7024a8888139df1d3","k__Bacteria;p__Firmicutes;c__Clostridia;o__Clostridiales;f__Peptostreptococcaceae;g__Romboutsia",0.781499639,"Higher in RA","g__Romboutsia",NA
7.64208505453757,-1.03363307320194,0.417690375110378,-2.47463943340518,0.0133370748478864,0.217984649562996,"ee555a03c7ed4b5e774aa1d3ac6b1901","k__Bacteria;p__Firmicutes;c__Clostridia;o__Clostridiales;f__Lachnospiraceae;g__Roseburia;s__metagenome",0.970780072,"Higher in HC","g__Roseburia","s__metagenome"
4.93166448649451,-0.9408085568548,0.382114494348907,-2.46211167272748,0.0138121653566301,0.223914290415613,"3d2083a709735ea16aba190fbf8347e8","k__Bacteria;p__Proteobacteria;c__Gammaproteobacteria;o__Betaproteobacteriales;f__Burkholderiaceae;g__Parasutterella;s__uncultured organism",0.968581419,"Higher in HC","g__Parasutterella","s__uncultured organism"
42.9870602377029,-0.347552771290585,0.14186768853041,-2.44983741464207,0.014292073282146,0.229825759069348,"2a176dca3e322357b2a426b824848e5a","k__Bacteria;p__Firmicutes;c__Clostridia;o__Clostridiales;f__Ruminococcaceae;g__Faecalibacterium",0.999965113,"Higher in HC","g__Faecalibacterium",NA
37.4375869566791,-0.819531528077696,0.335132714326555,-2.4453939977914,0.0144693975983467,0.230815830488827,"c6f7d98ac95b9e30e68a323b10ebb3c0","k__Bacteria;p__Firmicutes;c__Negativicutes;o__Selenomonadales;f__Selenomonadaceae;g__Megamonas;s__uncultured bacterium",0.972080512,"Higher in HC","g__Megamonas","s__uncultured bacterium"
35.9320009379208,-0.362446580994473,0.148814676008168,-2.43555669855156,0.0148688941576729,0.235306150399998,"174f39fb9d844ae463c294c374f2e839","k__Bacteria;p__Firmicutes;c__Clostridia;o__Clostridiales;f__Ruminococcaceae;g__Faecalibacterium",0.999992694,"Higher in HC","g__Faecalibacterium",NA
69.4776682197343,0.444352311124296,0.183842618020641,2.41702558366747,0.0156479172600874,0.236378386489502,"219ef0e32a1667bc172cadc97c0c93bf","k__Bacteria;p__Actinobacteria;c__Actinobacteria;o__Bifidobacteriales;f__Bifidobacteriaceae;g__Bifidobacterium",0.999979315,"Higher in RA","g__Bifidobacterium",NA
38.9163003945461,-0.560838317329508,0.231793910462244,-2.4195558727625,0.0155394732764758,0.236378386489502,"2f0b2284c5ff968c79bf4161d80c74a4","k__Bacteria;p__Bacteroidetes;c__Bacteroidia;o__Bacteroidales;f__Bacteroidaceae;g__Bacteroides",0.999999999,"Higher in HC","g__Bacteroides",NA
24.9062570094382,-0.514045471132541,0.211917674601406,-2.42568474809571,0.0152795365539139,0.236378386489502,"59166ec01f44e381c6992b2d54d403ef","k__Bacteria;p__Firmicutes;c__Clostridia;o__Clostridiales;f__Ruminococcaceae;g__Faecalibacterium;s__human gut metagenome",0.758004656,"Higher in HC","g__Faecalibacterium","s__human gut metagenome"
1.62701712853735,1.54558323695776,0.637060020217921,2.42611871394638,0.0152612772468287,0.236378386489502,"cd6b87fe3bc8ae007d29896ceb257de9","k__Bacteria;p__Firmicutes;c__Clostridia;o__Clostridiales;f__Lachnospiraceae;g__Tyzzerella 4",0.992676709,"Higher in RA","g__Tyzzerella 4",NA
1.0455531506825,1.49450647893023,0.617647570142378,2.41967515323621,0.0155343774764467,0.236378386489502,"38297ab1f878ff78298df0375961438f","k__Bacteria;p__Firmicutes;c__Bacilli;o__Lactobacillales;f__Streptococcaceae;g__Streptococcus",0.999999961,"Higher in RA","g__Streptococcus",NA
1.00486424993456,1.48033177164268,0.611390256972457,2.42125508995373,0.0154670193521712,0.236378386489502,"60bb5babdeba9f7724916cff8668a977","k__Bacteria;p__Firmicutes;c__Negativicutes;o__Veillonellales;f__Veillonellaceae;g__Veillonella",0.999999991,"Higher in RA","g__Veillonella",NA
3.03593886593317,1.12723528857149,0.468469559282544,2.40620818628609,0.0161190760230456,0.239861474551887,"e135bad3658ab396ae77fd05faee8e8f","k__Bacteria;p__Firmicutes;c__Clostridia;o__Clostridiales;f__Peptostreptococcaceae;g__Romboutsia",0.802547123,"Higher in RA","g__Romboutsia",NA
0.908368517911075,-2.32136282347669,0.964206277441264,-2.40753755476157,0.0160605102896717,0.239861474551887,"03d547c3c5ae517a1b5148f3f6c29041","k__Bacteria;p__Firmicutes;c__Clostridia;o__Clostridiales;f__Lachnospiraceae;g__Lachnospiraceae UCG-001;s__metagenome",0.861207037,"Higher in HC","g__Lachnospiraceae UCG-001","s__metagenome"
1.5810112023758,1.86769561633631,0.784819673375802,2.37977675598097,0.0173231292817681,0.255869035465524,"526889b0fc7d50e8c9da0af59530b2fb","k__Bacteria;p__Firmicutes;c__Clostridia;o__Clostridiales;f__Lachnospiraceae;g__Blautia",0.95802043,"Higher in RA","g__Blautia",NA
1.23570660586306,0.555806580945548,0.236041349131396,2.35470006840263,0.0185376615651405,0.271794832065369,"2b9bb58e6f2286535677f1500b6ca4ba","k__Bacteria;p__Firmicutes;c__Bacilli;o__Lactobacillales;f__Carnobacteriaceae;g__Granulicatella",0.960742088,"Higher in RA","g__Granulicatella",NA
14.9562031352637,-0.787607354878126,0.337478954265742,-2.33379695214398,0.0196063564824747,0.285365509679231,"f2b9f486b41cb8dc5d041308f5da02ce","k__Bacteria;p__Proteobacteria;c__Gammaproteobacteria;o__Enterobacteriales;f__Enterobacteriaceae;g__Klebsiella",0.892083587,"Higher in HC","g__Klebsiella",NA
10.341785175224,-0.632120525292612,0.271177198551884,-2.33102387910269,0.0197521005734217,0.285403540169586,"97dcc17d3b26942f459721c79b7c596e","k__Bacteria;p__Firmicutes;c__Clostridia;o__Clostridiales;f__Lachnospiraceae;g__Dorea;s__Dorea formicigenerans ATCC 27755",0.992809922,"Higher in HC","g__Dorea","s__Dorea formicigenerans ATCC 27755"
9.176630527679,-0.643307716484066,0.277342328783402,-2.31954393440777,0.0203655618083338,0.29215057730804,"cd548f074d4d44c9fedd57d6f42ac636","k__Bacteria;p__Firmicutes;c__Clostridia;o__Clostridiales;f__Lachnospiraceae;g__Lachnoclostridium",0.992444278,"Higher in HC","g__Lachnoclostridium",NA
0.658720250469684,2.37446554527875,1.02616233079029,2.31392780073117,0.0206716828531476,0.29442382577983,"44410831384e98a65a07ec74d39516b6","k__Bacteria;p__Firmicutes;c__Bacilli;o__Lactobacillales;f__Lactobacillaceae;g__Lactobacillus;s__Lactobacillus fermentum",0.779543811,"Higher in RA","g__Lactobacillus","s__Lactobacillus fermentum"
3.94370213644775,-0.871922050255049,0.378165997554865,-2.30565956720778,0.0211296620353059,0.296708071115493,"848bf48b5ecc059c3d940dd3b9b795b5","k__Bacteria;p__Firmicutes;c__Clostridia;o__Clostridiales;f__Ruminococcaceae;g__Butyricicoccus;s__uncultured bacterium",0.898645486,"Higher in HC","g__Butyricicoccus","s__uncultured bacterium"
2.29995884861993,1.13588294944865,0.49221338572182,2.30770430548714,0.0210155884526737,0.296708071115493,"125de2f33416bd408812c1bb1899bb9a","k__Bacteria;p__Firmicutes;c__Clostridia;o__Clostridiales;f__Ruminococcaceae;g__Subdoligranulum",0.999996954,"Higher in RA","g__Subdoligranulum",NA
4.76740803134065,-0.603093840198056,0.262423882375714,-2.2981667473946,0.0215523004890094,0.300526483741851,"55b8fa4e6b96f962a90368f178d4af45","k__Bacteria;p__Firmicutes;c__Clostridia;o__Clostridiales;f__Ruminococcaceae;g__Oscillibacter;s__gut metagenome",0.958546298,"Higher in HC","g__Oscillibacter","s__gut metagenome"
3.90388280623494,-0.695907924958953,0.304705874927704,-2.28386776304877,0.0223793037182988,0.305746481619989,"6a1077e1ac01e65dab957fb56cb77f8b","k__Bacteria;p__Firmicutes;c__Clostridia;o__Clostridiales;f__Lachnospiraceae;g__Coprococcus 1;s__uncultured organism",0.700500418,"Higher in HC","g__Coprococcus 1","s__uncultured organism"
1.46755925223551,-2.99547948361695,1.31165362785735,-2.28374276561886,0.022386653117612,0.305746481619989,"380c591cfd360848c1d5de1345b782dd","k__Bacteria;p__Firmicutes;c__Negativicutes;o__Veillonellales;f__Veillonellaceae;g__Dialister;s__gut metagenome",0.998696386,"Higher in HC","g__Dialister","s__gut metagenome"
0.873215148674725,-1.86597972598575,0.8161688250804,-2.28626684657054,0.0222386521840049,0.305746481619989,"d3ae3607e5f04f28233236f772f1274a","k__Bacteria;p__Bacteroidetes;c__Bacteroidia;o__Bacteroidales;f__Barnesiellaceae;g__Barnesiella",1,"Higher in HC","g__Barnesiella",NA
14.0980072368445,-0.6119739621449,0.268578881516472,-2.27856322391963,0.0226930421707242,0.307822626451864,"ee3be3bb908caf6ff9e47e7501c23d1c","k__Bacteria;p__Firmicutes;c__Clostridia;o__Clostridiales;f__Lachnospiraceae;g__[Eubacterium] ventriosum group;s__human gut metagenome",0.93140667,"Higher in HC","g__[Eubacterium] ventriosum group","s__human gut metagenome"
20.6242224877087,-0.465763201533508,0.206902668866085,-2.25112225031262,0.0243777955233017,0.327386486767927,"8f3c683943dce115e945231b88bd98f6","k__Bacteria;p__Firmicutes;c__Clostridia;o__Clostridiales;f__Lachnospiraceae;g__Roseburia",0.964288531,"Higher in HC","g__Roseburia",NA
9.14382759347109,-0.91873723884768,0.409304991332791,-2.24462749857035,0.0247920559187347,0.327386486767927,"231f09c1b96b1c72e7e40532588d11d0","k__Bacteria;p__Firmicutes;c__Clostridia;o__Clostridiales;f__Lachnospiraceae;g__Roseburia;s__metagenome",0.971336158,"Higher in HC","g__Roseburia","s__metagenome"
2.500826766286,-0.922293976880598,0.410432997755126,-2.24712433436178,0.024632082141823,0.327386486767927,"7dcb872f6e7660bd79693f077f3ae510","k__Bacteria;p__Firmicutes;c__Clostridia;o__Clostridiales;f__Ruminococcaceae;g__Ruminococcaceae UCG-003;s__uncultured organism",0.837190256,"Higher in HC","g__Ruminococcaceae UCG-003","s__uncultured organism"
2.21763041693685,1.18633424675725,0.52786875267498,2.24740381154499,0.0246142316437928,0.327386486767927,"6e5bb5cee8e3691fa0e0e84d280a882c","k__Bacteria;p__Firmicutes;c__Clostridia;o__Clostridiales;f__Ruminococcaceae;g__Subdoligranulum;s__human gut metagenome",0.741873531,"Higher in RA","g__Subdoligranulum","s__human gut metagenome"
11.399171587612,-0.986889629074155,0.440478720130403,-2.24049331777478,0.0250589141097671,0.328733386413655,"29918d0e19df3b1d7a025d176eeb8b37","k__Bacteria;p__Firmicutes;c__Clostridia;o__Clostridiales;f__Lachnospiraceae;g__Roseburia;s__uncultured Roseburia sp.",0.99525906,"Higher in HC","g__Roseburia","s__uncultured Roseburia sp."
3.3419913881447,-1.36339734949047,0.611243551623921,-2.2305304421916,0.0257122487862392,0.334951257743158,"c0487c8d039445a1f90cb510415d8eb9","k__Bacteria;p__Firmicutes;c__Negativicutes;o__Veillonellales;f__Veillonellaceae;g__Megasphaera;s__uncultured bacterium",0.76888649,"Higher in HC","g__Megasphaera","s__uncultured bacterium"
0.774796888102818,2.52743467216242,1.13430712252901,2.22817491133032,0.0258688534064425,0.334951257743158,"62dffa16830cfeeb500e85a55bb7a9dd","k__Bacteria;p__Firmicutes;c__Clostridia;o__Clostridiales;f__Lachnospiraceae;g__[Ruminococcus] gnavus group",0.915870299,"Higher in RA","g__[Ruminococcus] gnavus group",NA
0.53087520209104,-1.14706838103141,0.517560490546197,-2.21629819505904,0.0266710865685451,0.343110623339864,"8f3c47664877082bbb0af53b90599a79","k__Bacteria;p__Firmicutes;c__Clostridia;o__Clostridiales;f__Ruminococcaceae;g__Oscillibacter;s__human gut metagenome",0.999582245,"Higher in HC","g__Oscillibacter","s__human gut metagenome"
7.74410681887292,-0.686875513228124,0.31248491064902,-2.1981077799933,0.0279414262400626,0.357148743094134,"818b0a2dfee6e1bdfb636ef21e21a860","k__Bacteria;p__Firmicutes;c__Clostridia;o__Clostridiales;f__Ruminococcaceae;g__Ruminococcaceae NK4A214 group;s__gut metagenome",0.997480005,"Higher in HC","g__Ruminococcaceae NK4A214 group","s__gut metagenome"
21.2756391337159,-0.479061643572053,0.219396111040587,-2.18354665130518,0.0289955773735906,0.367474445182074,"f86c2f3f678bacb1c57a3e4c02764daf","k__Bacteria;p__Firmicutes;c__Clostridia;o__Clostridiales;f__Ruminococcaceae;g__Subdoligranulum;s__human gut metagenome",0.725350167,"Higher in HC","g__Subdoligranulum","s__human gut metagenome"
3.80845741640183,1.16573890198205,0.534280015807495,2.18188752618828,0.0291178346734041,0.367474445182074,"5c9a116265c6202fb1abaeceb975708d","k__Bacteria;p__Firmicutes;c__Clostridia;o__Clostridiales;f__Ruminococcaceae;g__Subdoligranulum",0.99999729,"Higher in RA","g__Subdoligranulum",NA
5.45038389294914,-0.485340036003585,0.222768709707268,-2.17867238465111,0.0293560146475505,0.368150271743495,"874ac489ea7848024227e92a67e9b39e","k__Bacteria;p__Bacteroidetes;c__Bacteroidia;o__Bacteroidales;f__Marinifilaceae;g__Odoribacter;s__gut metagenome",0.999589801,"Higher in HC","g__Odoribacter","s__gut metagenome"
4.31364201947749,-1.77635546750756,0.819218570489482,-2.1683535157732,0.0301317995744488,0.375517552196568,"d74e5600ba307f2b6d7186d00cc71629","k__Bacteria;p__Firmicutes;c__Clostridia;o__Clostridiales;f__Lachnospiraceae",0.999997944,"Higher in HC",NA,NA
89.5096665405612,0.349672439943187,0.162207381650913,2.15571225171317,0.0311061409054873,0.379414709384458,"209e4913277ee39e429bd8b90676f3e2","k__Bacteria;p__Actinobacteria;c__Actinobacteria;o__Bifidobacteriales;f__Bifidobacteriaceae;g__Bifidobacterium",0.999979315,"Higher in RA","g__Bifidobacterium",NA
4.83334355797496,-1.12956826623626,0.52386517965979,-2.15621940547724,0.0310665369658451,0.379414709384458,"7e3a82c498b98e2d70fd8ef27eced13d","k__Bacteria;p__Bacteroidetes;c__Bacteroidia;o__Bacteroidales;f__Bacteroidaceae;g__Bacteroides;s__Bacteroides eggerthii DSM 20697",0.898810127,"Higher in HC","g__Bacteroides","s__Bacteroides eggerthii DSM 20697"
4.5094067344676,-1.08918847172861,0.505555080583043,-2.15444075939753,0.0312056230386415,0.379414709384458,"3c176b2ee1c3e7f7136b976aeee5452f","k__Bacteria;p__Firmicutes;c__Clostridia;o__Clostridiales;f__Ruminococcaceae;g__Ruminococcus 1;s__metagenome",0.995249182,"Higher in HC","g__Ruminococcus 1","s__metagenome"
2.81873830384432,-1.13903133409752,0.528016911422314,-2.15718722157843,0.0309910797144146,0.379414709384458,"ad8110fcee3c44d14e44542c7d29f38d","k__Bacteria;p__Firmicutes;c__Clostridia;o__Clostridiales;f__Lachnospiraceae;g__[Eubacterium] ventriosum group;s__uncultured bacterium",0.964007931,"Higher in HC","g__[Eubacterium] ventriosum group","s__uncultured bacterium"
0.7321320789149,1.88963829561377,0.879377694590017,2.14883582701601,0.0316474162819817,0.382454230704675,"10cbbc2f06f3cde51f701d919bc7197a","k__Bacteria;p__Firmicutes;c__Clostridia;o__Clostridiales;f__Lachnospiraceae;g__Tyzzerella 4",0.992627056,"Higher in RA","g__Tyzzerella 4",NA
27.3077010545733,-0.399091554538514,0.186988684390405,-2.13430858578196,0.0328175289220613,0.389512813515418,"ca9d850cf239e1631463570f492a7c01","k__Bacteria;p__Firmicutes;c__Clostridia;o__Clostridiales;f__Ruminococcaceae;g__Faecalibacterium;s__human gut metagenome",0.752615597,"Higher in HC","g__Faecalibacterium","s__human gut metagenome"
11.5417554152156,-0.520920534872226,0.243573045472871,-2.13866248566591,0.0324630129188002,0.389512813515418,"7e33bd8e97f06de4f69e3cba339a6e70","k__Bacteria;p__Proteobacteria;c__Gammaproteobacteria;o__Betaproteobacteriales;f__Burkholderiaceae;g__Parasutterella;s__uncultured organism",0.818133623,"Higher in HC","g__Parasutterella","s__uncultured organism"
3.85653941035278,-0.849730998754846,0.397996732654278,-2.13502003669204,0.0327593734904384,0.389512813515418,"2b8bb5ec77228e5f47a2a96272d72020","k__Bacteria;p__Firmicutes;c__Clostridia;o__Clostridiales;f__Lachnospiraceae;g__Marvinbryantia",0.973979313,"Higher in HC","g__Marvinbryantia",NA
3.84354826843929,0.875311202216441,0.414441840596006,2.1120242129937,0.0346843725541095,0.404448180543242,"a74e7b01bbb4a7950f03609c9ab19c36","k__Bacteria;p__Firmicutes;c__Clostridia;o__Clostridiales;f__Ruminococcaceae;g__Ruminococcus 2",0.998066755,"Higher in RA","g__Ruminococcus 2",NA
1.40079558526605,1.34622637355133,0.636718085420368,2.11432092848837,0.0344878660387794,0.404448180543242,"c78017b16c0b8cc355e72e003399da45","k__Bacteria;p__Firmicutes;c__Clostridia;o__Clostridiales;f__Clostridiaceae 1;g__Clostridium sensu stricto 1",0.99982735,"Higher in RA","g__Clostridium sensu stricto 1",NA
1.65697668359003,-0.982507831128495,0.464546830216688,-2.11498124025559,0.0344315462363316,0.404448180543242,"8a3bd20c603cd729dc341b065192cefa","k__Bacteria;p__Firmicutes;c__Clostridia;o__Clostridiales;f__Ruminococcaceae;g__Ruminococcaceae NK4A214 group;s__gut metagenome",0.964346773,"Higher in HC","g__Ruminococcaceae NK4A214 group","s__gut metagenome"
1.95630630924329,-1.36970878554772,0.650536227752299,-2.10550731398967,0.0352471713316631,0.408621276949629,"022c7d6436ce58c723f070237a6dfed9","k__Bacteria;p__Proteobacteria;c__Gammaproteobacteria;o__Enterobacteriales;f__Enterobacteriaceae",0.999993871,"Higher in HC",NA,NA
15.558117531633,-0.516555847876751,0.246585660189201,-2.09483328219657,0.0361858153816075,0.412198642067706,"1ee61f15b8c5b8f635f12a474462522c","k__Bacteria;p__Firmicutes;c__Clostridia;o__Clostridiales;f__Lachnospiraceae;g__Coprococcus 3",0.784378109,"Higher in HC","g__Coprococcus 3",NA
4.00786224743348,0.919805602659839,0.438485143752455,2.09768931915995,0.0359325990101551,0.412198642067706,"c077f887c7cfc77c6fd01b8102d211bc","k__Bacteria;p__Firmicutes;c__Clostridia;o__Clostridiales;f__Ruminococcaceae;g__Ruminococcus 2;s__uncultured bacterium",0.738016538,"Higher in RA","g__Ruminococcus 2","s__uncultured bacterium"
3.0985552768494,-0.721917092130068,0.34498155924754,-2.09262516438468,0.0363826283871195,0.412198642067706,"29e1d6d72e2aea1110aae8b9d86f191a","k__Bacteria;p__Firmicutes;c__Clostridia;o__Clostridiales;f__Lachnospiraceae;g__Coprococcus 1",0.99999691,"Higher in HC","g__Coprococcus 1",NA
3.23917131335578,-1.16834039749711,0.557984584669035,-2.09385784051741,0.0362726458422444,0.412198642067706,"f98aa5ead5fd28a41a040d2bfc6bb589","k__Bacteria;p__Firmicutes;c__Clostridia;o__Clostridiales;f__Lachnospiraceae",0.99783578,"Higher in HC",NA,NA
8.10064524148402,-0.858173581170124,0.410994962874733,-2.08803917003646,0.0367943014700894,0.413823135210392,"0f200fe85e9a4094ae36b1e29ce37bac","k__Bacteria;p__Firmicutes;c__Clostridia;o__Clostridiales;f__Lachnospiraceae;g__Coprococcus 2;s__uncultured bacterium",0.988626761,"Higher in HC","g__Coprococcus 2","s__uncultured bacterium"
0.621960441854535,1.71367524762389,0.821349330835644,2.0864146146931,0.0369410822805666,0.413823135210392,"42457fd519d3d06ff77e320b2716b699","k__Bacteria;p__Firmicutes;c__Bacilli;o__Lactobacillales;f__Streptococcaceae;g__Streptococcus",0.999999936,"Higher in RA","g__Streptococcus",NA
4.94122103113309,-0.842311897069163,0.404295586529036,-2.08340611457224,0.0372142213917306,0.414553952263189,"5c1bf67dc5cdf768c72be90014fe183f","k__Bacteria;p__Firmicutes;c__Clostridia;o__Clostridiales;f__Lachnospiraceae;g__[Ruminococcus] torques group",0.98383942,"Higher in HC","g__[Ruminococcus] torques group",NA
2.67366923287644,-1.2334094443223,0.593792608796234,-2.0771721069798,0.0377856772956173,0.418581336263672,"a62aa55f7973dfb06c28868b08051c44","k__Bacteria;p__Firmicutes;c__Clostridia;o__Clostridiales;f__Lachnospiraceae",0.997807694,"Higher in HC",NA,NA
3.24577392311661,-1.38676011577388,0.671410726434776,-2.06544230107501,0.038881169603966,0.425983803243451,"75a742f7d2f47f0c5fbaa300b06bd07d","k__Bacteria;p__Firmicutes;c__Clostridia;o__Clostridiales;f__Lachnospiraceae;g__[Ruminococcus] torques group",0.978535111,"Higher in HC","g__[Ruminococcus] torques group",NA
1.61985469253614,1.59672064882575,0.772635239250938,2.06659050443228,0.0387727563185865,0.425983803243451,"48d80ec66a677007b1c81338708e6845","k__Bacteria;p__Firmicutes;c__Clostridia;o__Clostridiales;f__Lachnospiraceae;g__Anaerostipes",0.999882449,"Higher in RA","g__Anaerostipes",NA
1.07085303054585,-1.51238010720355,0.735481888392478,-2.05631182911808,0.0397524688232443,0.433149851549449,"de0dc24ea6551a7911cf26266d77b1ef","k__Bacteria;p__Firmicutes;c__Clostridia;o__Clostridiales;f__Ruminococcaceae;g__Ruminococcaceae UCG-002",0.999931438,"Higher in HC","g__Ruminococcaceae UCG-002",NA
2.35906280782359,1.035190130624,0.50641489767523,2.0441541814354,0.0409383179716388,0.443646771931782,"6c27fc53bae82ffd72bd91263ffc2163","k__Bacteria;p__Firmicutes;c__Clostridia;o__Clostridiales;f__Ruminococcaceae;g__Subdoligranulum",0.999996706,"Higher in RA","g__Subdoligranulum",NA
5.51444414455008,0.804356004041484,0.394643386973177,2.03818442318445,0.0415314926959965,0.447633653305873,"10efa101bc59ae0be1a2017e77fb7f40","k__Bacteria;p__Firmicutes;c__Clostridia;o__Clostridiales;f__Ruminococcaceae;g__Faecalibacterium;s__human gut metagenome",0.739353617,"Higher in RA","g__Faecalibacterium","s__human gut metagenome"
3.56817075076339,0.923496476210561,0.453594468867227,2.03595180187455,0.0417551953434766,0.447633653305873,"d6e593f4f3ef39cf65add30e8f914060","k__Bacteria;p__Firmicutes;c__Clostridia;o__Clostridiales;f__Ruminococcaceae;g__Ruminococcus 2",0.998718731,"Higher in RA","g__Ruminococcus 2",NA
1.41362317844594,-2.30291072350883,1.13398690878954,-2.0308089146876,0.0422743823667772,0.44837828957103,"36ac849cc5f1c6bfc533e8360fbf90de","k__Bacteria;p__Firmicutes;c__Bacilli;o__Lactobacillales;f__Lactobacillaceae;g__Lactobacillus;s__Lactobacillus sp. C33LV5",0.965749128,"Higher in HC","g__Lactobacillus","s__Lactobacillus sp. C33LV5"
2.79721473750384,-0.979124272862082,0.482032703906286,-2.03124033893857,0.042230620181214,0.44837828957103,"237527f999d8bdd224b6dc920df16aa1","k__Bacteria;p__Firmicutes;c__Clostridia;o__Clostridiales;f__Ruminococcaceae;g__Ruminococcaceae NK4A214 group;s__gut metagenome",0.95544879,"Higher in HC","g__Ruminococcaceae NK4A214 group","s__gut metagenome"
3.71495545513913,0.978940340726823,0.483610717356444,2.02423210568615,0.0429462756322657,0.453094569368983,"17cd0b0c898530f60768823557c899b0","k__Bacteria;p__Bacteroidetes;c__Bacteroidia;o__Bacteroidales;f__Bacteroidaceae;g__Bacteroides;s__Bacteroides ovatus V975",0.739139715,"Higher in RA","g__Bacteroides","s__Bacteroides ovatus V975"
0.96015291865429,-1.78801611231843,0.884719370868992,-2.02099803756099,0.0432799682408491,0.454211877222385,"a7835add8e95cbd79d2cdd012a89ce37","k__Bacteria;p__Proteobacteria;c__Gammaproteobacteria;o__Enterobacteriales;f__Enterobacteriaceae;g__Enterobacter",0.727981695,"Higher in HC","g__Enterobacter",NA
10.7977309473412,-0.686379440888013,0.341732085571927,-2.00853086340804,0.0445869097565967,0.465478000286146,"2fd16109c0826c3f3443ec980140c88a","k__Bacteria;p__Firmicutes;c__Clostridia;o__Clostridiales;f__Lachnospiraceae;g__Lachnospiraceae UCG-006;s__uncultured organism",0.898080487,"Higher in HC","g__Lachnospiraceae UCG-006","s__uncultured organism"
0.799782485959688,-2.10338709693521,1.04908538642201,-2.00497225884441,0.0449660128191747,0.466990778965803,"3985205c06f942c9908272188540ccde","k__Bacteria;p__Proteobacteria;c__Gammaproteobacteria;o__Enterobacteriales;f__Enterobacteriaceae;g__Enterobacter",0.812935368,"Higher in HC","g__Enterobacter",NA
0.448037702738317,-1.60916865761461,0.80362754988832,-2.00238115012139,0.0452437542189518,0.467440652396838,"ab3f3df53a313734b463cc48f34604b7","k__Bacteria;p__Firmicutes;c__Clostridia;o__Clostridiales;f__Ruminococcaceae;g__Ruminiclostridium 5;s__gut metagenome",0.999999317,"Higher in HC","g__Ruminiclostridium 5","s__gut metagenome"
0.503270077442442,-0.852668580641861,0.431813671334612,-1.97462154916612,0.0483111117292557,0.49655854014503,"2dcd072223a8b5de17e200ab371b792b","k__Bacteria;p__Firmicutes;c__Clostridia;o__Clostridiales;f__Ruminococcaceae;g__Ruminiclostridium 9;s__Anaerostipes hadrus",0.99590667,"Higher in HC","g__Ruminiclostridium 9","s__Anaerostipes hadrus"
0.903690846563049,-1.40289266610867,0.712389557421013,-1.96927741499666,0.048921243240574,0.500251071906177,"8cf553ab079b1399a01eacb5a12a6c87","k__Bacteria;p__Bacteroidetes;c__Bacteroidia;o__Bacteroidales;f__Barnesiellaceae;g__Coprobacter;s__uncultured organism",0.918011788,"Higher in HC","g__Coprobacter","s__uncultured organism"
2.82521835379154,-1.19963464124364,0.609851448981744,-1.96709320482332,0.0491724665134207,0.500254582794698,"a170dbacb82d7e03b5dd1d3690bb7c2e","k__Bacteria;p__Firmicutes;c__Clostridia;o__Clostridiales;f__Lachnospiraceae;g__[Ruminococcus] gauvreauii group;s__unidentified",0.959614818,"Higher in HC","g__[Ruminococcus] gauvreauii group","s__unidentified"
25.2059106392342,-0.88500965277569,0.45141967828121,-1.96050304263514,0.049937022701759,0.505453925214759,"ce5d1dc926196ee245193f812f264268","k__Bacteria;p__Bacteroidetes;c__Bacteroidia;o__Bacteroidales;f__Prevotellaceae;g__Prevotella 9",0.99999487,"Higher in HC","g__Prevotella 9",NA
10.402949426354,-0.614153087051595,0.314842868566869,-1.95066539015844,0.0510968630161957,0.514581539668153,"87c8ae112b77387a4d2d4fe971e5bfc9","k__Bacteria;p__Firmicutes;c__Clostridia;o__Clostridiales;f__Lachnospiraceae;g__Roseburia",0.939312921,"Higher in HC","g__Roseburia",NA
14.3020084793184,0.374883010863422,0.192760561793578,1.94481177775812,0.0517976360741222,0.516422431658998,"54057860cb01876a91aee338335af303","k__Bacteria;p__Firmicutes;c__Clostridia;o__Clostridiales;f__Lachnospiraceae;g__Blautia",0.980439369,"Higher in RA","g__Blautia",NA
0.864171693631797,-2.2770545911992,1.17073680571949,-1.94497565983656,0.0517779078561143,0.516422431658998,"938b2891c95f0367899a516d123de281","k__Bacteria;p__Firmicutes;c__Clostridia;o__Clostridiales;f__Lachnospiraceae",0.999985139,"Higher in HC",NA,NA
1.11923297482648,1.37171010462529,0.70647380387096,1.94162911223222,0.0521820159449161,0.517666367135137,"38dc69b2779d1c3b113ee8b84b05badf","k__Bacteria;p__Firmicutes;c__Bacilli;o__Lactobacillales;f__Streptococcaceae;g__Streptococcus",0.999998847,"Higher in RA","g__Streptococcus",NA
5.39074259269964,-1.15116800848671,0.595578152372593,-1.93285802022929,0.053253690541575,0.523092901181776,"0c12c02f8c03c3ca4197d81fdc19e1b6","k__Bacteria;p__Bacteroidetes;c__Bacteroidia;o__Bacteroidales;f__Bacteroidaceae;g__Bacteroides;s__Bacteroides massiliensis B84634 = Timone 84634 = DSM 17679 = JCM 13223",0.97593068,"Higher in HC","g__Bacteroides","s__Bacteroides massiliensis B84634 = Timone 84634 = DSM 17679 = JCM 13223"
1.70443735089497,-2.50905906682969,1.29722122149028,-1.93417978773676,0.053091026608631,0.523092901181776,"995b3737b34318987ac1e3156124abe4","k__Bacteria;p__Firmicutes;c__Negativicutes;o__Veillonellales;f__Veillonellaceae;g__Dialister;s__Dialister succinatiphilus YIT 11850",0.918808461,"Higher in HC","g__Dialister","s__Dialister succinatiphilus YIT 11850"
1.5345405690223,1.48239644093875,0.769434312702011,1.92660558083645,0.0540288026249603,0.528105060951817,"f91e2a0395dac82b5f8de1e96e499f52","k__Bacteria;p__Firmicutes;c__Clostridia;o__Clostridiales;f__Lachnospiraceae;g__Blautia",0.956371245,"Higher in RA","g__Blautia",NA
0.534366761478155,-2.44309273437324,1.2738690623244,-1.91785231828724,0.0551297396710996,0.536237565386208,"6b41d873f133f8553f87c24f2cca249b","k__Bacteria;p__Proteobacteria;c__Gammaproteobacteria;o__Enterobacteriales;f__Enterobacteriaceae;g__Escherichia-Shigella;s__Streptomyces sp. Q1",0.95682267,"Higher in HC","g__Escherichia-Shigella","s__Streptomyces sp. Q1"
1.03416296688324,1.60864106246666,0.840926335294817,1.91293933243593,0.0557558195091454,0.539694680103087,"b7b7a6147f3de8b9e96c9e68d222490d","k__Bacteria;p__Firmicutes;c__Clostridia;o__Clostridiales;f__Ruminococcaceae;g__Ruminococcus 2",0.999790291,"Higher in RA","g__Ruminococcus 2",NA
1.82554190978735,1.36287661824678,0.713352258245796,1.910524011795,0.0560657777642345,0.540073240878665,"69da467b46a4990e5cee9cf64f9f2c6b","k__Bacteria;p__Firmicutes;c__Clostridia;o__Clostridiales;f__Lachnospiraceae;g__Anaerostipes",0.999896769,"Higher in RA","g__Anaerostipes",NA
12.3672757576134,-0.697089220906269,0.365758646401302,-1.90587215849831,0.0566667940550499,0.540639173903203,"2c1dbae84212002e55eec08b7b1744b0","k__Bacteria;p__Firmicutes;c__Clostridia;o__Clostridiales;f__Lachnospiraceae;g__Lachnospiraceae NK4A136 group;s__gut metagenome",0.782604501,"Higher in HC","g__Lachnospiraceae NK4A136 group","s__gut metagenome"
2.46827828460371,-1.19742982299628,0.627695518116251,-1.90766030413891,0.0564351354692254,0.540639173903203,"6b5e63b8247961642f8e1e63f3fe29b0","k__Bacteria;p__Firmicutes;c__Clostridia;o__Clostridiales;f__Ruminococcaceae;g__Ruminococcaceae UCG-014;s__gut metagenome",0.933006753,"Higher in HC","g__Ruminococcaceae UCG-014","s__gut metagenome"
3.1859222527366,0.836103339240543,0.439913491368556,1.90060854155542,0.0573533058873383,0.544583294949297,"3f891541ce7812204474b6c860f408f0","k__Bacteria;p__Firmicutes;c__Clostridia;o__Clostridiales;f__Ruminococcaceae;g__Ruminococcus 2",0.998323278,"Higher in RA","g__Ruminococcus 2",NA
19.2909396186479,-0.454988254164226,0.240854182020744,-1.88906105074414,0.0588836486753374,0.553839601219919,"5d6426d182c2527013f92364b59d23e1","k__Bacteria;p__Firmicutes;c__Clostridia;o__Clostridiales;f__Lachnospiraceae;g__Lachnospira",0.994153662,"Higher in HC","g__Lachnospira",NA
2.87172537796928,-0.595026946328294,0.314757021868864,-1.89043263529224,0.0587001221446453,0.553839601219919,"9ddd4da2dde48dd006075780b39d0d6b","k__Bacteria;p__Bacteroidetes;c__Bacteroidia;o__Bacteroidales;f__Rikenellaceae;g__Alistipes;s__gut metagenome",0.793698449,"Higher in HC","g__Alistipes","s__gut metagenome"
9.3364249202098,-0.593530520249542,0.314559159994604,-1.88686452576909,0.0591785495411267,0.55400013044604,"5d28eefd289e851282580537227366eb","k__Bacteria;p__Firmicutes;c__Clostridia;o__Clostridiales;f__Lachnospiraceae;g__Roseburia",0.940812745,"Higher in HC","g__Roseburia",NA
0.920280222096471,-1.47127663297246,0.781382612844975,-1.88291447593851,0.0597119591174374,0.556381525608272,"296e430d19a2cfc020ecc731cfa84e40","k__Bacteria;p__Bacteroidetes;c__Bacteroidia;o__Bacteroidales;f__Bacteroidaceae;g__Bacteroides;s__human gut metagenome",0.908466396,"Higher in HC","g__Bacteroides","s__human gut metagenome"
2.31138966899729,-2.01989071010756,1.08528959905415,-1.8611536606155,0.0627224801810724,0.578321430402011,"1f712276e5d4d2e6994101f357753ea4","k__Bacteria;p__Firmicutes;c__Negativicutes;o__Veillonellales;f__Veillonellaceae;g__Dialister",0.999999991,"Higher in HC","g__Dialister",NA
3.56052174114362,-0.55668464787071,0.299975883475307,-1.85576467488439,0.0634871077273851,0.578321430402011,"9c29c098fa83ec5a519aec928e2606d0","k__Bacteria;p__Firmicutes;c__Clostridia;o__Clostridiales;f__Ruminococcaceae;g__Oscillibacter;s__gut metagenome",0.959264359,"Higher in HC","g__Oscillibacter","s__gut metagenome"
0.558723971628226,1.84271928656001,0.992211112160973,1.85718468980526,0.0632848824343402,0.578321430402011,"2c1c65009866c118ad7240c79466e936","k__Bacteria;p__Firmicutes;c__Bacilli;o__Lactobacillales;f__Lactobacillaceae;g__Lactobacillus;s__Lactobacillus gasseri",0.954892847,"Higher in RA","g__Lactobacillus","s__Lactobacillus gasseri"
1.00173679641533,1.55118873488007,0.83240361606903,1.86350552176293,0.0623911763959082,0.578321430402011,"ea2d4f2d43c655271c77096ffb5c30e3","k__Bacteria;p__Firmicutes;c__Clostridia;o__Clostridiales;f__Ruminococcaceae;g__Ruminococcus 2",0.999541122,"Higher in RA","g__Ruminococcus 2",NA
0.600658675226025,-1.98525907521412,1.06989934563995,-1.85555686458211,0.0635167468696291,0.578321430402011,"ec3ffdc5b7ff1586cc6c6f5bd4d2a796","k__Bacteria;p__Proteobacteria;c__Gammaproteobacteria;o__Enterobacteriales;f__Enterobacteriaceae",0.99998227,"Higher in HC",NA,NA
1.81343163968543,-1.48794485914297,0.803895691095833,-1.85091781884622,0.0641813768542475,0.579084459037871,"dd8619b2dcb7c87935471a3ba664209c","k__Bacteria;p__Bacteroidetes;c__Bacteroidia;o__Bacteroidales;f__Bacteroidaceae;g__Bacteroides;s__Bacteroides massiliensis B84634 = Timone 84634 = DSM 17679 = JCM 13223",0.969385066,"Higher in HC","g__Bacteroides","s__Bacteroides massiliensis B84634 = Timone 84634 = DSM 17679 = JCM 13223"
0.828548218142628,-2.26938519563143,1.22575887258501,-1.85141241592281,0.0641102442379056,0.579084459037871,"efd09028dbb75126edbcf11ba8ee1cd8","k__Bacteria;p__Firmicutes;c__Clostridia;o__Clostridiales;f__Ruminococcaceae;g__Ruminococcus 1;s__metagenome",0.999091602,"Higher in HC","g__Ruminococcus 1","s__metagenome"
12.346699451541,0.397168278624311,0.215057072988215,1.84680407440529,0.0647755411667438,0.579203717876624,"da8d0c1f766547475f9dbc2d11c05423","k__Bacteria;p__Proteobacteria;c__Gammaproteobacteria;o__Pasteurellales;f__Pasteurellaceae",1,"Higher in RA",NA,NA
5.07148346629403,-0.911370657856897,0.492993302447027,-1.84864713847675,0.0645087813335348,0.579203717876624,"2bd7a1048a8143f32c06fe7278caee6b","k__Bacteria;p__Proteobacteria;c__Gammaproteobacteria;o__Enterobacteriales;f__Enterobacteriaceae;g__Klebsiella",0.908311507,"Higher in HC","g__Klebsiella",NA
4.01780353028944,-0.891826839323682,0.485058858100615,-1.83859509919246,0.0659747626517769,0.587293199676978,"a7113d86b819995ef68c313ed7458835","k__Bacteria;p__Firmicutes;c__Clostridia;o__Clostridiales;f__Lachnospiraceae;g__[Eubacterium] ventriosum group",0.999967748,"Higher in HC","g__[Eubacterium] ventriosum group",NA
96.7066811413929,-0.476230311495854,0.266995123074707,-1.78366670526264,0.0744778393787856,0.590179334367204,"9861fde67f3652e190e2b42b481fe250","k__Bacteria;p__Bacteroidetes;c__Bacteroidia;o__Bacteroidales;f__Bacteroidaceae;g__Bacteroides;s__uncultured Bacteroides sp.",0.900838169,"Higher in HC","g__Bacteroides","s__uncultured Bacteroides sp."
21.2211509699357,-0.966522589463139,0.528681971871223,-1.82817391340624,0.0675234547810737,0.590179334367204,"a5c90dd4cf2c3d11ffc0010c5ea412db","k__Bacteria;p__Bacteroidetes;c__Bacteroidia;o__Bacteroidales;f__Prevotellaceae;g__Prevotella 9",0.999997794,"Higher in HC","g__Prevotella 9",NA
23.3242649529852,-0.381367031180904,0.209611265465253,-1.81940140638159,0.0688502123152784,0.590179334367204,"afe36dc3d402f08e7cc786f0cbd50c1c","k__Bacteria;p__Firmicutes;c__Clostridia;o__Clostridiales;f__Lachnospiraceae;g__Blautia;s__Ruminococcus sp. Marseille-P328",0.876816743,"Higher in HC","g__Blautia","s__Ruminococcus sp. Marseille-P328"
13.1329306444697,-0.916696237937733,0.506254404455872,-1.81074224711785,0.0701807599099162,0.590179334367204,"e23e4d8e6076450f04922563f9ea78a4","k__Bacteria;p__Firmicutes;c__Negativicutes;o__Selenomonadales;f__Selenomonadaceae;g__Megamonas;s__uncultured bacterium",0.729393364,"Higher in HC","g__Megamonas","s__uncultured bacterium"
18.8143109131563,-0.415765621596985,0.232837407573462,-1.78564787303693,0.0741562903861713,0.590179334367204,"cdaaf4568d684bd4406f91436b34e18f","k__Bacteria;p__Firmicutes;c__Clostridia;o__Clostridiales;f__Lachnospiraceae;g__Blautia;s__Ruminococcus sp. Marseille-P328",0.874774237,"Higher in HC","g__Blautia","s__Ruminococcus sp. Marseille-P328"
8.7549327403037,-0.674124308894028,0.376247317000238,-1.79170529179774,0.0731801864303508,0.590179334367204,"28584c95f43bcb81a33b4e728ca792fb","k__Bacteria;p__Bacteroidetes;c__Bacteroidia;o__Bacteroidales;f__Bacteroidaceae;g__Bacteroides;s__Bacteroides massiliensis B84634 = Timone 84634 = DSM 17679 = JCM 13223",0.951436937,"Higher in HC","g__Bacteroides","s__Bacteroides massiliensis B84634 = Timone 84634 = DSM 17679 = JCM 13223"
7.74804555831358,0.672260554500498,0.376621089158265,1.78497852046198,0.0742648010033223,0.590179334367204,"f131c42e4cb2b03d98c904d725c69303","k__Bacteria;p__Firmicutes;c__Clostridia;o__Clostridiales;f__Clostridiaceae 1;g__Clostridium sensu stricto 1",0.999766547,"Higher in RA","g__Clostridium sensu stricto 1",NA
6.44610473349335,-0.544452922433805,0.305517374061146,-1.78206861101405,0.0747380437693259,0.590179334367204,"75e6f2d31ffa60af2eeea1a6ac815ab0","k__Bacteria;p__Firmicutes;c__Clostridia;o__Clostridiales;f__Ruminococcaceae;g__Ruminococcaceae UCG-002;s__gut metagenome",0.765264623,"Higher in HC","g__Ruminococcaceae UCG-002","s__gut metagenome"
4.13141146933196,0.647045251301094,0.362879018077492,1.78308807913198,0.0745719666456766,0.590179334367204,"1877f5afa2df5304e1283a9129474e1b","k__Bacteria;p__Firmicutes;c__Clostridia;o__Clostridiales;f__Ruminococcaceae;g__Faecalibacterium;s__human gut metagenome",0.72727794,"Higher in RA","g__Faecalibacterium","s__human gut metagenome"
4.37942088109138,-0.427251814666781,0.23488278390616,-1.81900013088007,0.0689114101110551,0.590179334367204,"65665dbb75e53203e144b0bcf0df05d5","k__Bacteria;p__Bacteroidetes;c__Bacteroidia;o__Bacteroidales;f__Marinifilaceae;g__Odoribacter;s__gut metagenome",0.998394682,"Higher in HC","g__Odoribacter","s__gut metagenome"
4.15958998821825,-0.738278060998473,0.403293997433552,-1.83062000847189,0.0671572799890219,0.590179334367204,"a2511bc146787e058f9832d9e2edcd3f","k__Bacteria;p__Firmicutes;c__Clostridia;o__Clostridiales;f__Lachnospiraceae;g__Lachnospiraceae FCS020 group;s__uncultured organism",0.908154337,"Higher in HC","g__Lachnospiraceae FCS020 group","s__uncultured organism"
3.14080831907433,0.73002055835648,0.403849769678563,1.80765376921603,0.0706604040694008,0.590179334367204,"224a0ddaf1b0a9d9a014023a5bef67a1","k__Bacteria;p__Bacteroidetes;c__Bacteroidia;o__Bacteroidales;f__Bacteroidaceae;g__Bacteroides",1,"Higher in RA","g__Bacteroides",NA
3.3998399343984,-0.915708923197285,0.512494078001689,-1.78676976477037,0.0739747080167021,0.590179334367204,"087f55ed8048e5d87bf3ec4bc4948b35","k__Bacteria;p__Firmicutes;c__Clostridia;o__Clostridiales;f__Lachnospiraceae;g__[Eubacterium] xylanophilum group;s__uncultured organism",0.792465719,"Higher in HC","g__[Eubacterium] xylanophilum group","s__uncultured organism"
3.15895887017664,-0.418272623869782,0.233480755890044,-1.79146509216701,0.0732186915139797,0.590179334367204,"3bf0f4c5249a8a4e13268e7da7fb9fbf","k__Bacteria;p__Bacteroidetes;c__Bacteroidia;o__Bacteroidales;f__Rikenellaceae;g__Alistipes;s__Faecalibacterium prausnitzii",0.999994175,"Higher in HC","g__Alistipes","s__Faecalibacterium prausnitzii"
0.562818345513792,1.84862626846158,1.0289680702963,1.79658273354318,0.0724018875568087,0.590179334367204,"49aecc11a875f37775f454e997c85798","k__Bacteria;p__Actinobacteria;c__Actinobacteria;o__Bifidobacteriales;f__Bifidobacteriaceae;g__Bifidobacterium;s__Bifidobacterium breve",0.990110433,"Higher in RA","g__Bifidobacterium","s__Bifidobacterium breve"
2.20784768676037,-0.802430315857057,0.442636259128517,-1.81284361438649,0.0698559449235465,0.590179334367204,"a8b078c7ead190762389003731a3acb2","k__Bacteria;p__Bacteroidetes;c__Bacteroidia;o__Bacteroidales;f__Bacteroidaceae;g__Bacteroides;s__Bacteroides salyersiae CL02T12C01",0.99261327,"Higher in HC","g__Bacteroides","s__Bacteroides salyersiae CL02T12C01"
1.42315763429292,-1.34991897443075,0.750058027549157,-1.79975271892185,0.071899692677023,0.590179334367204,"5e309ae35df6241e6346232b34a3861c","k__Bacteria;p__Bacteroidetes;c__Bacteroidia;o__Bacteroidales;f__Bacteroidaceae;g__Bacteroides",0.999999964,"Higher in HC","g__Bacteroides",NA
0.993860685847861,0.86960281657597,0.482427480050619,1.80255655520437,0.0714578851939735,0.590179334367204,"dcede7e8f411656b40ec4bfcfe2ef9f7","k__Bacteria;p__Firmicutes;c__Erysipelotrichia;o__Erysipelotrichales;f__Erysipelotrichaceae;g__Erysipelatoclostridium;s__uncultured Firmicutes bacterium",0.879611346,"Higher in RA","g__Erysipelatoclostridium","s__uncultured Firmicutes bacterium"
1.49464412525459,-1.13459715435152,0.625883979821783,-1.81279149320069,0.0698639865102056,0.590179334367204,"c39b4d4a972b9894381c683b3bb0cf27","k__Bacteria;p__Firmicutes;c__Clostridia;o__Clostridiales;f__Lachnospiraceae;g__uncultured;s__metagenome",0.750722974,"Higher in HC","g__uncultured","s__metagenome"
1.2521379019441,-0.897489307997232,0.499967354413007,-1.79509581990796,0.0726384346617452,0.590179334367204,"2272e55eb9423c9dd72a8322b8603976","k__Bacteria;p__Proteobacteria;c__Gammaproteobacteria;o__Betaproteobacteriales;f__Burkholderiaceae;g__Sutterella;s__Burkholderia sp. K4410.MGS-135",0.892255754,"Higher in HC","g__Sutterella","s__Burkholderia sp. K4410.MGS-135"
1.1163874679903,-1.69919347247702,0.94037819888355,-1.80692563321264,0.0707738752074145,0.590179334367204,"96bd5b2060292c179c95b67f8cd61eea","k__Bacteria;p__Firmicutes;c__Clostridia;o__Clostridiales;f__Lachnospiraceae;g__Lachnoclostridium",0.93697068,"Higher in HC","g__Lachnoclostridium",NA
0.913749209725611,1.64359951269785,0.922756521575274,1.78118439075564,0.0748823327958389,0.590179334367204,"d46139a4f38871fa6580b71f9054abec","k__Bacteria;p__Firmicutes;c__Clostridia;o__Clostridiales;f__Ruminococcaceae;g__Ruminococcus 2",0.999605384,"Higher in RA","g__Ruminococcus 2",NA
0.854888101957749,1.69272733508956,0.92591914088477,1.82815891836091,0.0675257045606839,0.590179334367204,"51791d377f158b0cd38847be89115c57","k__Bacteria;p__Firmicutes;c__Clostridia;o__Clostridiales;f__Ruminococcaceae;g__Ruminococcus 2",0.999715681,"Higher in RA","g__Ruminococcus 2",NA
1.06365428139899,1.17095948152032,0.647620946664284,1.80809389744357,0.0705918878239015,0.590179334367204,"be51c7a1a7542b59cfeaf836f4f7d600","k__Bacteria;p__Firmicutes;c__Clostridia;o__Clostridiales;f__Peptostreptococcaceae;g__Intestinibacter;s__uncultured bacterium",0.945062445,"Higher in RA","g__Intestinibacter","s__uncultured bacterium"
0.698217422863478,1.66929454606253,0.919282674376155,1.81586642780509,0.0693908643249377,0.590179334367204,"a9b895fc2f4d0937ecff0d6bc5c3ecb2","k__Bacteria;p__Firmicutes;c__Clostridia;o__Clostridiales;f__Ruminococcaceae;g__Ruminococcus 2",0.999634334,"Higher in RA","g__Ruminococcus 2",NA
0.76082810325876,-1.24869141629315,0.697676416697716,-1.78978590419257,0.0734883360817796,0.590179334367204,"80cd2124cea000670531b699cd426d1a","k__Bacteria;p__Proteobacteria;c__Gammaproteobacteria;o__Betaproteobacteriales;f__Burkholderiaceae;g__Sutterella;s__gut metagenome",0.999877626,"Higher in HC","g__Sutterella","s__gut metagenome"
0.606654000078416,1.63862244006077,0.904921907904195,1.81078878270925,0.070173553360894,0.590179334367204,"2b820616bbc4645d5e151cd65aa903e8","k__Bacteria;p__Actinobacteria;c__Coriobacteriia;o__Coriobacteriales;f__Coriobacteriaceae;g__Collinsella;s__uncultured bacterium",0.709114872,"Higher in RA","g__Collinsella","s__uncultured bacterium"
0.659491976905282,-0.649145502639157,0.35434017443244,-1.83198392245225,0.0669538159742616,0.590179334367204,"1b4cbb582ce916ebc08b0f146c6162e4","k__Bacteria;p__Firmicutes;c__Clostridia;o__Clostridiales;f__Lachnospiraceae;g__uncultured;s__bacterium enrichment culture clone LA92",0.998099239,"Higher in HC","g__uncultured","s__bacterium enrichment culture clone LA92"
0.423619708945826,-1.27229878538264,0.713760217623483,-1.78252969830519,0.0746628926579326,0.590179334367204,"36a7108a80229888a93f0b51febcf091","k__Bacteria;p__Firmicutes;c__Clostridia;o__Clostridiales;f__Ruminococcaceae;g__Ruminococcaceae UCG-005;s__uncultured organism",0.992721458,"Higher in HC","g__Ruminococcaceae UCG-005","s__uncultured organism"
2.02458862707411,-1.64673329097144,0.925892811648589,-1.77853556076255,0.0753159368603356,0.59125975629728,"4ceff0732c62bf77934334d7d4ef7593","k__Bacteria;p__Bacteroidetes;c__Bacteroidia;o__Bacteroidales;f__Prevotellaceae;g__Prevotella 9",0.99999916,"Higher in HC","g__Prevotella 9",NA
20.5675932152757,0.391470749232058,0.220372185854763,1.77640725263786,0.0756658165632755,0.591677012655574,"30fad805cc3eca47b35a3553378d10cb","k__Bacteria;p__Firmicutes;c__Clostridia;o__Clostridiales;f__Lachnospiraceae;g__Fusicatenibacter;s__uncultured organism",0.896163549,"Higher in RA","g__Fusicatenibacter","s__uncultured organism"
432.210230579007,0.198383943331794,0.111803640271825,1.77439610060521,0.0759976544115528,0.59194034132607,"88f476b4cfd899a60e21886d0f3bfb0e","k__Bacteria;p__Proteobacteria;c__Gammaproteobacteria;o__Enterobacteriales;f__Enterobacteriaceae;g__Escherichia-Shigella",0.996306103,"Higher in RA","g__Escherichia-Shigella",NA
0.963594003353384,-1.59069015053087,0.897371329652805,-1.77261084455006,0.0762932135009027,0.59194034132607,"e69fb8df16dd3b5eadc2664de7bbe52e","k__Bacteria;p__Bacteroidetes;c__Bacteroidia;o__Bacteroidales;f__Barnesiellaceae;g__Barnesiella;s__uncultured organism",0.933797619,"Higher in HC","g__Barnesiella","s__uncultured organism"
4.29189946325907,-0.661751576422666,0.373887553494151,-1.76992138475403,0.0767402378655529,0.593100908154699,"b3cf42baee95a4e02dd27f5c80646fc4","k__Bacteria;p__Firmicutes;c__Clostridia;o__Clostridiales;f__Ruminococcaceae;g__Ruminococcaceae UCG-005",0.999245999,"Higher in HC","g__Ruminococcaceae UCG-005",NA
1.70328296262718,-0.918093973871883,0.519537036653389,-1.76713864286906,0.0772050122714073,0.594389167834695,"f58ac43a1d08bfd8ca85b78ca88eb2e6","k__Bacteria;p__Firmicutes;c__Clostridia;o__Clostridiales;f__Ruminococcaceae;g__Ruminococcaceae NK4A214 group;s__gut metagenome",0.996182537,"Higher in HC","g__Ruminococcaceae NK4A214 group","s__gut metagenome"
1.32526302338955,1.19233356059297,0.677090505244731,1.76096629823808,0.0782441073431867,0.600072115547363,"2edd021b74fb29b45d5c0e1c3e6be533","k__Bacteria;p__Firmicutes;c__Clostridia;o__Clostridiales;f__Lachnospiraceae;g__Anaerostipes",0.999906621,"Higher in RA","g__Anaerostipes",NA
2.61614787513825,-0.918736781008591,0.522263705164747,-1.75914345937322,0.0785531448745562,0.60013398804546,"f01c990fb6cfc0ee189b211fbef47ac8","k__Bacteria;p__Firmicutes;c__Clostridia;o__Clostridiales;f__Lachnospiraceae;g__[Eubacterium] ruminantium group;s__gut metagenome",0.972168993,"Higher in HC","g__[Eubacterium] ruminantium group","s__gut metagenome"
0.497135891974757,-0.933284952099003,0.531333551777164,-1.75649542359488,0.0790038521589493,0.601273592385286,"1f2b05a6c676be98a3d0451ed5744b4e","k__Bacteria;p__Firmicutes;c__Clostridia;o__Clostridiales;f__Lachnospiraceae;g__Moryella;s__human gut metagenome",0.990939062,"Higher in HC","g__Moryella","s__human gut metagenome"
0.712005051126302,-2.08730004856201,1.19191563509344,-1.75121458860498,0.0799089534620977,0.605849631952178,"142053e14569d99aea177bb317db68de","k__Bacteria;p__Firmicutes;c__Clostridia;o__Clostridiales;f__Lachnospiraceae;g__Lachnoclostridium;s__uncultured organism",0.751639842,"Higher in HC","g__Lachnoclostridium","s__uncultured organism"
5.91950077008534,0.561675616095871,0.322066528123276,1.74397389063939,0.08116364270552,0.610718126621912,"e511709b85581d454799b777a5bc1cc8","k__Bacteria;p__Firmicutes;c__Clostridia;o__Clostridiales;f__Peptostreptococcaceae;g__Intestinibacter;s__uncultured bacterium",0.926151662,"Higher in RA","g__Intestinibacter","s__uncultured bacterium"
1.42247200594192,1.15972205125549,0.664783781890421,1.74451014427222,0.0810701740814236,0.610718126621912,"fd306e93f31347868ce3070439af16be","k__Bacteria;p__Firmicutes;c__Clostridia;o__Clostridiales;f__Clostridiaceae 1;g__Clostridium sensu stricto 1",0.999829082,"Higher in RA","g__Clostridium sensu stricto 1",NA
7.01474205485934,-0.736373586150305,0.423629621403214,-1.7382485759876,0.0821670231739448,0.615943775221225,"9591e1b13a2fe743f1e458a3df174811","k__Bacteria;p__Bacteroidetes;c__Bacteroidia;o__Bacteroidales;f__Bacteroidaceae;g__Bacteroides;s__Bacteroides massiliensis B84634 = Timone 84634 = DSM 17679 = JCM 13223",0.952349365,"Higher in HC","g__Bacteroides","s__Bacteroides massiliensis B84634 = Timone 84634 = DSM 17679 = JCM 13223"
1.45132708655049,-1.12088426132482,0.646573468397272,-1.73357602207723,0.0829933379626346,0.619807924709713,"67a4d512fec10b139b036c4c586ee5be","k__Bacteria;p__Firmicutes;c__Clostridia;o__Clostridiales;f__Lachnospiraceae",0.999961047,"Higher in HC",NA,NA
12.4990272779361,-0.487722204665647,0.282653509865909,-1.7255126423055,0.0844351274456706,0.625887152887239,"cffc2e8c14ee4a83fa29a517e14aafcc","k__Bacteria;p__Firmicutes;c__Clostridia;o__Clostridiales;f__Lachnospiraceae;g__Lachnospiraceae NK4A136 group;s__gut metagenome",0.921589747,"Higher in HC","g__Lachnospiraceae NK4A136 group","s__gut metagenome"
0.617403757297185,1.58638851323033,0.919311537208694,1.72562667716222,0.0844145968245369,0.625887152887239,"0441f04e06e645ec28bf9d0446655845","k__Bacteria;p__Firmicutes;c__Clostridia;o__Clostridiales;f__Peptostreptococcaceae;g__Intestinibacter;s__uncultured bacterium",0.912919048,"Higher in RA","g__Intestinibacter","s__uncultured bacterium"
1.26947311247338,1.8682472851225,1.08538125081425,1.72128206906186,0.0851996516423451,0.629215205091986,"39d6c5e71bf265248219b6fb53e79212","k__Bacteria;p__Firmicutes;c__Clostridia;o__Clostridiales;f__Lachnospiraceae;g__Blautia",0.890474237,"Higher in RA","g__Blautia",NA
30.6984731078417,-0.329509094869992,0.191981667914595,-1.716357079555,0.0860967070956523,0.631164830693863,"a42dc25a09fbcabc0766df2457759465","k__Bacteria;p__Firmicutes;c__Clostridia;o__Clostridiales;f__Lachnospiraceae;g__Tyzzerella 3;s__unidentified",0.999784687,"Higher in HC","g__Tyzzerella 3","s__unidentified"
0.815132125116073,-2.86030664005775,1.66607940185629,-1.71678890986282,0.086017747999789,0.631164830693863,"03afaaa012d484f9d916015e5905085d","k__Bacteria;p__Firmicutes;c__Clostridia;o__Clostridiales;f__Lachnospiraceae;g__Dorea",0.739211227,"Higher in HC","g__Dorea",NA
8.13510077761804,-0.629277061007909,0.367443165754903,-1.7125833861002,0.0867892119206834,0.631597403539572,"620c842cc2d636351f61d0b9e6f79f1e","k__Bacteria;p__Firmicutes;c__Clostridia;o__Clostridiales;f__Lachnospiraceae;g__[Ruminococcus] gauvreauii group;s__unidentified",0.882832839,"Higher in HC","g__[Ruminococcus] gauvreauii group","s__unidentified"
1.79911479988741,-1.38758332175582,0.809941831117395,-1.7131888593055,0.0866778005322859,0.631597403539572,"0829505b6af68771d3effebb6f6a41b5","k__Bacteria;p__Firmicutes;c__Clostridia;o__Clostridiales;f__Lachnospiraceae;g__Roseburia",0.800774557,"Higher in HC","g__Roseburia",NA
6.68057133311254,0.471358632969278,0.276453571050504,1.7050191508764,0.0881908527696153,0.637508758751208,"dc7165c8673a8addf01ae8ebd521aeea","k__Bacteria;p__Firmicutes;c__Clostridia;o__Clostridiales;f__Ruminococcaceae;g__Faecalibacterium",0.999987323,"Higher in RA","g__Faecalibacterium",NA
0.846752965410535,-1.56052389889623,0.915397135647122,-1.70475069030345,0.0882409315021733,0.637508758751208,"4f1afc45e781d9f9dc9e8b2bb8f9f000","k__Bacteria;p__Tenericutes;c__Mollicutes;o__Mollicutes RF39;f__gut metagenome;g__gut metagenome;s__gut metagenome",0.999999988,"Higher in HC","g__gut metagenome","s__gut metagenome"
4.99168120270824,-1.30988278061689,0.771140599883329,-1.6986302897488,0.0893888655984294,0.643470750914326,"d01345cd5b3f39d1d3f0321ce559a688","k__Bacteria;p__Bacteroidetes;c__Bacteroidia;o__Bacteroidales;f__Prevotellaceae;g__Prevotella 9;s__uncultured organism",0.837206523,"Higher in HC","g__Prevotella 9","s__uncultured organism"
0.763201560400085,1.55683980761798,0.917538944613861,1.69675610692815,0.0897427802686128,0.643694618185662,"ef59dad0662cc7c88193d9606949b40e","k__Bacteria;p__Firmicutes;c__Clostridia;o__Clostridiales;f__Ruminococcaceae;g__Ruminococcus 2",0.999761365,"Higher in RA","g__Ruminococcus 2",NA
31.6729161303434,-0.263036778028059,0.156679338442242,-1.67882236830496,0.0931866678446566,0.654275407331849,"45288174e9f5a697d3dbfc35360f4732","k__Bacteria;p__Bacteroidetes;c__Bacteroidia;o__Bacteroidales;f__Bacteroidaceae;g__Bacteroides",1,"Higher in HC","g__Bacteroides",NA
2.92261750264923,1.34225395833293,0.796751776095914,1.68465762939366,0.0920546457030089,0.654275407331849,"00315f80250a26a32b9bfd09662a8a35","k__Bacteria;p__Proteobacteria;c__Gammaproteobacteria;o__Enterobacteriales;f__Enterobacteriaceae;g__Escherichia-Shigella",0.993401337,"Higher in RA","g__Escherichia-Shigella",NA
8.87386699522317,0.452238896944388,0.269344012732478,1.6790382394487,0.0931445914519047,0.654275407331849,"be44e84c453c56409bbc3e63f40c400e","k__Bacteria;p__Firmicutes;c__Clostridia;o__Clostridiales;f__Peptostreptococcaceae;g__Intestinibacter;s__uncultured bacterium",0.913177121,"Higher in RA","g__Intestinibacter","s__uncultured bacterium"
2.4398911526834,0.963225084411217,0.573107631544072,1.68070538829868,0.0928201534781812,0.654275407331849,"951d861491e7cb7d23c1aed3c889ad70","k__Bacteria;p__Firmicutes;c__Clostridia;o__Clostridiales;f__Peptostreptococcaceae;g__Terrisporobacter;s__uncultured bacterium",0.748671547,"Higher in RA","g__Terrisporobacter","s__uncultured bacterium"
0.948340459120008,-1.19209850145702,0.707313422652635,-1.68538933841563,0.0919134792740273,0.654275407331849,"06e5e838dc574151f59c4f87459c6ec0","k__Bacteria;p__Firmicutes;c__Clostridia;o__Clostridiales;f__Lachnospiraceae;g__Lachnospiraceae UCG-010;s__uncultured organism",0.98092661,"Higher in HC","g__Lachnospiraceae UCG-010","s__uncultured organism"
0.551644899859637,-1.11457283303697,0.663128189757809,-1.68078035325876,0.0928055861510327,0.654275407331849,"3477607c4ad3351081b8928a0d247fc1","k__Bacteria;p__Firmicutes;c__Clostridia;o__Clostridiales;f__Lachnospiraceae",0.999805054,"Higher in HC",NA,NA
2.57615903174937,1.05374309281062,0.6295751725339,1.67373673356517,0.0941823510678351,0.658945993085134,"6d9e8f59515a29ef9b560182bbcc1e6a","k__Bacteria;p__Firmicutes;c__Clostridia;o__Clostridiales;f__Lachnospiraceae;g__uncultured;s__Coprococcus sp. HPP0074",0.959731775,"Higher in RA","g__uncultured","s__Coprococcus sp. HPP0074"
5.08784699807841,0.598766811654484,0.358400552340583,1.67066375245283,0.0947881123251077,0.66086537054638,"55f22dcc81a52dc76113913c9d9535d5","k__Bacteria;p__Firmicutes;c__Clostridia;o__Clostridiales;f__Peptostreptococcaceae;g__Romboutsia",0.769627452,"Higher in RA","g__Romboutsia",NA
11.3742429513127,-0.918684047742501,0.55435824275868,-1.65720282821233,0.0974784749535151,0.661418191347908,"595f547279c78b217baa12b958726784","k__Bacteria;p__Firmicutes;c__Clostridia;o__Clostridiales;f__Lachnospiraceae",0.99999723,"Higher in HC",NA,NA
7.37305681260733,-0.57902825732398,0.347164429803651,-1.66787898648334,0.0953397518997173,0.661418191347908,"8aff11a7ef435ab1857ba544f2de6974","k__Bacteria;p__Bacteroidetes;c__Bacteroidia;o__Bacteroidales;f__Bacteroidaceae;g__Bacteroides",0.999999996,"Higher in HC","g__Bacteroides",NA
3.15807544197669,0.826801681761147,0.498558487924828,1.65838452616178,0.0972398778346547,0.661418191347908,"580cb2832ba0bc47017a2bf303815562","k__Bacteria;p__Firmicutes;c__Clostridia;o__Clostridiales;f__Lachnospiraceae;g__Anaerostipes",0.99991578,"Higher in RA","g__Anaerostipes",NA
3.00514314237776,0.808181996981906,0.488784102250931,1.65345393448783,0.0982385139247735,0.661418191347908,"00081a159a95909026e3bbf0cdd28318","k__Bacteria;p__Firmicutes;c__Clostridia;o__Clostridiales;f__Peptostreptococcaceae;g__Romboutsia",0.783143719,"Higher in RA","g__Romboutsia",NA
3.33831867128261,-0.803993114104334,0.482645404122137,-1.66580497242418,0.0957522654446309,0.661418191347908,"b51bf21029b0b64e3b6ac35ae18fc345","k__Bacteria;p__Firmicutes;c__Clostridia;o__Clostridiales;f__Ruminococcaceae;g__[Eubacterium] coprostanoligenes group;s__uncultured organism",0.933898136,"Higher in HC","g__[Eubacterium] coprostanoligenes group","s__uncultured organism"
1.77032630329113,-1.48082073596551,0.890042604152366,-1.66376387945583,0.0961596249391914,0.661418191347908,"bb2ddf4fc7191bb6ccef364e92f5f535","k__Bacteria;p__Firmicutes;c__Clostridia;o__Clostridiales;f__Lachnospiraceae",0.999503079,"Higher in HC",NA,NA
1.06858426522583,-1.98568356893017,1.20125345890609,-1.65300965771071,0.0983288980563113,0.661418191347908,"6a7dfbdca56179f4e72565a13ab97eb3","k__Bacteria;p__Bacteroidetes;c__Bacteroidia;o__Bacteroidales;f__Bacteroidaceae;g__Bacteroides",1,"Higher in HC","g__Bacteroides",NA
0.579962214632046,2.3152377787799,1.39210304629605,1.66312241391901,0.096287934089195,0.661418191347908,"a7208d2a268d41bbccf1d277503acc3a","k__Bacteria;p__Firmicutes;c__Clostridia;o__Clostridiales;f__Lachnospiraceae;g__[Ruminococcus] gnavus group",0.864418272,"Higher in RA","g__[Ruminococcus] gnavus group",NA
0.47901632524872,-1.98390250118436,1.19908549156244,-1.65451297271496,0.0980233296961785,0.661418191347908,"880c6ed568fbff98b6eec638d5fff0ac","k__Bacteria;p__Proteobacteria;c__Gammaproteobacteria;o__Enterobacteriales;f__Enterobacteriaceae;g__Enterobacter",0.72512193,"Higher in HC","g__Enterobacter",NA
0.516646688865438,1.56864231436954,0.949345258122246,1.65234123302225,0.0984650081878044,0.661418191347908,"9c61a0d73eb67d0d37b7f3148e1c454a","k__Bacteria;p__Firmicutes;c__Clostridia;o__Clostridiales;f__Peptostreptococcaceae;g__Intestinibacter;s__uncultured bacterium",0.922581976,"Higher in RA","g__Intestinibacter","s__uncultured bacterium"
0.412395620630556,-0.985175509574683,0.596320628817107,-1.65209027151874,0.0985161498647586,0.661418191347908,"397ca3435cf6890597ee702f15abd286","k__Bacteria;p__Firmicutes;c__Clostridia;o__Clostridiales;f__Ruminococcaceae;g__Oscillibacter;s__human gut metagenome",0.999714742,"Higher in HC","g__Oscillibacter","s__human gut metagenome"
5.25766294769386,-0.479176823748376,0.29035620173953,-1.6503068330472,0.0988801954347626,0.661634596298378,"5ff8a4e59e369d892054a83a4b79a32a","k__Bacteria;p__Firmicutes;c__Clostridia;o__Clostridiales;f__Lachnospiraceae;g__Lachnospiraceae UCG-010;s__uncultured organism",0.998946341,"Higher in HC","g__Lachnospiraceae UCG-010","s__uncultured organism"
5.87332374244028,-0.515319986470935,0.313341205650656,-1.6445969351553,0.100052959324441,0.662147690868259,"7748c6083f0aff0c98a23e6919ef1c1d","k__Bacteria;p__Firmicutes;c__Clostridia;o__Clostridiales;f__Lachnospiraceae;g__Dorea;s__Dorea longicatena",0.897379559,"Higher in HC","g__Dorea","s__Dorea longicatena"
0.882380699013021,-1.82747277358068,1.10960697062719,-1.64695502277507,0.0995672909685558,0.662147690868259,"493db90a2da96a37587279e39a7c42a5","k__Bacteria;p__Bacteroidetes;c__Bacteroidia;o__Bacteroidales;f__Prevotellaceae;g__Prevotella 9;s__uncultured bacterium",0.774095538,"Higher in HC","g__Prevotella 9","s__uncultured bacterium"
2.06646148808306,1.1898493785364,0.72398484926833,1.64347276015359,0.100285156791482,0.662147690868259,"94a91e0a9f38cf510a4227d7ba5c7a7d","k__Bacteria;p__Firmicutes;c__Clostridia;o__Clostridiales;f__Clostridiaceae 1;g__Clostridium sensu stricto 1",0.999822064,"Higher in RA","g__Clostridium sensu stricto 1",NA
0.355262075180378,-0.628515447329753,0.38235405508178,-1.64380484259628,0.100216520758433,0.662147690868259,"c4498392886d1f842924b14b57120ee6","k__Bacteria;p__Firmicutes;c__Clostridia;o__Clostridiales;f__Ruminococcaceae;g__Ruminiclostridium 9;s__uncultured organism",0.998573368,"Higher in HC","g__Ruminiclostridium 9","s__uncultured organism"
14.5861608407656,0.314189821105045,0.191488918928819,1.64077285966525,0.100844574085942,0.66315138241431,"a821d556a89ec40c8c3322bd66aa5eb5","k__Bacteria;p__Firmicutes;c__Clostridia;o__Clostridiales;f__Lachnospiraceae;g__Fusicatenibacter;s__uncultured organism",0.888257842,"Higher in RA","g__Fusicatenibacter","s__uncultured organism"
2.65128826702775,0.867798767825791,0.529296331089483,1.63953293619011,0.10110231707821,0.66315138241431,"3e573123816fed946ced0a9078508d38","k__Bacteria;p__Firmicutes;c__Clostridia;o__Clostridiales;f__Clostridiaceae 1;g__Clostridium sensu stricto 1",0.999818423,"Higher in RA","g__Clostridium sensu stricto 1",NA
0.532506972623333,-0.817575132443289,0.499985833847709,-1.63519659377453,0.102007841989434,0.666897170252236,"21f03eddfbd638a0eb980a875766945c","k__Bacteria;p__Firmicutes;c__Clostridia;o__Clostridiales;f__Lachnospiraceae;g__Lachnospiraceae UCG-010;s__uncultured bacterium",0.999310218,"Higher in HC","g__Lachnospiraceae UCG-010","s__uncultured bacterium"
22.9446196643193,-0.319930636557817,0.196819194249413,-1.62550526526593,0.104054942847685,0.672034093092651,"244c787606b399810f5d298ea430bfd2","k__Bacteria;p__Firmicutes;c__Clostridia;o__Clostridiales;f__Ruminococcaceae;g__Faecalibacterium;s__human gut metagenome",0.769784006,"Higher in HC","g__Faecalibacterium","s__human gut metagenome"
4.8701426332645,0.677919270144576,0.417360431291773,1.62430172895487,0.104311428438501,0.672034093092651,"ba67345518466a694135f0948b756817","k__Bacteria;p__Firmicutes;c__Clostridia;o__Clostridiales;f__Ruminococcaceae;g__Faecalibacterium;s__human gut metagenome",0.758489714,"Higher in RA","g__Faecalibacterium","s__human gut metagenome"
1.77787970829789,-0.870949618737431,0.53645824901583,-1.62351799107433,0.104478720591134,0.672034093092651,"c9c30ba4710d0beb87f16a4455972c26","k__Bacteria;p__Proteobacteria;c__Gammaproteobacteria;o__Enterobacteriales;f__Enterobacteriaceae;g__Escherichia-Shigella",0.94327997,"Higher in HC","g__Escherichia-Shigella",NA
0.814886303353613,1.14878569094226,0.706881262319982,1.62514661539046,0.104131322252193,0.672034093092651,"a99c15892244103130fd82204f72dca5","k__Bacteria;p__Firmicutes;c__Clostridia;o__Clostridiales;f__Peptostreptococcaceae;g__Romboutsia",0.780502287,"Higher in RA","g__Romboutsia",NA
0.899213700585528,-1.60648904063433,0.9887831146328,-1.62471326306066,0.104223669979644,0.672034093092651,"db9c47119775ed8b630c3c72af113c22","k__Bacteria;p__Firmicutes;c__Clostridia;o__Clostridiales;f__Ruminococcaceae;g__Negativibacillus;s__uncultured bacterium",0.97870838,"Higher in HC","g__Negativibacillus","s__uncultured bacterium"
12.5267082718201,-0.503316533189013,0.311339496882437,-1.61661638895455,0.105961111995504,0.676200129070112,"18d74f4527c26c7a5261d6ea7771ce9e","k__Bacteria;p__Firmicutes;c__Clostridia;o__Clostridiales;f__Lachnospiraceae;g__CAG-56",0.996099135,"Higher in HC","g__CAG-56",NA
6.23044287171083,-0.695895919005527,0.431107401014677,-1.61420545638426,0.106482868870619,0.676200129070112,"8c7dbfcc97aa473c2d6869b3d63fdcac","k__Bacteria;p__Firmicutes;c__Clostridia;o__Clostridiales;f__Ruminococcaceae;g__Ruminococcus 1;s__Ruminococcus sp. UNK.MGS-30",0.972704139,"Higher in HC","g__Ruminococcus 1","s__Ruminococcus sp. UNK.MGS-30"
3.80725542198668,0.592916930822737,0.366595173172352,1.61736153177331,0.105800264298041,0.676200129070112,"18a7f3ed94be5653f861144b00312dfa","k__Bacteria;p__Firmicutes;c__Clostridia;o__Clostridiales;f__Ruminococcaceae;g__Faecalibacterium;s__human gut metagenome",0.746509746,"Higher in RA","g__Faecalibacterium","s__human gut metagenome"
1.0178298504619,1.15899530517144,0.717715744969531,1.61483890146599,0.106345586343117,0.676200129070112,"9ed75831535cda95d70ad667d7dc4958","k__Bacteria;p__Firmicutes;c__Clostridia;o__Clostridiales;f__Clostridiaceae 1;g__Clostridium sensu stricto 1",0.999829078,"Higher in RA","g__Clostridium sensu stricto 1",NA
2.01272047636167,-1.46447472784634,0.909220289250412,-1.61069296974631,0.107246658767291,0.678888373276124,"99db430b2a97291665271be97c09f2a4","k__Bacteria;p__Firmicutes;c__Clostridia;o__Clostridiales;f__Ruminococcaceae;g__Ruminococcaceae UCG-014",0.999737564,"Higher in HC","g__Ruminococcaceae UCG-014",NA
82.4022881845697,-0.15993137577503,0.10003472496968,-1.59875858931491,0.109874253632432,0.686143237175919,"7bae730ed7199be89c74d8651fb410b7","k__Bacteria;p__Firmicutes;c__Erysipelotrichia;o__Erysipelotrichales;f__Erysipelotrichaceae;g__Erysipelotrichaceae UCG-003",0.999999768,"Higher in HC","g__Erysipelotrichaceae UCG-003",NA
3.52158506266405,-0.781474343917501,0.488167122440934,-1.60083362437432,0.109413774074356,0.686143237175919,"e3e9630a24166f52719380432a2f5346","k__Bacteria;p__Firmicutes;c__Clostridia;o__Clostridiales;f__Lachnospiraceae;g__[Eubacterium] ventriosum group;s__uncultured bacterium",0.96063688,"Higher in HC","g__[Eubacterium] ventriosum group","s__uncultured bacterium"
1.91652286219299,1.06680014681483,0.666490158054021,1.60062400610628,0.109460221934003,0.686143237175919,"587a23c250407d41e4c9bd09d0666c76","k__Bacteria;p__Firmicutes;c__Clostridia;o__Clostridiales;f__Peptostreptococcaceae;g__Terrisporobacter",0.981246497,"Higher in RA","g__Terrisporobacter",NA
1.61059996521969,-0.716193073562675,0.448380034142146,-1.59729028731825,0.110201014836719,0.686143237175919,"afc14b81f9e14a4bbfa236e019255e38","k__Bacteria;p__Firmicutes;c__Negativicutes;o__Selenomonadales;f__Veillonellaceae;g__Allisonella;s__uncultured bacterium",0.973157138,"Higher in HC","g__Allisonella","s__uncultured bacterium"
0.663780605345711,-2.11108468081564,1.3226180817402,-1.5961407982855,0.11045736165169,0.686143237175919,"203f872265e4caa6aedc6e7c04390dd4","k__Bacteria",1,"Higher in HC",NA,NA
0.692039568426719,-0.735551993690418,0.460351755452409,-1.59780425506916,0.110086547381962,0.686143237175919,"586b0c7ee6267b57119887aff1f41eb5","k__Bacteria;p__Firmicutes;c__Clostridia;o__Clostridiales;f__Family XIII;g__Family XIII UCG-001;s__uncultured bacterium",0.999904861,"Higher in HC","g__Family XIII UCG-001","s__uncultured bacterium"
0.33457087811994,-1.1474874736221,0.719832158241164,-1.59410420955056,0.110912696241729,0.686832038217415,"a65012382ef792e5c7349a7279e68814","k__Bacteria;p__Bacteroidetes;c__Bacteroidia;o__Bacteroidales;f__Rikenellaceae;g__Alistipes",0.999999999,"Higher in HC","g__Alistipes",NA
0.823724322708968,-2.18148593993505,1.36987110785999,-1.59247532663344,0.111277942719348,0.686960426570837,"0119b9db6d665eceebcbbb9015aa7083","k__Bacteria;p__Firmicutes;c__Clostridia;o__Clostridiales;f__Ruminococcaceae;g__Ruminococcaceae UCG-014;s__gut metagenome",0.982290429,"Higher in HC","g__Ruminococcaceae UCG-014","s__gut metagenome"
2.07395845654502,-0.79012197821961,0.497675246835135,-1.58762563186381,0.112371018621451,0.691567318306091,"7a0e7577ede067490d6a2a453cab45c4","k__Bacteria;p__Firmicutes;c__Clostridia;o__Clostridiales;f__Ruminococcaceae;g__Ruminococcaceae NK4A214 group;s__gut metagenome",0.997404736,"Higher in HC","g__Ruminococcaceae NK4A214 group","s__gut metagenome"
0.451000203073531,-1.68472235523599,1.06226467822498,-1.58597230028501,0.112745593232187,0.691737578169174,"22799c78db79b23fd6b2a2f75d4a9461","k__Bacteria;p__Firmicutes;c__Clostridia;o__Clostridiales;f__Ruminococcaceae;g__Ruminococcaceae UCG-002",0.999935184,"Higher in HC","g__Ruminococcaceae UCG-002",NA
11.6123965638059,-0.605716625348071,0.383639899817008,-1.57886764551078,0.114366418585,0.695802397400059,"57d497f86047dfeac4bd1a4190fc8fac","k__Bacteria;p__Firmicutes;c__Clostridia;o__Clostridiales;f__Lachnospiraceae;g__Lachnospiraceae NK4A136 group;s__gut metagenome",0.777153377,"Higher in HC","g__Lachnospiraceae NK4A136 group","s__gut metagenome"
0.488381151402658,-1.93907392404707,1.22690936532165,-1.58045408964558,0.114002912886563,0.695802397400059,"4ad19767214d63974160c7c6ba57a65d","k__Bacteria;p__Bacteroidetes;c__Bacteroidia;o__Bacteroidales;f__Prevotellaceae;g__Paraprevotella;s__unidentified",1,"Higher in HC","g__Paraprevotella","s__unidentified"
0.649806227117726,-1.0848128440873,0.687250762169087,-1.57848183487412,0.114454958047753,0.695802397400059,"a23e48b277272a996ce59c649204ba89","k__Bacteria;p__Firmicutes;c__Clostridia;o__Clostridiales;f__Family XIII;g__Family XIII AD3011 group;s__uncultured Eubacterium sp.",0.751167068,"Higher in HC","g__Family XIII AD3011 group","s__uncultured Eubacterium sp."
8.33941082704012,-0.369063567191746,0.234263919964154,-1.57541787590773,0.115160020895312,0.697496253838225,"5c94b59e352aea5e2173f925ee71c100","k__Bacteria;p__Firmicutes;c__Clostridia;o__Clostridiales;f__Ruminococcaceae;g__Butyricicoccus",0.999964287,"Higher in HC","g__Butyricicoccus",NA
2.68849928193579,0.737200918808835,0.469544156339276,1.57003533928801,0.11640688999455,0.697496253838225,"2dc0f66bd1227c7e136af34e403c660a","k__Bacteria;p__Firmicutes;c__Clostridia;o__Clostridiales;f__Ruminococcaceae;g__Ruminococcus 2",0.998895721,"Higher in RA","g__Ruminococcus 2",NA
0.887588303397497,-2.26030177317229,1.4389388594113,-1.57081154518061,0.116226429551675,0.697496253838225,"5636c02b12114f0393feba57a16a348f","k__Bacteria;p__Firmicutes;c__Bacilli;o__Lactobacillales;f__Lactobacillaceae;g__Lactobacillus;s__Lactobacillus sp. C33LV5",0.965890199,"Higher in HC","g__Lactobacillus","s__Lactobacillus sp. C33LV5"
1.96452325772779,0.812480510495467,0.516466631431115,1.57315199288695,0.115683628340349,0.697496253838225,"25a60ff380d7f72b6f73e70e6a717918","k__Bacteria;p__Firmicutes;c__Clostridia;o__Clostridiales;f__Ruminococcaceae;g__Faecalibacterium;s__human gut metagenome",0.765277546,"Higher in RA","g__Faecalibacterium","s__human gut metagenome"
1.20106827078821,-1.44638431566527,0.921434046802201,-1.56971008471511,0.116482573986022,0.697496253838225,"4d658642f80dc8a26e6863dd21dffca8","k__Bacteria;p__Bacteroidetes;c__Bacteroidia;o__Bacteroidales;f__Barnesiellaceae;g__Barnesiella;s__uncultured organism",0.802165515,"Higher in HC","g__Barnesiella","s__uncultured organism"
13.5165666162433,-0.79115716542849,0.50735630242527,-1.55937190815723,0.118908381186201,0.703378086176186,"d04f5c82bcbe26aeaccedca56ba2ac75","k__Bacteria;p__Firmicutes;c__Negativicutes;o__Selenomonadales;f__Selenomonadaceae;g__Megamonas;s__Megamonas funiformis YIT 11815",0.779190724,"Higher in HC","g__Megamonas","s__Megamonas funiformis YIT 11815"
2.48805432284317,0.427025383075064,0.274228258113151,1.55718956905917,0.119425484176356,0.703378086176186,"b427ed0cb68e7887550f789e4f5e921f","k__Bacteria;p__Firmicutes;c__Erysipelotrichia;o__Erysipelotrichales;f__Erysipelotrichaceae;g__[Clostridium] innocuum group",0.999438248,"Higher in RA","g__[Clostridium] innocuum group",NA
2.20423988020404,-1.16843746829191,0.747389978742604,-1.56335715158727,0.117968612583859,0.703378086176186,"b0567684acb39cb940c33a415197b42c","k__Bacteria;p__Firmicutes;c__Negativicutes;o__Veillonellales;f__Veillonellaceae;g__Megasphaera",0.999999979,"Higher in HC","g__Megasphaera",NA
1.31652498806131,-1.2565767669017,0.807291924717687,-1.55653330403513,0.119581329595651,0.703378086176186,"318a93a7394f760e0f9feaa9042c0327","k__Bacteria;p__Proteobacteria;c__Gammaproteobacteria;o__Enterobacteriales;f__Enterobacteriaceae;g__Enterobacter",0.760984883,"Higher in HC","g__Enterobacter",NA
1.14472270088281,1.17749828542099,0.755934044652875,1.55767330992706,0.119310710554431,0.703378086176186,"29fa2ea8c9e919be34da54eaa60a2860","k__Bacteria;p__Firmicutes;c__Clostridia;o__Clostridiales;f__Lachnospiraceae;g__Anaerostipes",0.999908718,"Higher in RA","g__Anaerostipes",NA
0.583184295303847,-1.39492137587916,0.893936176859463,-1.5604261377806,0.118659212082535,0.703378086176186,"53175805ac791a909886c00cea29f278","k__Bacteria;p__Bacteroidetes;c__Bacteroidia;o__Bacteroidales;f__Bacteroidaceae;g__Bacteroides;s__human gut metagenome",0.878704226,"Higher in HC","g__Bacteroides","s__human gut metagenome"
0.503059779898298,1.12143030470234,0.7236324558758,1.54972361396517,0.12120786783846,0.710848495499677,"35634d362b6371f2ea187d43648c8714","k__Bacteria;p__Firmicutes;c__Clostridia;o__Clostridiales;f__Lachnospiraceae;g__[Ruminococcus] gnavus group;s__Ruminococcus gnavus CC55_001C",0.966657108,"Higher in RA","g__[Ruminococcus] gnavus group","s__Ruminococcus gnavus CC55_001C"
23.0182148666179,0.321037790472423,0.20775927199175,1.54523929254609,0.122288393423777,0.715082277088007,"d54294135eef8fefd1c047b9bf3bb4bb","k__Bacteria;p__Firmicutes;c__Clostridia;o__Clostridiales;f__Lachnospiraceae;g__Fusicatenibacter;s__uncultured organism",0.911212693,"Higher in RA","g__Fusicatenibacter","s__uncultured organism"
8.16129338234269,-0.638000547872414,0.413759818656099,-1.54195868981346,0.123083632495867,0.717627962563623,"8da8951ce75e6480ef534876fff054c3","k__Bacteria;p__Firmicutes;c__Clostridia;o__Clostridiales;f__Lachnospiraceae;g__uncultured;s__gut metagenome",0.946272917,"Higher in HC","g__uncultured","s__gut metagenome"
5.20015184938383,-0.766858385317167,0.498463179913016,-1.53844539821575,0.123939749316083,0.720512711767548,"8ed4397fafac29dafa1ac563ed7a1f57","k__Bacteria;p__Firmicutes;c__Clostridia;o__Clostridiales;f__Ruminococcaceae;g__Ruminococcus 1;s__Ruminococcus sp. UNK.MGS-30",0.997761579,"Higher in HC","g__Ruminococcus 1","s__Ruminococcus sp. UNK.MGS-30"
2.30479522700655,-0.85250736345042,0.557471361637808,-1.529239745959,0.126205020719752,0.730937037656367,"9a2e2b0398280c2fbe5fc4d964b4bb1c","k__Bacteria;p__Firmicutes;c__Clostridia;o__Clostridiales;f__Lachnospiraceae;g__Coprococcus 2;s__uncultured bacterium",0.99005751,"Higher in HC","g__Coprococcus 2","s__uncultured bacterium"
0.651524390037544,-1.36499739014837,0.893213401167407,-1.52818731600349,0.126466037107044,0.730937037656367,"d70adf8b2fcc0dc29be9e7233b14fa7f","k__Bacteria;p__Firmicutes;c__Negativicutes;o__Selenomonadales;f__Veillonellaceae;g__Allisonella;s__uncultured bacterium",0.931626623,"Higher in HC","g__Allisonella","s__uncultured bacterium"
8.45476615256144,-0.767832271691936,0.506714707843401,-1.51531475168712,0.129692714304292,0.738877920922168,"95d89bf5ce5874bacb11767f26936cf8","k__Bacteria;p__Bacteroidetes;c__Bacteroidia;o__Bacteroidales;f__Bacteroidaceae;g__Bacteroides",0.999999989,"Higher in HC","g__Bacteroides",NA
10.6291245391648,-0.471177562793922,0.310694637301671,-1.51652943509427,0.12938553317168,0.738877920922168,"9597c6f20fe1bc2e70379c8995ae71a7","k__Bacteria;p__Firmicutes;c__Clostridia;o__Clostridiales;f__Lachnospiraceae;g__Lachnospiraceae NK4A136 group;s__gut metagenome",0.917455816,"Higher in HC","g__Lachnospiraceae NK4A136 group","s__gut metagenome"
6.18375768401987,0.521865444761489,0.344161557684899,1.51633857154752,0.129433763177942,0.738877920922168,"13460af25360a7acf1209caf93f1d949","k__Bacteria;p__Bacteroidetes;c__Bacteroidia;o__Bacteroidales;f__Bacteroidaceae;g__Bacteroides;s__Bacteroides ovatus V975",0.945201164,"Higher in RA","g__Bacteroides","s__Bacteroides ovatus V975"
2.32276106772279,1.05946074784801,0.696473051571272,1.52117981515268,0.128214719341775,0.738877920922168,"7eda16a2e0b1503b106e41e106802e7b","k__Bacteria;p__Firmicutes;c__Clostridia;o__Clostridiales;f__Lachnospiraceae;g__Lachnoclostridium",0.712327216,"Higher in RA","g__Lachnoclostridium",NA
1.09250050933443,-0.780955335461954,0.514381468929723,-1.51824158262717,0.128953508306903,0.738877920922168,"06d28ac6c7363cfcc4616a1d34957641","k__Bacteria;p__Firmicutes;c__Clostridia;o__Clostridiales;f__Ruminococcaceae;g__UBA1819;s__uncultured organism",0.750709004,"Higher in HC","g__UBA1819","s__uncultured organism"
1.87654422122016,-0.870852934279687,0.577220155656692,-1.50870153397352,0.131375073361765,0.746330188841477,"7d1d15dab529cb63d8cae15c5318e459","k__Bacteria;p__Firmicutes;c__Clostridia;o__Clostridiales;f__Christensenellaceae;g__Christensenellaceae R-7 group;s__uncultured organism",0.850411006,"Higher in HC","g__Christensenellaceae R-7 group","s__uncultured organism"
6.11579116583039,-0.576211839345561,0.383648207825827,-1.50192761908367,0.133115802848641,0.754070769545995,"829c94f3c932db4fb415e18eab97079f","k__Bacteria;p__Firmicutes;c__Clostridia;o__Clostridiales;f__Lachnospiraceae;g__Lachnoclostridium;s__human gut metagenome",0.986241712,"Higher in HC","g__Lachnoclostridium","s__human gut metagenome"
30.8792368016494,-0.267346687510162,0.178348827587097,-1.4990100643056,0.13387102115762,0.754605453725245,"5d29646cd837eeba857c89c11b56d191","k__Bacteria;p__Firmicutes;c__Clostridia;o__Clostridiales;f__Lachnospiraceae;g__Agathobacter",0.882496694,"Higher in HC","g__Agathobacter",NA
0.622250155629359,-1.93990673355887,1.294444841023,-1.49863993588615,0.133967066508895,0.754605453725245,"574c010d421a70fc0220175f2048296b","k__Bacteria;p__Firmicutes;c__Clostridia;o__Clostridiales;f__Lachnospiraceae",0.999748966,"Higher in HC",NA,NA
8.55106906720088,-0.580249095666095,0.388977307677417,-1.49172993954522,0.135769957017058,0.762606462794407,"bd9fba1a38548251dda3b22a8947c521","k__Bacteria;p__Firmicutes;c__Clostridia;o__Clostridiales;f__Lachnospiraceae",0.999994237,"Higher in HC",NA,NA
10.411669231946,0.423003599002404,0.285896016618465,1.4795715029738,0.138987636192719,0.769837073800784,"a65f4524be57f9e1738e084f2109ae03","k__Bacteria;p__Firmicutes;c__Clostridia;o__Clostridiales;f__Ruminococcaceae;g__Faecalibacterium",0.999985888,"Higher in RA","g__Faecalibacterium",NA
5.43597109148109,-0.800194122809429,0.539199633286072,-1.48404055457672,0.137798162058157,0.769837073800784,"806f6695893a2c8f894d8693d81cd0f3","k__Bacteria;p__Firmicutes;c__Clostridia;o__Clostridiales;f__Lachnospiraceae;g__[Eubacterium] eligens group",0.999372308,"Higher in HC","g__[Eubacterium] eligens group",NA
5.04002681009873,-0.618505440438815,0.417220240540181,-1.48244351625422,0.138222322358894,0.769837073800784,"a9dc9bbaacba31db2995236efbbd0d13","k__Bacteria;p__Firmicutes;c__Clostridia;o__Clostridiales;f__Lachnospiraceae;g__Roseburia;s__gut metagenome",0.999588869,"Higher in HC","g__Roseburia","s__gut metagenome"
4.01320842822634,-0.701900141290002,0.474195073939168,-1.48019281486683,0.138821797387546,0.769837073800784,"9be4975450018cd5a1ecd9b2bb6b1261","k__Bacteria;p__Bacteroidetes;c__Bacteroidia;o__Bacteroidales;f__Rikenellaceae;g__Alistipes",0.999999999,"Higher in HC","g__Alistipes",NA
1.36348507618436,-0.665790800093273,0.448690509430809,-1.48385309272057,0.137847898353356,0.769837073800784,"280ccfc77127bc5b1a61c07ad509539b","k__Bacteria;p__Firmicutes;c__Bacilli;o__Lactobacillales;f__Streptococcaceae;g__Lactococcus",0.999999994,"Higher in HC","g__Lactococcus",NA
4.61538919966999,-0.5988910216112,0.407408303348262,-1.47000200214195,0.141561211731805,0.773990752159534,"c3de7ea6cecee7d3708dcd312b6f6109","k__Bacteria;p__Firmicutes;c__Clostridia;o__Clostridiales;f__Lachnospiraceae;g__[Ruminococcus] torques group",0.985059781,"Higher in HC","g__[Ruminococcus] torques group",NA
0.908744919803987,1.96216080232507,1.33385238776365,1.4710479362824,0.141278153529825,0.773990752159534,"e7aa879b27c67595f7e549ef12c87073","k__Bacteria;p__Proteobacteria;c__Gammaproteobacteria;o__Enterobacteriales;f__Enterobacteriaceae;g__Escherichia-Shigella",0.992869873,"Higher in RA","g__Escherichia-Shigella",NA
2.19324850883261,-1.03571018758291,0.702192518503924,-1.47496613861619,0.140221647263011,0.773990752159534,"67672e6ea9a4841d1c9872a260bf72ed","k__Bacteria;p__Firmicutes;c__Clostridia;o__Clostridiales;f__Lachnospiraceae;g__uncultured;s__uncultured bacterium adhufec236",0.994379829,"Higher in HC","g__uncultured","s__uncultured bacterium adhufec236"
0.789590159536541,-1.55365351132585,1.05721666178852,-1.46956964213702,0.141678347311048,0.773990752159534,"d8160bf4c62922faee35a9cfbedd4f49","k__Bacteria;p__Firmicutes;c__Clostridia;o__Clostridiales;f__Lachnospiraceae",0.999981617,"Higher in HC",NA,NA
0.449154120769709,-1.79048640248805,1.21729025611172,-1.47087877644502,0.141323903269527,0.773990752159534,"c73a625b4747f56c028b11e62cb20513","k__Bacteria;p__Firmicutes;c__Clostridia;o__Clostridiales;f__Christensenellaceae;g__Christensenellaceae R-7 group;s__uncultured prokaryote",0.956296335,"Higher in HC","g__Christensenellaceae R-7 group","s__uncultured prokaryote"
1.32628453230602,-0.763322682109751,0.520017815363233,-1.46787794486727,0.14213738008025,0.77437687398912,"e0ad48b1e54cc6dcdd4e64e7c5c2f4ae","k__Bacteria;p__Firmicutes;c__Clostridia;o__Clostridiales;f__Ruminococcaceae;g__Ruminococcaceae NK4A214 group;s__gut metagenome",0.97112992,"Higher in HC","g__Ruminococcaceae NK4A214 group","s__gut metagenome"
2.20378658083819,-0.755101945769166,0.514963447288993,-1.46632144425857,0.142560736061235,0.774567050970309,"6a7327b350fa08b60e317375427b8efc","k__Bacteria;p__Firmicutes;c__Clostridia;o__Clostridiales;f__Lachnospiraceae;g__[Eubacterium] ventriosum group;s__human gut metagenome",0.919468682,"Higher in HC","g__[Eubacterium] ventriosum group","s__human gut metagenome"
0.562380773632355,-2.39839749920773,1.63797006897742,-1.4642498935924,0.143125682273215,0.775523397969539,"cfe78626213e0563c0399afcb81ea7b6","k__Bacteria;p__Firmicutes;c__Clostridia;o__Clostridiales;f__Ruminococcaceae;g__Ruminococcaceae UCG-014;s__uncultured bacterium",0.991815555,"Higher in HC","g__Ruminococcaceae UCG-014","s__uncultured bacterium"
1.16090713361854,-1.55256596558016,1.06705348147248,-1.4550029520898,0.145668444234021,0.7869967482366,"b6e1f1063459ded2ad03f0aaa75f723e","k__Bacteria;p__Firmicutes;c__Clostridia;o__Clostridiales;f__Ruminococcaceae;g__Ruminococcaceae UCG-002",0.999876236,"Higher in HC","g__Ruminococcaceae UCG-002",NA
0.437547105364913,1.36333406615276,0.937844260894716,1.45368919233148,0.146032495911505,0.7869967482366,"fffa1bfae6be163291917deb4e714b57","k__Bacteria;p__Proteobacteria;c__Gammaproteobacteria;o__Enterobacteriales;f__Enterobacteriaceae;g__Escherichia-Shigella",0.931605873,"Higher in RA","g__Escherichia-Shigella",NA
2.41847499483936,0.736277852056238,0.507791996305138,1.44995954527373,0.147069800800974,0.789620280041687,"34bcf3d82b52043ad315fed41028c24b","k__Bacteria;p__Firmicutes;c__Clostridia;o__Clostridiales;f__Peptostreptococcaceae;g__Romboutsia",0.773320991,"Higher in RA","g__Romboutsia",NA
0.353969538942608,-0.622664821620817,0.429692469550932,-1.44909409809197,0.147311306005771,0.789620280041687,"346521b5c2dff2a046ec5fcaf407b7ea","k__Bacteria;p__Firmicutes;c__Clostridia;o__Clostridiales;f__Ruminococcaceae;g__uncultured;s__uncultured bacterium",0.715162003,"Higher in HC","g__uncultured","s__uncultured bacterium"
1.03942797403874,-0.78764112219308,0.544412552410917,-1.44677252334655,0.147960644706448,0.790974599315434,"6f18144b08f70934594ef7eadc19076b","k__Bacteria;p__Firmicutes;c__Clostridia;o__Clostridiales;f__Lachnospiraceae",0.999670318,"Higher in HC",NA,NA
3.18013868334127,-1.18115979274314,0.818115272580632,-1.44375717252819,0.148807292922936,0.791257978902223,"4203b40ad2c2aa0284c515860400dcb5","k__Bacteria;p__Bacteroidetes;c__Bacteroidia;o__Bacteroidales;f__Prevotellaceae;g__Prevotella 9;s__uncultured bacterium",0.758216655,"Higher in HC","g__Prevotella 9","s__uncultured bacterium"
0.484395057744976,-2.17779241688204,1.50714441846154,-1.4449792536173,0.148463713107949,0.791257978902223,"9d32601f5886a28dfd65cd5a5c8a490b","k__Bacteria;p__Firmicutes;c__Clostridia;o__Clostridiales;f__Lachnospiraceae;g__Lachnospiraceae UCG-001;s__metagenome",0.941332949,"Higher in HC","g__Lachnospiraceae UCG-001","s__metagenome"
5.89147717399887,-0.487702336611551,0.338502357091635,-1.44076496483458,0.149651094448941,0.792136561306152,"22332a5d1ab624f641d4b1bdb466c553","k__Bacteria;p__Proteobacteria;c__Gammaproteobacteria;o__Enterobacteriales;f__Enterobacteriaceae",0.999821103,"Higher in HC",NA,NA
4.77708152145642,-0.611810117298031,0.424763478151465,-1.44035480630439,0.149767042935015,0.792136561306152,"cd0bab58917748b02f18fc2f17ade0fc","k__Bacteria;p__Firmicutes;c__Clostridia;o__Clostridiales;f__Lachnospiraceae;g__[Eubacterium] ventriosum group",0.999955808,"Higher in HC","g__[Eubacterium] ventriosum group",NA
5.66177854354061,-1.215032922218,0.845518280227869,-1.43702738383201,0.150710212761674,0.794442758019289,"cf52e12a82623707f3497dd8c9c324ec","k__Bacteria;p__Bacteroidetes;c__Bacteroidia;o__Bacteroidales;f__Prevotellaceae;g__Prevotella 9;s__uncultured bacterium",0.886789423,"Higher in HC","g__Prevotella 9","s__uncultured bacterium"
1.99983358971184,-0.688210275670126,0.47925220608993,-1.43600857111336,0.15099990235171,0.794442758019289,"f192e09afa57ffc5c2e01b6a9f388dd0","k__Bacteria;p__Firmicutes;c__Clostridia;o__Clostridiales;f__Ruminococcaceae;g__[Eubacterium] coprostanoligenes group;s__metagenome",0.985448712,"Higher in HC","g__[Eubacterium] coprostanoligenes group","s__metagenome"
2.95868039319335,0.619248158710155,0.435772781954549,1.42103450319378,0.155306729094456,0.805081874652875,"7778c42621fa4e67c60bfc549064fe13","k__Bacteria;p__Firmicutes;c__Negativicutes;o__Veillonellales;f__Veillonellaceae;g__Veillonella",0.999999993,"Higher in RA","g__Veillonella",NA
0.794901973257872,1.36156711187224,0.956548177736521,1.42341718228361,0.154615254426492,0.805081874652875,"97b889bfa96ee2b3f2d6ffcad4fe0366","k__Bacteria;p__Firmicutes;c__Clostridia;o__Clostridiales;f__Ruminococcaceae;g__Ruminococcus 2",0.999703804,"Higher in RA","g__Ruminococcus 2",NA
0.675515472767591,1.10449241328221,0.774204649732503,1.42661557724282,0.153690731699922,0.805081874652875,"e7fcde77ccf46cb7cb09e57b0108a56c","k__Bacteria;p__Firmicutes;c__Negativicutes;o__Veillonellales;f__Veillonellaceae;g__Veillonella",0.999999998,"Higher in RA","g__Veillonella",NA
0.655370497082928,-1.91907296338916,1.35092668311193,-1.42056041040546,0.155444594654642,0.805081874652875,"ea0e0479c8bc9c1d8fb17b0d651816e6","k__Bacteria;p__Firmicutes;c__Clostridia;o__Clostridiales;f__Lachnospiraceae;g__Coprococcus 2",0.999944722,"Higher in HC","g__Coprococcus 2",NA
0.6272401532199,-0.964578424052261,0.678667094494504,-1.42128361884219,0.155234323805276,0.805081874652875,"22f296b3b9c67d970dfe465a25668902","k__Bacteria;p__Proteobacteria;c__Gammaproteobacteria;o__Betaproteobacteriales;f__Burkholderiaceae;g__Sutterella;s__gut metagenome",0.999876091,"Higher in HC","g__Sutterella","s__gut metagenome"
0.560359828114287,-2.02238254667936,1.4208737743243,-1.42333723320434,0.154638418377464,0.805081874652875,"c75103f41a8c8a85512658ec58758e28","k__Bacteria;p__Firmicutes;c__Clostridia;o__Clostridiales;f__Lachnospiraceae;g__Coprococcus 2",0.999949435,"Higher in HC","g__Coprococcus 2",NA
1.82805013614214,-1.63187775155611,1.15404229795943,-1.41405367415179,0.157346143598777,0.812819197761558,"7c5a987e34e31d2314e922cf486c116b","k__Bacteria;p__Firmicutes;c__Clostridia;o__Clostridiales;f__Lachnospiraceae",0.999976235,"Higher in HC",NA,NA
0.735602521923781,1.07175570779647,0.759170578435129,1.41174557897867,0.15802488761416,0.814216087603709,"57b937bbe800390ae4b16091e1766b50","k__Bacteria;p__Actinobacteria;c__Actinobacteria;o__Bifidobacteriales;f__Bifidobacteriaceae;g__Bifidobacterium",0.999603187,"Higher in RA","g__Bifidobacterium",NA
2.02158987119893,-0.43572357770368,0.308953370067731,-1.41032149158353,0.158444775348071,0.814275469185703,"3a7883f6ece56b1435b226c6c664515d","k__Bacteria;p__Bacteroidetes;c__Bacteroidia;o__Bacteroidales;f__Odoribacteraceae;g__Butyricimonas;s__uncultured organism",0.914823328,"Higher in HC","g__Butyricimonas","s__uncultured organism"
0.565499244581909,-0.900356251956201,0.639564179139825,-1.40776528974328,0.1592005815955,0.816056451674619,"92ef2ba2d192b6c2267ba98cd4a57cc9","k__Bacteria;p__Firmicutes;c__Clostridia;o__Clostridiales;f__Ruminococcaceae;g__Oscillibacter;s__gut metagenome",0.959018879,"Higher in HC","g__Oscillibacter","s__gut metagenome"
19.403123350581,-0.324592247457348,0.231204073128204,-1.4039209736472,0.160342383362257,0.819801826729078,"32359a379ca03f1715fb66ae48dab665","k__Bacteria;p__Firmicutes;c__Clostridia;o__Clostridiales;f__Ruminococcaceae;g__Faecalibacterium;s__human gut metagenome",0.808230313,"Higher in HC","g__Faecalibacterium","s__human gut metagenome"
4.38607988613982,-0.524345835323155,0.374821754844631,-1.39892049633166,0.161836825498888,0.822569440221468,"48360f33d63a21bab9405ab9728ff0de","k__Bacteria;p__Firmicutes;c__Clostridia;o__Clostridiales;f__Lachnospiraceae;g__Lachnospira",0.993994868,"Higher in HC","g__Lachnospira",NA
2.6359571140062,-0.658136014277338,0.470778867103616,-1.39797272194142,0.162121258779858,0.822569440221468,"6e3f6cff8f85359d42e6ec03970166ca","k__Bacteria;p__Firmicutes;c__Clostridia;o__Clostridiales;f__Lachnospiraceae;g__Marvinbryantia",0.979790756,"Higher in HC","g__Marvinbryantia",NA
2.54199410942138,-0.752377696128909,0.537684337459309,-1.3992925657535,0.161725268064489,0.822569440221468,"48693e904b2d7417f61124eae7158387","k__Bacteria;p__Firmicutes;c__Clostridia;o__Clostridiales;f__Ruminococcaceae;g__Ruminococcaceae UCG-002;s__uncultured bacterium",0.877908257,"Higher in HC","g__Ruminococcaceae UCG-002","s__uncultured bacterium"
27.9207079310757,-0.405155413485019,0.290348699768342,-1.39540977386252,0.162892305643619,0.823231659470116,"f2b2a2e082c681ad7c962e2351fc9b02","k__Bacteria;p__Bacteroidetes;c__Bacteroidia;o__Bacteroidales;f__Bacteroidaceae;g__Bacteroides;s__Bacteroides stercoris CC31F",0.810354701,"Higher in HC","g__Bacteroides","s__Bacteroides stercoris CC31F"
3.54719679302725,-1.34704773605992,0.965767122494569,-1.39479560308546,0.163077485200951,0.823231659470116,"1d1da8aef0dfbd25c647fff08da0c097","k__Bacteria;p__Bacteroidetes;c__Bacteroidia;o__Bacteroidales;f__Prevotellaceae;g__Prevotella 2;s__uncultured organism",0.844168052,"Higher in HC","g__Prevotella 2","s__uncultured organism"
12.858770359804,-0.371108221030183,0.267008038279911,-1.38987658731511,0.164566356263247,0.824485714545009,"9067c21e66ca783eaec1f52a7f2ba1e1","k__Bacteria;p__Firmicutes;c__Clostridia;o__Clostridiales;f__Lachnospiraceae;g__Coprococcus 3",0.772846636,"Higher in HC","g__Coprococcus 3",NA
0.861264353738041,-0.589535591195327,0.424116988709836,-1.39003059742713,0.164519586289214,0.824485714545009,"c25d9df394da831f148f28a015d6edfd","k__Bacteria;p__Firmicutes;c__Clostridia;o__Clostridiales;f__Lachnospiraceae;g__Lachnospiraceae UCG-010;s__uncultured bacterium",0.999438851,"Higher in HC","g__Lachnospiraceae UCG-010","s__uncultured bacterium"
0.593950398488505,1.51804789014687,1.0919725863749,1.39018864492418,0.164471600645781,0.824485714545009,"025613ba3655c8caa4c434d00063acdb","k__Bacteria;p__Firmicutes;c__Bacilli;o__Lactobacillales;f__Streptococcaceae;g__Streptococcus",0.999999956,"Higher in RA","g__Streptococcus",NA
11.1082099887027,-0.395583450417525,0.285474480057613,-1.38570512620845,0.165836962257371,0.824635667683786,"afba9081d106b9a66a4662912ab863ba","k__Bacteria;p__Firmicutes;c__Clostridia;o__Clostridiales;f__Lachnospiraceae",0.99998694,"Higher in HC",NA,NA
2.61164177394182,0.604847625486815,0.435971318704692,1.38735646024575,0.165333094584601,0.824635667683786,"23e71972c3bbfc8fdbad2750de6bdd22","k__Bacteria;p__Firmicutes;c__Clostridia;o__Clostridiales;f__Ruminococcaceae;g__Faecalibacterium;s__human gut metagenome",0.747278538,"Higher in RA","g__Faecalibacterium","s__human gut metagenome"
0.403643151615646,-1.42703824420699,1.02882787477156,-1.38705246931985,0.165425763990934,0.824635667683786,"154a242791de0571e536a0f86ca4041a","k__Bacteria;p__Proteobacteria;c__Deltaproteobacteria;o__Desulfovibrionales;f__Desulfovibrionaceae;g__Desulfovibrio",0.99998778,"Higher in HC","g__Desulfovibrio",NA
0.529459019481153,1.22598573164392,0.886119758301332,1.38354406405981,0.166498106018394,0.825863739802681,"76e0369d8c293aaca908628b7615209e","k__Bacteria;p__Firmicutes;c__Bacilli;o__Lactobacillales;f__Streptococcaceae;g__Streptococcus",0.999999936,"Higher in RA","g__Streptococcus",NA
2.98156866066737,-0.704314072734198,0.512012983487583,-1.37557854087362,0.168952154171414,0.835956812451116,"1ce6421ac2f4d20d821e3933a84c7324","k__Bacteria;p__Firmicutes;c__Clostridia;o__Clostridiales;f__Lachnospiraceae;g__[Eubacterium] ruminantium group;s__gut metagenome",0.953934162,"Higher in HC","g__[Eubacterium] ruminantium group","s__gut metagenome"
10.0281057760663,-0.605746302067881,0.441451396307736,-1.3721698631702,0.170010564784635,0.837797127211597,"eb1b6a43caa5504dde917295b89a660b","k__Bacteria;p__Firmicutes;c__Clostridia;o__Clostridiales;f__Lachnospiraceae;g__Roseburia;s__uncultured Roseburia sp.",0.995565366,"Higher in HC","g__Roseburia","s__uncultured Roseburia sp."
8.1740579612578,-0.510147499536626,0.373126925968949,-1.36722242226786,0.171555599272927,0.837797127211597,"094574c88e066a13ac334c67a3cbc0b4","k__Bacteria;p__Firmicutes;c__Clostridia;o__Clostridiales;f__Lachnospiraceae;g__Lachnospira",0.986180433,"Higher in HC","g__Lachnospira",NA
5.3048324411645,-0.557913391192467,0.40778176678974,-1.36816659456022,0.171259935410805,0.837797127211597,"d70a7a5a9804edfc0bc818e33998591a","k__Bacteria;p__Firmicutes;c__Clostridia;o__Clostridiales;f__Lachnospiraceae;g__Agathobacter;s__Eubacterium ramulus",0.999221435,"Higher in HC","g__Agathobacter","s__Eubacterium ramulus"
3.93046034394909,-0.439472347691442,0.32227584627231,-1.36365276136799,0.172676878054203,0.837797127211597,"e360e9b50f9a36d8d0f0afdb376487c2","k__Bacteria;p__Firmicutes;c__Clostridia;o__Clostridiales;f__Lachnospiraceae;g__Lachnospiraceae UCG-010;s__uncultured organism",0.99893986,"Higher in HC","g__Lachnospiraceae UCG-010","s__uncultured organism"
2.04411702037325,0.775380285630521,0.568475064646311,1.36396534140498,0.172578474035739,0.837797127211597,"cfa9c35abbc4acf42bb87962712adeb4","k__Bacteria;p__Firmicutes;c__Clostridia;o__Clostridiales;f__Clostridiaceae 1;g__Clostridium sensu stricto 1",0.99983208,"Higher in RA","g__Clostridium sensu stricto 1",NA
1.53439902247984,0.877348023967141,0.640320134431985,1.37017091418719,0.170633555421403,0.837797127211597,"dc54b1cc5113631112a98578ac9a8512","k__Bacteria;p__Firmicutes;c__Clostridia;o__Clostridiales;f__Lachnospiraceae",0.999995173,"Higher in RA",NA,NA
1.22290841867618,0.987174092189623,0.722862740345247,1.36564528380331,0.17205032592177,0.837797127211597,"4600768ce26ff49ac78b2f46d67b719f","k__Bacteria;p__Firmicutes;c__Clostridia;o__Clostridiales;f__Clostridiaceae 1;g__Clostridium sensu stricto 1",0.999801841,"Higher in RA","g__Clostridium sensu stricto 1",NA
0.445597774927145,-1.55208892115148,1.13820735406029,-1.36362580650597,0.172685365739201,0.837797127211597,"bfa715104cff54398075b7c98803da93","k__Bacteria;p__Tenericutes;c__Mollicutes;o__Mollicutes RF39;f__gut metagenome;g__gut metagenome;s__gut metagenome",0.999191533,"Higher in HC","g__gut metagenome","s__gut metagenome"
4.47768729218978,-0.647885904634427,0.477057155399898,-1.35808864263094,0.174435558580043,0.842190081861029,"87a2b2c2b554caf1fac5010c0bede636","k__Bacteria;p__Firmicutes;c__Clostridia;o__Clostridiales;f__Lachnospiraceae;g__Lachnospira;s__uncultured bacterium",0.777160092,"Higher in HC","g__Lachnospira","s__uncultured bacterium"
1.77304043390325,0.998902347708039,0.735345109674581,1.35841298808677,0.174332675295925,0.842190081861029,"9779df8556885088edec0cbeca73c4ff","k__Bacteria;p__Firmicutes;c__Clostridia;o__Clostridiales;f__Clostridiaceae 1;g__Clostridium sensu stricto 1",0.999812774,"Higher in RA","g__Clostridium sensu stricto 1",NA
0.66386999069623,-2.36341050759431,1.74643366873797,-1.35327814041868,0.17596678992892,0.847530867435428,"bcc6f2ba6b28cb6e78c35e1833bf4d22","k__Bacteria;p__Firmicutes;c__Clostridia;o__Clostridiales;f__Lachnospiraceae;g__Fusicatenibacter;s__uncultured organism",0.830639245,"Higher in HC","g__Fusicatenibacter","s__uncultured organism"
2.55130244872154,0.893371829739031,0.662635372403285,1.34821029324,0.177590754893339,0.853291482547755,"1799f7a6767cb4e81a88f7e7b25cf45e","k__Bacteria;p__Firmicutes;c__Clostridia;o__Clostridiales;f__Lachnospiraceae;g__Blautia",0.961918144,"Higher in RA","g__Blautia",NA
0.557050520050505,-2.26017148971472,1.68388696859275,-1.34223468194162,0.179519914523513,0.858423763932579,"fe8de1982adfef3d3af2d81cfa9a1ed4","k__Bacteria;p__Firmicutes;c__Clostridia;o__Clostridiales;f__Ruminococcaceae;g__Ruminococcaceae UCG-014;s__uncultured bacterium",0.987544406,"Higher in HC","g__Ruminococcaceae UCG-014","s__uncultured bacterium"
0.603249065996428,1.73771213279532,1.29338893497741,1.34353409543099,0.179099093448739,0.858423763932579,"d9399f2abfe45f2fecf097649de18d68","k__Bacteria;p__Firmicutes;c__Clostridia;o__Clostridiales;f__Lachnospiraceae;g__[Ruminococcus] gnavus group",0.82109785,"Higher in RA","g__[Ruminococcus] gnavus group",NA
1.44556427791206,-1.2071015216788,0.902190952476765,-1.33796677783674,0.180907266854768,0.862988253847864,"05b63b0dc3bc36648426aa99c84490a6","k__Bacteria;p__Firmicutes;c__Clostridia;o__Clostridiales;f__Lachnospiraceae",0.999603994,"Higher in HC",NA,NA
0.424171813789424,-0.895699645338484,0.67018568818557,-1.33649473739653,0.181387619465952,0.863214590012192,"da2e2da383287d54da9bed6c1d4af95c","k__Bacteria;p__Proteobacteria;c__Gammaproteobacteria;o__Betaproteobacteriales;f__Burkholderiaceae;g__Sutterella;s__gut metagenome",0.833312395,"Higher in HC","g__Sutterella","s__gut metagenome"
27.5015550602427,0.449072774465479,0.337453177169276,1.33077062196458,0.183264497311626,0.863923967084472,"a5c7024a15d63976d433e7c3ce12225b","k__Bacteria;p__Proteobacteria;c__Gammaproteobacteria;o__Enterobacteriales;f__Enterobacteriaceae;g__Escherichia-Shigella",0.996237146,"Higher in RA","g__Escherichia-Shigella",NA
2.42856972782134,-1.22567335360724,0.919308838391448,-1.3332552700699,0.182448047107694,0.863923967084472,"cb6d072b77a9ec1c6441587f374860bc","k__Bacteria;p__Firmicutes;c__Negativicutes;o__Selenomonadales;f__Selenomonadaceae;g__Megamonas;s__uncultured bacterium",0.912604415,"Higher in HC","g__Megamonas","s__uncultured bacterium"
2.57322575097604,-0.58817660010132,0.441987232536418,-1.33075472955626,0.183269728223035,0.863923967084472,"856f953386f1faec95d74be2d77b8554","k__Bacteria;p__Firmicutes;c__Clostridia;o__Clostridiales;f__Ruminococcaceae;g__Butyricicoccus;s__uncultured bacterium",0.864691497,"Higher in HC","g__Butyricicoccus","s__uncultured bacterium"
1.22293374691977,-1.89371656131574,1.41936500471918,-1.33419983937847,0.182138372173894,0.863923967084472,"1f3c1ff5f8a23eee8db11ca3b1634d32","k__Bacteria;p__Firmicutes;c__Clostridia;o__Clostridiales;f__Lachnospiraceae",0.999988688,"Higher in HC",NA,NA
9.78348000113778,0.298633266113203,0.22571205898021,1.32307182639004,0.185811492880366,0.865673170101516,"2031c840aa64f9ef4cd0298937eaa2d0","k__Bacteria;p__Firmicutes;c__Clostridia;o__Clostridiales;f__Ruminococcaceae;g__Faecalibacterium",0.999947699,"Higher in RA","g__Faecalibacterium",NA
8.28594113050821,-0.619072653107119,0.467718996071316,-1.32359955081389,0.185636074440173,0.865673170101516,"078b03784481505a0cc26ec424cfd3ff","k__Bacteria;p__Firmicutes;c__Clostridia;o__Clostridiales;f__Lachnospiraceae;g__Coprococcus 2",0.999979205,"Higher in HC","g__Coprococcus 2",NA
3.12762589061194,-0.677104401928409,0.510073436225803,-1.32746454498498,0.18435506077882,0.865673170101516,"9669771e00a77c9c41db99442330eb60","k__Bacteria;p__Bacteroidetes;c__Bacteroidia;o__Bacteroidales;f__Bacteroidaceae;g__Bacteroides",0.999999996,"Higher in HC","g__Bacteroides",NA
1.71858004738967,-0.986087687456243,0.744606028580288,-1.32430795562639,0.185400789429156,0.865673170101516,"ed57c895872153419380b106e38fb930","k__Bacteria;p__Firmicutes;c__Clostridia;o__Clostridiales;f__Lachnospiraceae;g__uncultured;s__uncultured bacterium adhufec236",0.995789647,"Higher in HC","g__uncultured","s__uncultured bacterium adhufec236"
1.03185021146095,-1.23170174956935,0.929309263114214,-1.32539489108479,0.185040210618744,0.865673170101516,"27deb7e7cfea551d9906db8b7268fd40","k__Bacteria;p__Bacteroidetes;c__Bacteroidia;o__Bacteroidales;f__Barnesiellaceae;g__Barnesiella;s__uncultured organism",0.774841231,"Higher in HC","g__Barnesiella","s__uncultured organism"
0.984561594429736,1.05309886517339,0.797472459270899,1.32054574791987,0.18665287252494,0.867566032202168,"4e52973066df1e145291c534646b72f0","k__Bacteria;p__Firmicutes;c__Clostridia;o__Clostridiales;f__Lachnospiraceae;g__Anaerostipes",0.999917312,"Higher in RA","g__Anaerostipes",NA
25.2791353277158,-0.208895309249659,0.158497023661187,-1.31797622708806,0.18751160616134,0.869530564385377,"4b68d6c5be9bbca2202456687bba2f1d","k__Bacteria;p__Firmicutes;c__Clostridia;o__Clostridiales;f__Lachnospiraceae;g__Fusicatenibacter;s__uncultured organism",0.891803862,"Higher in HC","g__Fusicatenibacter","s__uncultured organism"
1.2461607090787,1.22715919179646,0.935666201793778,1.31153523494154,0.189676997666567,0.875499845710958,"abf7b3dd3f9832f00b447b43745b2320","k__Bacteria;p__Firmicutes;c__Clostridia;o__Clostridiales;f__Clostridiaceae 1;g__Clostridium sensu stricto 1;s__uncultured bacterium",0.992015418,"Higher in RA","g__Clostridium sensu stricto 1","s__uncultured bacterium"
0.51891492226419,-1.48416855735402,1.13083221067103,-1.31245691743545,0.189366013307514,0.875499845710958,"1fba929037f0dbab9cd744cc76c5e52f","k__Bacteria;p__Firmicutes;c__Clostridia;o__Clostridiales;f__Lachnospiraceae",0.999802582,"Higher in HC",NA,NA
0.477476720173153,1.3055536788573,0.998402271386044,1.30764293739521,0.190994446182475,0.879544863020449,"af7645d9af9a010c0d67ce372de46752","k__Bacteria;p__Proteobacteria;c__Gammaproteobacteria;o__Enterobacteriales;f__Enterobacteriaceae;g__Raoultella;s__Raoultella ornithinolytica",0.729310342,"Higher in RA","g__Raoultella","s__Raoultella ornithinolytica"
1.83290426483487,-0.804239436081958,0.615920142547561,-1.30575277625355,0.191636644057477,0.88046882085394,"b622751a675a079ebfac941c4795e4b9","k__Bacteria;p__Tenericutes;c__Mollicutes;o__Mollicutes RF39;f__gut metagenome;g__gut metagenome;s__gut metagenome",0.999999996,"Higher in HC","g__gut metagenome","s__gut metagenome"
9.76898435436193,0.424759077531186,0.326310078713856,1.30170382479562,0.193017651595566,0.884775166164502,"2d4aa394b0f07a6242cebd981778dbfa","k__Bacteria;p__Firmicutes;c__Clostridia;o__Clostridiales;f__Clostridiaceae 1;g__Clostridium sensu stricto 1",0.99979008,"Higher in RA","g__Clostridium sensu stricto 1",NA
22.563666006789,-0.370500940874224,0.285516233714156,-1.2976528026254,0.194406668864052,0.885207010359601,"13f86bc5cd2eac19f09c562aab9158fb","k__Bacteria;p__Proteobacteria;c__Gammaproteobacteria;o__Enterobacteriales;f__Enterobacteriaceae;g__Klebsiella",0.946000425,"Higher in HC","g__Klebsiella",NA
11.1360407995144,-0.509335095530888,0.392537461296142,-1.29754519186292,0.194443666267555,0.885207010359601,"37dad7de7e7fd497147ce4b46baea42a","k__Bacteria;p__Firmicutes;c__Clostridia;o__Clostridiales;f__Lachnospiraceae;g__Lachnospiraceae NK4A136 group;s__gut metagenome",0.888736713,"Higher in HC","g__Lachnospiraceae NK4A136 group","s__gut metagenome"
3.147124380871,-0.636420544636413,0.489943097681643,-1.29896828355759,0.193954813937531,0.885207010359601,"b045dafe7d4544030dd0fe45b36ee438","k__Bacteria;p__Proteobacteria;c__Gammaproteobacteria;o__Enterobacteriales;f__Enterobacteriaceae;g__Citrobacter",0.821763557,"Higher in HC","g__Citrobacter",NA
4.21456938666075,0.610476538232878,0.472012278995996,1.29334885001595,0.195890432396581,0.889762009564426,"62fa79c24ae075e96089910d9e403fc4","k__Bacteria;p__Firmicutes;c__Clostridia;o__Clostridiales;f__Ruminococcaceae;g__Faecalibacterium;s__human gut metagenome",0.725967776,"Higher in RA","g__Faecalibacterium","s__human gut metagenome"
4.21098474853991,-0.597943620151082,0.463107807370944,-1.2911542639404,0.196650190783056,0.88986974685815,"66f854d71bf184b1255d89af349d8642","k__Bacteria;p__Firmicutes;c__Clostridia;o__Clostridiales;f__Lachnospiraceae;g__Agathobacter;s__Eubacterium ramulus",0.999430474,"Higher in HC","g__Agathobacter","s__Eubacterium ramulus"
1.94619187432345,-0.63464875516633,0.491707834273742,-1.29070295596106,0.196806699280062,0.88986974685815,"764c88d4d202f9fb234216f3477b4d82","k__Bacteria;p__Firmicutes;c__Clostridia;o__Clostridiales;f__Ruminococcaceae;g__Ruminococcaceae UCG-002;s__uncultured rumen bacterium",0.876070161,"Higher in HC","g__Ruminococcaceae UCG-002","s__uncultured rumen bacterium"
5.08551333084335,-0.582631719891469,0.452795582631682,-1.2867433831955,0.198183746494544,0.894068756810226,"3e8bb707a582a653ec8852b9b07034c3","k__Bacteria;p__Firmicutes;c__Clostridia;o__Clostridiales;f__Ruminococcaceae;g__Ruminococcus 1;s__Ruminococcus sp. UNK.MGS-30",0.968031454,"Higher in HC","g__Ruminococcus 1","s__Ruminococcus sp. UNK.MGS-30"
5.6544998470277,-0.5069356958608,0.394405636370285,-1.28531554601027,0.1986820398304,0.894293425331418,"09ece614ce4a8153cfd29e779e2e149f","k__Bacteria;p__Firmicutes;c__Clostridia;o__Clostridiales;f__Lachnospiraceae;g__Lachnoclostridium;s__human gut metagenome",0.989084391,"Higher in HC","g__Lachnoclostridium","s__human gut metagenome"
14.8933338218068,-0.240829745264652,0.188535442066656,-1.27737120736963,0.201471224904432,0.896077324837668,"7134b11213370219eacb178571e65b05","k__Bacteria;p__Firmicutes;c__Clostridia;o__Clostridiales;f__Ruminococcaceae;g__Faecalibacterium",0.999958631,"Higher in HC","g__Faecalibacterium",NA
1.2117763112766,-0.996125656431013,0.777195244597279,-1.28169293797877,0.199950383242231,0.896077324837668,"079e892734c745961b82aca0d0ec2c66","k__Bacteria;p__Firmicutes;c__Bacilli;o__Lactobacillales;f__Enterococcaceae;g__Enterococcus",0.999714273,"Higher in HC","g__Enterococcus",NA
2.38257572918347,-1.20902372210113,0.944988582208667,-1.27940564030451,0.200754248681186,0.896077324837668,"00443dd4e0f608699ac6c8231f3d901b","k__Bacteria;p__Firmicutes;c__Negativicutes;o__Selenomonadales;f__Selenomonadaceae;g__Megamonas;s__uncultured bacterium",0.934030957,"Higher in HC","g__Megamonas","s__uncultured bacterium"
4.22203941297787,0.503537619920513,0.394463762973231,1.27651172854294,0.201774683476486,0.896077324837668,"f8b20ca0294dceaefef44ff533594703","k__Bacteria;p__Firmicutes;c__Clostridia;o__Clostridiales;f__Ruminococcaceae;g__Subdoligranulum",0.9999967,"Higher in RA","g__Subdoligranulum",NA
0.406883553779896,-1.37171337525689,1.07446778096744,-1.2766444927942,0.201727786283623,0.896077324837668,"c9a901bf6db87f1fd02c956699ab2fa9","k__Bacteria;p__Proteobacteria;c__Gammaproteobacteria;o__Betaproteobacteriales;f__Burkholderiaceae;g__Sutterella",0.999999998,"Higher in HC","g__Sutterella",NA
0.378735610895598,-1.27032404273837,0.992546911428952,-1.27986297484872,0.200593331176623,0.896077324837668,"a8d2bf67d4487b4de63036e12342e00f","k__Bacteria;p__Firmicutes;c__Clostridia;o__Clostridiales;f__Ruminococcaceae;g__Ruminococcaceae NK4A214 group;s__uncultured bacterium",0.904900328,"Higher in HC","g__Ruminococcaceae NK4A214 group","s__uncultured bacterium"
0.569971744387964,1.19613659128768,0.939320701556506,1.27340597232193,0.202874019188019,0.898957320579801,"fba641574b6b621eabee6d23586f32d4","k__Bacteria;p__Firmicutes;c__Negativicutes;o__Veillonellales;f__Veillonellaceae;g__Veillonella",0.999999988,"Higher in RA","g__Veillonella",NA
3.36837859249232,0.580203138996748,0.458215783959819,1.26622250762018,0.205433431528832,0.903681305948737,"3f9b28e78bdde92c4a45425a0f264eca","k__Bacteria;p__Firmicutes;c__Clostridia;o__Clostridiales;f__Ruminococcaceae;g__Ruminococcus 2",0.998740216,"Higher in RA","g__Ruminococcus 2",NA
2.21317853829781,0.825242456574995,0.650432631335277,1.26875931006237,0.204526921680811,0.903681305948737,"312478e388b73509f8f3603d943d3e42","k__Bacteria;p__Firmicutes;c__Clostridia;o__Clostridiales;f__Ruminococcaceae;g__Subdoligranulum",0.999821455,"Higher in RA","g__Subdoligranulum",NA
2.21995278226089,0.838076568762389,0.661999113289522,1.26597838567778,0.205520820697155,0.903681305948737,"7af1a633421b681a1d8b75c24a4d7665","k__Bacteria;p__Firmicutes;c__Clostridia;o__Clostridiales;f__Ruminococcaceae;g__Subdoligranulum",0.999832731,"Higher in RA","g__Subdoligranulum",NA
1.91727579686629,-0.765495010686061,0.604976387016424,-1.26533039489569,0.205752915195951,0.903681305948737,"0364b2715b805c128cae183d4521c66c","k__Bacteria;p__Bacteroidetes;c__Bacteroidia;o__Bacteroidales;f__Bacteroidaceae;g__Bacteroides;s__human gut metagenome",0.848252876,"Higher in HC","g__Bacteroides","s__human gut metagenome"
26.9115523167477,-0.257482768577273,0.204399261915529,-1.25970498212309,0.207775807459137,0.906384935829819,"53efbe1cae24dfb7261fea10f8e57500","k__Bacteria;p__Firmicutes;c__Clostridia;o__Clostridiales;f__Lachnospiraceae;g__Tyzzerella 3;s__unidentified",0.999685833,"Higher in HC","g__Tyzzerella 3","s__unidentified"
1.60573134395731,-1.33294564426914,1.06220466049074,-1.25488589332051,0.209520185669267,0.906384935829819,"08d84806384110649a9667b9f5c79465","k__Bacteria;p__Firmicutes;c__Erysipelotrichia;o__Erysipelotrichales;f__Erysipelotrichaceae;g__Catenibacterium;s__uncultured bacterium",0.814276996,"Higher in HC","g__Catenibacterium","s__uncultured bacterium"
2.50647541837312,-0.695105483391367,0.550974760793264,-1.26159224134077,0.207095549430642,0.906384935829819,"43aa88103793c50326013b662447ab42","k__Bacteria;p__Firmicutes;c__Clostridia;o__Clostridiales;f__Lachnospiraceae;g__Coprococcus 2;s__uncultured bacterium",0.991595526,"Higher in HC","g__Coprococcus 2","s__uncultured bacterium"
0.618763521908922,-1.4203539980713,1.13034103801841,-1.25657120311345,0.208908947734799,0.906384935829819,"942fb19885976bd07b2dba13e73d7ea7","k__Bacteria;p__Firmicutes;c__Negativicutes;o__Veillonellales;f__Veillonellaceae;g__Megasphaera",0.99999997,"Higher in HC","g__Megasphaera",NA
0.86851769864241,-1.40207883162901,1.11736991838725,-1.25480273681673,0.209550378845309,0.906384935829819,"62b74508aaec04dc85e7346174ec0415","k__Bacteria;p__Firmicutes;c__Clostridia;o__Clostridiales;f__Lachnospiraceae;g__[Eubacterium] hallii group",0.999989787,"Higher in HC","g__[Eubacterium] hallii group",NA
0.595139267404342,0.989057067390478,0.786872550050991,1.25694696978105,0.208772838829991,0.906384935829819,"5dcb4d8bfd5ef4078ce2398df7b3f05e","k__Bacteria;p__Firmicutes;c__Clostridia;o__Clostridiales;f__Lachnospiraceae;g__Lachnospira",0.995238221,"Higher in RA","g__Lachnospira",NA
0.472962988624005,-0.81764167008964,0.651461789595096,-1.25508768610639,0.209446930113945,0.906384935829819,"2a0aecc11815f4cbe9a1e9ebedba4ea3","k__Bacteria;p__Firmicutes;c__Clostridia;o__Clostridiales;f__Ruminococcaceae;g__Oscillibacter;s__gut metagenome",0.956212016,"Higher in HC","g__Oscillibacter","s__gut metagenome"
3.91979333995175,-0.670160339343102,0.535538150233559,-1.25137740243311,0.210796817815736,0.909802715854065,"05cb47765c7f904b858200285c027fda","k__Bacteria;p__Firmicutes;c__Clostridia;o__Clostridiales;f__Ruminococcaceae;g__Ruminococcus 1;s__metagenome",0.995040109,"Higher in HC","g__Ruminococcus 1","s__metagenome"
0.904856698948623,-1.53343708211983,1.22701260449812,-1.24973213518622,0.211397414242555,0.910424285096447,"8a1537ebda9bfb971ef601a287dc2f1c","k__Bacteria;p__Firmicutes;c__Clostridia;o__Clostridiales;f__Ruminococcaceae;g__Ruminococcaceae UCG-014",0.991155204,"Higher in HC","g__Ruminococcaceae UCG-014",NA
3.02778527155486,-0.631570332266387,0.506399797547053,-1.24717730008117,0.212332494320709,0.911255241414038,"7c073216c71cde9fe6cac79f7cac0d0a","k__Bacteria;p__Firmicutes;c__Clostridia;o__Clostridiales;f__Ruminococcaceae;g__[Eubacterium] coprostanoligenes group;s__uncultured organism",0.938315637,"Higher in HC","g__[Eubacterium] coprostanoligenes group","s__uncultured organism"
0.970733275540256,1.40768808608526,1.12912356795054,1.24670862077596,0.21250435669886,0.911255241414038,"f0f74fd09c3f501a94105774988bfaf4","k__Bacteria;p__Firmicutes;c__Clostridia;o__Clostridiales;f__Lachnospiraceae;g__Lachnospiraceae NK4A136 group;s__gut metagenome",0.877872696,"Higher in RA","g__Lachnospiraceae NK4A136 group","s__gut metagenome"
4.42762686239621,-0.504246724902573,0.406598918743606,-1.24015756475866,0.214917120646264,0.917654686442508,"427d77470c52eb05bcd12fd10b1254ad","k__Bacteria;p__Firmicutes;c__Clostridia;o__Clostridiales;f__Lachnospiraceae;g__Roseburia;s__gut metagenome",0.999658844,"Higher in HC","g__Roseburia","s__gut metagenome"
1.96137500070279,-0.672002492971324,0.541385926923516,-1.24126331984662,0.214508490200451,0.917654686442508,"2dd2a04e031425cd6f2eed140680d126","k__Bacteria;p__Firmicutes;c__Clostridia;o__Clostridiales;f__Ruminococcaceae;g__Ruminococcaceae NK4A214 group;s__gut metagenome",0.975276669,"Higher in HC","g__Ruminococcaceae NK4A214 group","s__gut metagenome"
0.53536394864307,1.27144178004518,1.02668041741415,1.2384007316001,0.215567509511524,0.918464987106791,"3bb35a529d6001d088bd5d77dc75f7b8","k__Bacteria;p__Firmicutes;c__Clostridia;o__Clostridiales;f__Peptostreptococcaceae;g__Intestinibacter;s__uncultured bacterium",0.934095695,"Higher in RA","g__Intestinibacter","s__uncultured bacterium"
2.17675859149352,0.92159391586528,0.745680801518743,1.23590940518819,0.216492240614817,0.918479846353074,"02fbf37cf0ce40e3e9dda01d9461752e","k__Bacteria;p__Firmicutes;c__Clostridia;o__Clostridiales;f__Lachnospiraceae;g__[Eubacterium] eligens group",0.998701648,"Higher in RA","g__[Eubacterium] eligens group",NA
1.08014892698349,-1.01620165073087,0.82199654037373,-1.23626025271206,0.216361840501035,0.918479846353074,"7e28e9e5c2685a93d5693d68f5fce59f","k__Bacteria;p__Firmicutes;c__Clostridia;o__Clostridiales;f__Lachnospiraceae;g__Lachnospiraceae NK4A136 group;s__metagenome",0.786732312,"Higher in HC","g__Lachnospiraceae NK4A136 group","s__metagenome"
3.33199546737855,-1.09142642799286,0.889513059080768,-1.2269931473752,0.219825166512277,0.925240165116405,"d6e0cb1109e5a0e130e6fd533a10e54e","k__Bacteria;p__Bacteroidetes;c__Bacteroidia;o__Bacteroidales;f__Bacteroidaceae;g__Bacteroides;s__uncultured Bacteroides sp.",0.834006437,"Higher in HC","g__Bacteroides","s__uncultured Bacteroides sp."
2.46262254034355,-1.06249414700733,0.866757511759663,-1.22582629235054,0.220264050744752,0.925240165116405,"4da910ca1d1cc3cd45636ed058cc758c","k__Bacteria;p__Bacteroidetes;c__Bacteroidia;o__Bacteroidales;f__Prevotellaceae;g__Prevotella 9;s__uncultured bacterium",0.868480491,"Higher in HC","g__Prevotella 9","s__uncultured bacterium"
1.03754877342171,-1.43325704986738,1.16859136850394,-1.22648265980457,0.220017096757647,0.925240165116405,"d7116b05957875db66315a9ff8e48f8c","k__Bacteria;p__Bacteroidetes;c__Bacteroidia;o__Bacteroidales;f__Prevotellaceae;g__Prevotella 9;s__uncultured bacterium",0.727912385,"Higher in HC","g__Prevotella 9","s__uncultured bacterium"
2.96910710958119,-0.40374136661483,0.328967024969498,-1.22730041605922,0.21970969930217,0.925240165116405,"fc936eea247daf98685b2fed95cbfbf4","k__Bacteria;p__Firmicutes;c__Clostridia;o__Clostridiales;f__Christensenellaceae;g__Christensenellaceae R-7 group;s__uncultured prokaryote",0.959081019,"Higher in HC","g__Christensenellaceae R-7 group","s__uncultured prokaryote"
0.427902699080457,0.604298652043065,0.493123915722806,1.22544989763334,0.2204057564846,0.925240165116405,"8e25012f87bc48e8fd2e72ef9316df99","k__Bacteria;p__Firmicutes;c__Clostridia;o__Clostridiales;f__Ruminococcaceae;g__Ruminiclostridium 5;s__uncultured organism",0.999980652,"Higher in RA","g__Ruminiclostridium 5","s__uncultured organism"
0.508133953785582,-1.99944114498432,1.63396039145708,-1.22367785378281,0.221073777242052,0.925847912882654,"9a4ea936715fced651009b552ce1b0fb","k__Bacteria;p__Firmicutes;c__Clostridia;o__Clostridiales;f__Lachnospiraceae;g__Lachnoclostridium 12",0.875246152,"Higher in HC","g__Lachnoclostridium 12",NA
0.443738204031936,2.15526413362624,1.76284675583848,1.22260436222722,0.221479164716663,0.925847912882654,"9785eb8d12aad4df7eaaa71beb352b67","k__Bacteria;p__Proteobacteria;c__Gammaproteobacteria;o__Enterobacteriales;f__Enterobacteriaceae;g__Escherichia-Shigella",0.993950571,"Higher in RA","g__Escherichia-Shigella",NA
2.84535237056715,0.823510925406562,0.674815753228321,1.22034929010902,0.222332492006079,0.927470688410297,"3b85f9054ed46e93e409837a036555e6","k__Bacteria;p__Firmicutes;c__Clostridia;o__Clostridiales;f__Clostridiaceae 1;g__Clostridium sensu stricto 1",0.999406212,"Higher in RA","g__Clostridium sensu stricto 1",NA
7.80801041970763,0.307414851624122,0.252326228618286,1.21832301504087,0.223101247410172,0.928296601362893,"9de9262a80ca858bb5d8ca46683ff2f9","k__Bacteria;p__Firmicutes;c__Clostridia;o__Clostridiales;f__Ruminococcaceae;g__Faecalibacterium",0.999985315,"Higher in RA","g__Faecalibacterium",NA
1.01392962999336,-0.870741706298415,0.715261693115623,-1.21737500369345,0.223461569034197,0.928296601362893,"fdba6a00022bc19924e1879461368c49","k__Bacteria;p__Firmicutes;c__Clostridia;o__Clostridiales;f__Ruminococcaceae;g__Ruminococcus 1;s__Ruminococcus sp. UNK.MGS-30",0.968016893,"Higher in HC","g__Ruminococcus 1","s__Ruminococcus sp. UNK.MGS-30"
5.57639153775481,-0.444988752426296,0.36732565085809,-1.21142847330912,0.225731232293168,0.935775628258997,"9707cab30340bf0a6d02bcccf1dc631a","k__Bacteria;p__Firmicutes;c__Clostridia;o__Clostridiales;f__Lachnospiraceae;g__Blautia;s__Blautia massiliensis",0.758072287,"Higher in HC","g__Blautia","s__Blautia massiliensis"
7.29003319535008,-0.598835263517218,0.495539188775379,-1.20845187844197,0.226873495072419,0.938559645590047,"565296b248f5112844335e4b8ed1e3cd","k__Bacteria;p__Firmicutes;c__Clostridia;o__Clostridiales;f__Lachnospiraceae;g__Coprococcus 2",0.999981821,"Higher in HC","g__Coprococcus 2",NA
0.932126828689869,1.12322557597173,0.930588172837444,1.20700607288712,0.227429805226938,0.938913108949303,"e43e774817a7e45619f9030c74443f57","k__Bacteria;p__Firmicutes;c__Clostridia;o__Clostridiales;f__Clostridiaceae 1;g__Clostridium sensu stricto 1;s__uncultured bacterium",0.992665665,"Higher in RA","g__Clostridium sensu stricto 1","s__uncultured bacterium"
1.22686451173382,-1.33034735204109,1.10528703093863,-1.20362160669824,0.228735864391816,0.940478229323674,"7312ef7cfc799d090922d69a6eb88f0b","k__Bacteria;p__Firmicutes;c__Clostridia;o__Clostridiales;f__Lachnospiraceae;g__Blautia;s__Blautia massiliensis",0.78979629,"Higher in HC","g__Blautia","s__Blautia massiliensis"
0.997922921494718,1.03748128425086,0.86199662221305,1.20357929197829,0.228752227292869,0.940478229323674,"6d7df85693025bdb12fe79d2d9a52c55","k__Bacteria;p__Firmicutes;c__Clostridia;o__Clostridiales;f__Lachnospiraceae;g__[Eubacterium] eligens group",0.998574525,"Higher in RA","g__[Eubacterium] eligens group",NA
0.382527554787714,-1.18867680792108,0.990723177234153,-1.19980720673111,0.230214224633545,0.944541489545861,"cc7512e0c0da71eacb8cd7fb89065af6","k__Bacteria;p__Firmicutes;c__Clostridia;o__Clostridiales;f__Lachnospiraceae;g__Marvinbryantia;s__uncultured Clostridium sp.",0.980315605,"Higher in HC","g__Marvinbryantia","s__uncultured Clostridium sp."
0.815890405008247,-1.43402534532802,1.19821663277047,-1.19679973229241,0.231384622653282,0.94545274092345,"92fdd3696dcf68a3c462814524bdaead","k__Bacteria;p__Firmicutes;c__Clostridia;o__Clostridiales;f__Lachnospiraceae;g__Tyzzerella 3;s__unidentified",0.980600957,"Higher in HC","g__Tyzzerella 3","s__unidentified"
0.646372896563845,-1.23039800824605,1.02784599320035,-1.19706455673872,0.23128139337583,0.94545274092345,"5d841f970acc6cdefbac8d7a5de3c306","k__Bacteria;p__Firmicutes;c__Clostridia;o__Clostridiales;f__Lachnospiraceae;g__Lachnospiraceae FCS020 group;s__uncultured Clostridium sp.",0.985910695,"Higher in HC","g__Lachnospiraceae FCS020 group","s__uncultured Clostridium sp."
3.27872830212371,-0.555802916336267,0.467404021732567,-1.18912737266578,0.234389548461286,0.948310457826913,"a10a15045f2989bce9290b9c7a8bb4dc","k__Bacteria;p__Firmicutes;c__Clostridia;o__Clostridiales;f__Lachnospiraceae;g__[Ruminococcus] torques group;s__Ruminococcus torques ATCC 27756",0.938054057,"Higher in HC","g__[Ruminococcus] torques group","s__Ruminococcus torques ATCC 27756"
1.66462945151066,-0.979893903741297,0.821631926364621,-1.19261906980285,0.233018593911389,0.948310457826913,"db77a1f91c1b3eee9f084f397f505227","k__Bacteria;p__Firmicutes;c__Clostridia;o__Clostridiales;f__Lachnospiraceae;g__Agathobacter",0.807720376,"Higher in HC","g__Agathobacter",NA
0.55943140785665,-1.44958681359695,1.21922265679763,-1.18894346780299,0.234461913595119,0.948310457826913,"68ce279573534ca51136b3ef6b14ecca","k__Bacteria;p__Bacteroidetes;c__Bacteroidia;o__Bacteroidales;f__Bacteroidaceae;g__Bacteroides;s__Bacteroides ovatus V975",0.950641776,"Higher in HC","g__Bacteroides","s__Bacteroides ovatus V975"
0.409501368387083,-2.15314952805626,1.80874047811478,-1.19041374597889,0.233883812945331,0.948310457826913,"7a12fd41bddef50ad7389d2711443cec","k__Bacteria;p__Proteobacteria;c__Gammaproteobacteria;o__Enterobacteriales;f__Enterobacteriaceae;g__Escherichia-Shigella",0.995740736,"Higher in HC","g__Escherichia-Shigella",NA
0.364084398015593,-1.29330710969361,1.08575667402931,-1.19115741181131,0.233591794989339,0.948310457826913,"7cf33af10afa3f9370fc7a65cd561910","k__Bacteria;p__Bacteroidetes;c__Bacteroidia;o__Bacteroidales;f__Tannerellaceae;g__Parabacteroides;s__Parabacteroides johnsonii CL02T12C29",0.999008289,"Higher in HC","g__Parabacteroides","s__Parabacteroides johnsonii CL02T12C29"
2.12532940717854,-0.671297607323325,0.566152996133037,-1.18571766273154,0.235733816898987,0.95152475889996,"1a7fb8de69bd4fd4842dc0867290fde8","k__Bacteria;p__Firmicutes;c__Clostridia;o__Clostridiales;f__Lachnospiraceae;g__[Ruminococcus] torques group",0.989460919,"Higher in HC","g__[Ruminococcus] torques group",NA
16.0801632198456,0.219129938947088,0.186638352978716,1.1740884735094,0.240359589851402,0.95387766311749,"ac76fb3de8ffb4655b962a8e29967128","k__Bacteria;p__Firmicutes;c__Clostridia;o__Clostridiales;f__Lachnospiraceae;g__Fusicatenibacter;s__uncultured organism",0.906562195,"Higher in RA","g__Fusicatenibacter","s__uncultured organism"
3.30127892906526,0.767304503035562,0.650962216934846,1.17872356194271,0.238508270199651,0.95387766311749,"d2d31a291d6ac8637612ab0dd3438ab8","k__Bacteria;p__Bacteroidetes;c__Bacteroidia;o__Bacteroidales;f__Bacteroidaceae;g__Bacteroides;s__Bacteroides fragilis",0.885103419,"Higher in RA","g__Bacteroides","s__Bacteroides fragilis"
6.59788043375406,-0.475586687261157,0.405512041981244,-1.1728053375124,0.240873877229925,0.95387766311749,"c8f3391312bf16b8a7b93e4cc3b478a9","k__Bacteria;p__Firmicutes;c__Clostridia;o__Clostridiales;f__Lachnospiraceae;g__[Ruminococcus] gauvreauii group;s__unidentified",0.886880529,"Higher in HC","g__[Ruminococcus] gauvreauii group","s__unidentified"
6.23989244531326,-0.351140157286818,0.300459090911976,-1.16867875829954,0.242533083313351,0.95387766311749,"2eedffc8fc97486e763d0d90f4672635","k__Bacteria;p__Firmicutes;c__Clostridia;o__Clostridiales;f__Lachnospiraceae;g__Lachnospiraceae ND3007 group",0.999965848,"Higher in HC","g__Lachnospiraceae ND3007 group",NA
4.96966287258641,-0.429807937761816,0.36448450135792,-1.17922143784037,0.238310011762427,0.95387766311749,"d191b0507206f39ff14ec9c4794cc637","k__Bacteria;p__Firmicutes;c__Clostridia;o__Clostridiales;f__Lachnospiraceae;g__Blautia;s__Blautia massiliensis",0.733038641,"Higher in HC","g__Blautia","s__Blautia massiliensis"
2.89671503802741,0.489856222873152,0.41652179102746,1.17606385410183,0.239569360613681,0.95387766311749,"7b71813956ec4dd0947f83a833133e27","k__Bacteria;p__Firmicutes;c__Clostridia;o__Clostridiales;f__Ruminococcaceae;g__Faecalibacterium;s__human gut metagenome",0.745181584,"Higher in RA","g__Faecalibacterium","s__human gut metagenome"
1.76163046895149,-0.720815260764966,0.610026952985271,-1.18161215211481,0.237359629489719,0.95387766311749,"e7a067c7cec7e2166edbb81118221d3d","k__Bacteria;p__Proteobacteria;c__Gammaproteobacteria;o__Betaproteobacteriales;f__Burkholderiaceae;g__Sutterella",0.999999997,"Higher in HC","g__Sutterella",NA
2.00639048408691,-0.280944067296989,0.239984638543351,-1.17067521072287,0.241729353081279,0.95387766311749,"cccbcbf1aa77de8ca96cf085a334fbb9","k__Bacteria;p__Firmicutes;c__Clostridia;o__Clostridiales;f__Ruminococcaceae;g__Ruminococcaceae UCG-004;s__uncultured bacterium",0.997269801,"Higher in HC","g__Ruminococcaceae UCG-004","s__uncultured bacterium"
1.53601706724939,-0.843399104537502,0.721086032549496,-1.16962341033781,0.24215255211072,0.95387766311749,"3a3cf54b988fe8984efbe8a58b405315","k__Bacteria;p__Firmicutes;c__Clostridia;o__Clostridiales;f__Lachnospiraceae;g__Roseburia;s__metagenome",0.966333712,"Higher in HC","g__Roseburia","s__metagenome"
1.03965854517366,0.859184544365133,0.733597189884738,1.17119388707054,0.241520851865209,0.95387766311749,"9d6b0128b805317dc71cac05d3de1ce0","k__Bacteria;p__Firmicutes;c__Clostridia;o__Clostridiales;f__Ruminococcaceae;g__Subdoligranulum;s__human gut metagenome",0.751605388,"Higher in RA","g__Subdoligranulum","s__human gut metagenome"
0.762384760171896,-0.998173238217085,0.854976277831184,-1.16748647196288,0.243013968336853,0.95387766311749,"0fb8522a62d2589383c7431bd11caafc","k__Bacteria;p__Firmicutes;c__Clostridia;o__Clostridiales;f__Ruminococcaceae;g__[Eubacterium] coprostanoligenes group;s__uncultured organism",0.932549041,"Higher in HC","g__[Eubacterium] coprostanoligenes group","s__uncultured organism"
0.556479595577651,-1.06638781979543,0.913051978439247,-1.16793769136594,0.242831899179549,0.95387766311749,"6e258b790a5e64519f9f81727fd14c69","k__Bacteria;p__Firmicutes;c__Clostridia;o__Clostridiales;f__Lachnospiraceae;g__Marvinbryantia;s__uncultured Clostridium sp.",0.972474919,"Higher in HC","g__Marvinbryantia","s__uncultured Clostridium sp."
0.368142419088333,0.778541343532924,0.661849065792299,1.17631252164862,0.23947001387195,0.95387766311749,"fc39d4baf97b1e5bb3168653e59cefbd","k__Bacteria;p__Actinobacteria;c__Actinobacteria;o__Actinomycetales;f__Actinomycetaceae;g__Actinomyces;s__Actinomyces sp. oral clone CT047",0.732866271,"Higher in RA","g__Actinomyces","s__Actinomyces sp. oral clone CT047"
0.298391398441849,0.494911575973757,0.418611788094205,1.18226860793127,0.237099137395215,0.95387766311749,"d04f43d06683eb89a933c38f240dd787","k__Bacteria;p__Firmicutes;c__Bacilli;o__Bacillales;f__Staphylococcaceae;g__Staphylococcus;s__Staphylococcus aureus",0.787840211,"Higher in RA","g__Staphylococcus","s__Staphylococcus aureus"
16.6544828177625,-0.288524846732901,0.24755506371357,-1.16549765698485,0.243817608081914,0.955151887063531,"ddd982b0a8584e23f6878dd056cdcde3","k__Bacteria;p__Firmicutes;c__Clostridia;o__Clostridiales;f__Lachnospiraceae;g__[Eubacterium] hallii group",0.999993956,"Higher in HC","g__[Eubacterium] hallii group",NA
42.6107313697698,-0.363984569501408,0.316337177192093,-1.15062217072381,0.249887707908997,0.96058676968432,"02dab90b02ca052a5473551d8960ae0a","k__Bacteria;p__Bacteroidetes;c__Bacteroidia;o__Bacteroidales;f__Bacteroidaceae;g__Bacteroides;s__human gut metagenome",0.949613106,"Higher in HC","g__Bacteroides","s__human gut metagenome"
16.358634003111,-0.207901563003985,0.180526147408272,-1.15164238526512,0.249468056612702,0.96058676968432,"2e6a7379d8cde581ccc600c9264d8fcb","k__Bacteria;p__Bacteroidetes;c__Bacteroidia;o__Bacteroidales;f__Rikenellaceae;g__Alistipes;s__Alistipes sp. AL-1",0.769328206,"Higher in HC","g__Alistipes","s__Alistipes sp. AL-1"
12.8354024204948,-0.327827665488973,0.284994394393837,-1.15029513540517,0.250022333734284,0.96058676968432,"662a92300ef696350c66a20501eaa315","k__Bacteria;p__Firmicutes;c__Clostridia;o__Clostridiales;f__Lachnospiraceae;g__[Eubacterium] ventriosum group;s__human gut metagenome",0.929869765,"Higher in HC","g__[Eubacterium] ventriosum group","s__human gut metagenome"
4.26877160438631,-0.905775417173011,0.784213750384928,-1.15501088412236,0.248085969382078,0.96058676968432,"db5443a1c510dba662c91d191e59b9e4","k__Bacteria;p__Firmicutes;c__Erysipelotrichia;o__Erysipelotrichales;f__Erysipelotrichaceae;g__Holdemanella;s__uncultured bacterium",0.76860557,"Higher in HC","g__Holdemanella","s__uncultured bacterium"
2.4756274643151,-1.16115867919244,1.00756184881106,-1.1524440713616,0.249138639757277,0.96058676968432,"17baaca28f551006a3d1b373f2cea82b","k__Bacteria;p__Firmicutes;c__Negativicutes;o__Selenomonadales;f__Selenomonadaceae;g__Megamonas;s__uncultured bacterium",0.867747911,"Higher in HC","g__Megamonas","s__uncultured bacterium"
4.87486195074575,-0.41911171222534,0.362620784574095,-1.1557851343728,0.24776905504157,0.96058676968432,"05fc2e0823f56dbac8b35124f7bfceb3","k__Bacteria;p__Firmicutes;c__Clostridia;o__Clostridiales;f__Lachnospiraceae;g__Lachnoclostridium",0.993004902,"Higher in HC","g__Lachnoclostridium",NA
1.70848984612695,-1.11655680981332,0.965400892535073,-1.15657321061857,0.24744677258338,0.96058676968432,"aa5327563df106d68f1ebc4d38216264","k__Bacteria;p__Firmicutes;c__Clostridia;o__Clostridiales;f__Ruminococcaceae;g__Ruminococcaceae UCG-014",0.999695418,"Higher in HC","g__Ruminococcaceae UCG-014",NA
1.05585132908174,0.955087791369415,0.827611413488223,1.15402926518848,0.248488171016621,0.96058676968432,"1a61e2701996f657c00bbabdc4d7b215","k__Bacteria;p__Firmicutes;c__Clostridia;o__Clostridiales;f__Clostridiaceae 1;g__Clostridium sensu stricto 1;s__uncultured bacterium",0.992875683,"Higher in RA","g__Clostridium sensu stricto 1","s__uncultured bacterium"
0.538939022213657,-1.94420691045303,1.68496070705185,-1.15385890146648,0.248558021071174,0.96058676968432,"ed29e9dbc15d14c9279a53e4241babfa","k__Bacteria;p__Firmicutes;c__Clostridia;o__Clostridiales;f__Lachnospiraceae;g__Anaerostipes",0.999954197,"Higher in HC","g__Anaerostipes",NA
0.575377317076778,-1.25972035356044,1.08977919277162,-1.15594091162322,0.247705326910149,0.96058676968432,"57041f0914efb4729a59891e69516950","k__Bacteria;p__Firmicutes;c__Clostridia;o__Clostridiales;f__Ruminococcaceae;g__uncultured;s__gut metagenome",0.999996152,"Higher in HC","g__uncultured","s__gut metagenome"
0.746679583007808,-1.3592056987097,1.18798715984634,-1.14412490694387,0.252571839689708,0.967385831643954,"bdfebb5c85e6644ad8a41157bb4d5b20","k__Bacteria;p__Firmicutes;c__Clostridia;o__Clostridiales;f__Lachnospiraceae;g__Lachnospiraceae UCG-008;s__uncultured organism",0.860256383,"Higher in HC","g__Lachnospiraceae UCG-008","s__uncultured organism"
0.533572716414926,1.15702816001705,1.01168387071988,1.14366571762556,0.252762296031344,0.967385831643954,"30d6c63929b2be4b4bf8b06346b57893","k__Bacteria;p__Firmicutes;c__Clostridia;o__Clostridiales;f__Peptostreptococcaceae;g__Intestinibacter;s__uncultured bacterium",0.938760788,"Higher in RA","g__Intestinibacter","s__uncultured bacterium"
0.776736984006313,-0.710734304743514,0.623049393635124,-1.14073508778622,0.2539801804112,0.970184827087995,"b92756a3790ab0c4586a517af711e8ac","k__Bacteria;p__Firmicutes;c__Clostridia;o__Clostridiales;f__Lachnospiraceae;g__Lachnospiraceae UCG-010;s__uncultured organism",0.891528019,"Higher in HC","g__Lachnospiraceae UCG-010","s__uncultured organism"
1.00140345873324,-1.34715937131605,1.18386994751229,-1.13792851499178,0.255150333237703,0.972791136665353,"da37039d9337bc52e9a449f9e33794f8","k__Bacteria;p__Firmicutes;c__Clostridia;o__Clostridiales;f__Ruminococcaceae;g__Ruminococcus 1;s__metagenome",0.999142865,"Higher in HC","g__Ruminococcus 1","s__metagenome"
23.2916879662821,-0.175646624306504,0.15557887802792,-1.12898760122812,0.258903064102778,0.972901461474449,"e4fa7640386454d469ddf1026d907f8b","k__Bacteria;p__Firmicutes;c__Clostridia;o__Clostridiales;f__Lachnospiraceae;g__Fusicatenibacter;s__uncultured organism",0.882882391,"Higher in HC","g__Fusicatenibacter","s__uncultured organism"
5.70248139790727,0.403139431473014,0.35831406150927,1.12510078386244,0.260546329201282,0.972901461474449,"2557813c53914b8ae579b3d8ab88759e","k__Bacteria;p__Firmicutes;c__Clostridia;o__Clostridiales;f__Peptostreptococcaceae;g__Romboutsia",0.79006751,"Higher in RA","g__Romboutsia",NA
4.81721760889739,-0.35472059105972,0.313545800241324,-1.13131986072435,0.25792048799915,0.972901461474449,"5c900b0c5f59f930ba15150ebf84792e","k__Bacteria;p__Firmicutes;c__Clostridia;o__Clostridiales;f__Ruminococcaceae;g__Ruminococcaceae UCG-002",0.998705227,"Higher in HC","g__Ruminococcaceae UCG-002",NA
3.79222925045517,0.439741611771626,0.388741606834875,1.13119255577501,0.257974054491365,0.972901461474449,"60960cdfb0301efe655ef9ceab397915","k__Bacteria;p__Firmicutes;c__Clostridia;o__Clostridiales;f__Ruminococcaceae;g__Faecalibacterium;s__human gut metagenome",0.734417545,"Higher in RA","g__Faecalibacterium","s__human gut metagenome"
3.31218901701695,-0.480884268732192,0.425711070872929,-1.12960245019264,0.258643778108984,0.972901461474449,"96dacfae4a1400fb6c255800da67d7e1","k__Bacteria;p__Firmicutes;c__Clostridia;o__Clostridiales;f__Ruminococcaceae;g__Ruminococcaceae UCG-005;s__uncultured organism",0.965463787,"Higher in HC","g__Ruminococcaceae UCG-005","s__uncultured organism"
0.517324044842273,1.84907015352955,1.6379729328619,1.12887711172297,0.258949677363019,0.972901461474449,"ddf362968dc34b720b86432f13f8e1aa","k__Bacteria;p__Bacteroidetes;c__Bacteroidia;o__Bacteroidales;f__Bacteroidaceae;g__Bacteroides;s__Bacteroides stercoris CC31F",0.777859525,"Higher in RA","g__Bacteroides","s__Bacteroides stercoris CC31F"
1.067071249277,1.40463231677649,1.24843268731068,1.12511658101671,0.260539635923626,0.972901461474449,"f989440e35bc6b23e9d2e23f32513c2f","k__Bacteria;p__Firmicutes;c__Clostridia;o__Clostridiales;f__Lachnospiraceae;g__Blautia",0.901994158,"Higher in RA","g__Blautia",NA
1.5906265306274,-0.599187560218059,0.531402954833217,-1.12755782550384,0.259506706453225,0.972901461474449,"a0257eb31c2556406ebdbafd198171a3","k__Bacteria;p__Firmicutes;c__Clostridia;o__Clostridiales;f__Ruminococcaceae;g__[Eubacterium] coprostanoligenes group;s__metagenome",0.990818299,"Higher in HC","g__[Eubacterium] coprostanoligenes group","s__metagenome"
0.92256784453676,-1.32736609518954,1.17531648802266,-1.1293690752375,0.258742172717742,0.972901461474449,"b41403d430475c0993fb3a0b69eb60ae","k__Bacteria;p__Firmicutes;c__Clostridia;o__Clostridiales;f__Lachnospiraceae;g__Blautia;s__Blautia massiliensis",0.769387361,"Higher in HC","g__Blautia","s__Blautia massiliensis"
0.607324207920436,1.17783061067728,1.03792153277436,1.13479735556593,0.256460234504583,0.972901461474449,"5d86375b77af4476231f85de53833456","k__Bacteria;p__Firmicutes;c__Clostridia;o__Clostridiales;f__Clostridiaceae 1;g__Clostridium sensu stricto 1",0.999561397,"Higher in RA","g__Clostridium sensu stricto 1",NA
0.516397787483201,1.07366001130673,0.954018742641126,1.12540767106356,0.260416321931903,0.972901461474449,"996551ced0b8c6ecf3675a2ea7a6be8e","k__Bacteria;p__Firmicutes;c__Clostridia;o__Clostridiales;f__Lachnospiraceae;g__Lachnospiraceae ND3007 group",0.999961522,"Higher in RA","g__Lachnospiraceae ND3007 group",NA
2.95241064412144,-0.543402821432483,0.483786381826582,-1.12322885026406,0.261340312640291,0.973531100664019,"71bec7a8f899ff287d454853cb1b7081","k__Bacteria;p__Firmicutes;c__Clostridia;o__Clostridiales;f__Lachnospiraceae;g__[Ruminococcus] torques group;s__Ruminococcus torques ATCC 27756",0.938767297,"Higher in HC","g__[Ruminococcus] torques group","s__Ruminococcus torques ATCC 27756"
1.0033091922286,0.989671356541268,0.881743844987937,1.12240234186699,0.261691409205574,0.973531100664019,"48d9148f014ebb64f753037eecafa41e","k__Bacteria;p__Firmicutes;c__Clostridia;o__Clostridiales;f__Clostridiaceae 1;g__Clostridium sensu stricto 1",0.981866165,"Higher in RA","g__Clostridium sensu stricto 1",NA
0.555789713787902,-1.84268447590576,1.6435966106355,-1.12112939633848,0.262232787421625,0.97372845087285,"e42e76f1b8af5d0606cfdafe01096f82","k__Bacteria;p__Firmicutes;c__Clostridia;o__Clostridiales;f__Ruminococcaceae;g__Ruminococcaceae UCG-014",0.999996426,"Higher in HC","g__Ruminococcaceae UCG-014",NA
1.86306159652909,-0.683772907042025,0.611664648463937,-1.11788855013801,0.263614595794312,0.977039970285983,"78f9e6ee8fb363b5d3f9cbea46251f76","k__Bacteria;p__Firmicutes;c__Clostridia;o__Clostridiales;f__Lachnospiraceae;g__Lachnospira",0.986734043,"Higher in HC","g__Lachnospira",NA
7.7782731315974,-0.406504761642177,0.366340163293892,-1.10963744184408,0.26715529015092,0.987312169511292,"a1befb2d2d0a2b25be91bbf4369163ac","k__Bacteria;p__Firmicutes;c__Clostridia;o__Clostridiales;f__Lachnospiraceae;g__Lachnospira;s__human gut metagenome",0.764041459,"Higher in HC","g__Lachnospira","s__human gut metagenome"
1.71098509208603,-1.14384971345755,1.03130853670805,-1.10912464383232,0.267376415013088,0.987312169511292,"db4a1327d2fce80f9c51e15dc7584fb2","k__Bacteria;p__Firmicutes;c__Clostridia;o__Clostridiales;f__Lachnospiraceae",0.999979619,"Higher in HC",NA,NA
0.399490269113944,1.14068798124842,1.02993007166217,1.10753925206544,0.26806085135784,0.988009866187678,"6419112219d9f5b7d8042857bf7c48e8","k__Bacteria;p__Firmicutes;c__Clostridia;o__Clostridiales;f__Clostridiaceae 1;g__Clostridium sensu stricto 1",0.999810236,"Higher in RA","g__Clostridium sensu stricto 1",NA
3.26489599112202,-0.788917564559004,0.713637682190254,-1.10548753835098,0.268948391207182,0.98918966537932,"df3b45a8db07d1f687a069c64893283a","k__Bacteria;p__Bacteroidetes;c__Bacteroidia;o__Bacteroidales;f__Bacteroidaceae;g__Bacteroides;s__Bacteroides uniformis CL03T12C37",0.891180905,"Higher in HC","g__Bacteroides","s__Bacteroides uniformis CL03T12C37"
1.40857467420888,-1.0825992225067,0.980164789859232,-1.10450735805576,0.269373113490958,0.98918966537932,"69f2c681f1d9fe5d2d8df122a83c56b3","k__Bacteria;p__Firmicutes;c__Clostridia;o__Clostridiales;f__Ruminococcaceae;g__Ruminococcaceae UCG-014;s__uncultured bacterium",0.811342465,"Higher in HC","g__Ruminococcaceae UCG-014","s__uncultured bacterium"
1.21453009244378,1.08765628286935,0.988905529847075,1.09985863163041,0.271393721496123,0.989430009620056,"778997eabd74ac6303f717ded84c3f0e","k__Bacteria;p__Firmicutes;c__Clostridia;o__Clostridiales;f__Clostridiaceae 1;g__Clostridium sensu stricto 1;s__uncultured bacterium",0.991771808,"Higher in RA","g__Clostridium sensu stricto 1","s__uncultured bacterium"
0.684334354026169,-0.948999628351,0.862891213943424,-1.0997905796422,0.271423377764378,0.989430009620056,"b7f10c50047e0dfd0f6bc94a3815c059","k__Bacteria;p__Firmicutes;c__Clostridia;o__Clostridiales;f__Lachnospiraceae;g__GCA-900066575",0.998854104,"Higher in HC","g__GCA-900066575",NA
0.600305763057732,-1.00303194709167,0.910170918223957,-1.10202592393187,0.270450401447243,0.989430009620056,"f540084a6643f70e38bb548d5cedc8fa","k__Bacteria;p__Firmicutes;c__Clostridia;o__Clostridiales;f__Lachnospiraceae;g__Lachnospiraceae NK4A136 group;s__uncultured Clostridium sp.",0.992696528,"Higher in HC","g__Lachnospiraceae NK4A136 group","s__uncultured Clostridium sp."
0.619169189585566,-1.48734035300647,1.35113004545729,-1.10081213722331,0.270978428217172,0.989430009620056,"60af3d74bee5c66b20f46bbcfbb62a47","k__Bacteria;p__Firmicutes;c__Clostridia;o__Clostridiales;f__Lachnospiraceae;g__Dorea",0.869156995,"Higher in HC","g__Dorea",NA
0.860198709867224,0.943143254781055,0.858633859106651,1.09842308776681,0.272019785373176,0.989794620500206,"282be1ff97c5301c0ec1a394a39085f1","k__Bacteria;p__Firmicutes;c__Clostridia;o__Clostridiales;f__Lachnospiraceae;g__Blautia;s__Ruminococcus sp. Marseille-P328",0.871560588,"Higher in RA","g__Blautia","s__Ruminococcus sp. Marseille-P328"
2.1384230224915,-0.738805798656594,0.67503129432516,-1.09447636704783,0.273746106818726,0.992008623984278,"a26fa7f7b094fdba563f3f29a48a051a","k__Bacteria;p__Tenericutes;c__Mollicutes;o__Mollicutes RF39;f__gut metagenome;g__gut metagenome;s__gut metagenome",0.999791218,"Higher in HC","g__gut metagenome","s__gut metagenome"
1.59133223874787,-0.952202564197123,0.870686991176643,-1.09362213269124,0.274120738122035,0.992008623984278,"d90d375f530a40869c05cb50717fe481","k__Bacteria;p__Firmicutes;c__Clostridia;o__Clostridiales;f__Ruminococcaceae;g__Ruminococcaceae UCG-014",0.907259654,"Higher in HC","g__Ruminococcaceae UCG-014",NA
1.12622819095901,0.946369450499304,0.865277279182334,1.09371813321344,0.274078618862866,0.992008623984278,"ffc9c51d66d7db3c2f0ae800c7093296","k__Bacteria;p__Firmicutes;c__Clostridia;o__Clostridiales;f__Ruminococcaceae;g__Ruminococcus 2",0.999714451,"Higher in RA","g__Ruminococcus 2",NA
5.21998042883335,0.408772075304267,0.375025087012654,1.0899859488346,0.275719333671373,0.995958151328468,"9ee9a47eee6dbde79326e2663651007e","k__Bacteria;p__Firmicutes;c__Clostridia;o__Clostridiales;f__Ruminococcaceae;g__Ruminococcus 2",0.999061493,"Higher in RA","g__Ruminococcus 2",NA
1.73303824204866,0.73828874903707,0.678737314116252,1.08773856053333,0.276710539536595,0.995958151328468,"5bfc794539aa853ce10e7e3f34f21005","k__Bacteria;p__Firmicutes;c__Clostridia;o__Clostridiales;f__Lachnospiraceae;g__Anaerostipes",0.999880995,"Higher in RA","g__Anaerostipes",NA
0.311089351677216,-0.745525634458735,0.685002404386804,-1.08835477026699,0.276438520171349,0.995958151328468,"1509b9b8d1b34422e09cd4e25a997c8b","k__Bacteria;p__Bacteroidetes;c__Bacteroidia;o__Bacteroidales;f__Bacteroidaceae;g__Bacteroides;s__uncultured bacterium",0.823014847,"Higher in HC","g__Bacteroides","s__uncultured bacterium"
183.131202639045,0.0534835465677397,0.158273464983591,0.337918592818351,0.735424535858835,0.999624337131013,"055095f4a78cd2559cf33874d95715de","k__Bacteria;p__Bacteroidetes;c__Bacteroidia;o__Bacteroidales;f__Bacteroidaceae;g__Bacteroides",1,"Higher in RA","g__Bacteroides",NA
174.797912480706,-0.0177315804859708,0.166268656443655,-0.106644155700986,0.915071287124304,0.999624337131013,"959c70f2ef9414a19f279f494ea4f305","k__Bacteria;p__Bacteroidetes;c__Bacteroidia;o__Bacteroidales;f__Bacteroidaceae;g__Bacteroides",1,"Higher in HC","g__Bacteroides",NA
148.455064810298,-0.0108750753157618,0.206175583790034,-0.0527466692022895,0.95793375410969,0.999624337131013,"4701033a29524afa86c12528501542ad","k__Bacteria;p__Bacteroidetes;c__Bacteroidia;o__Bacteroidales;f__Bacteroidaceae;g__Bacteroides;s__Bacteroides dorei",0.712270315,"Higher in HC","g__Bacteroides","s__Bacteroides dorei"
22.8944446885272,0.0407314475684852,0.30632506394301,0.132968053753718,0.894218645523086,0.999624337131013,"5ea83449865c3fe549a4935e593b2344","k__Bacteria;p__Firmicutes;c__Bacilli;o__Lactobacillales;f__Enterococcaceae;g__Enterococcus",0.999609314,"Higher in RA","g__Enterococcus",NA
60.0958033613376,0.0135571898710403,0.207586906652598,0.0653085018205347,0.947928373323876,0.999624337131013,"1f15dbbce0a5d7f40dba5de405bcf524","k__Bacteria;p__Firmicutes;c__Clostridia;o__Clostridiales;f__Lachnospiraceae;g__Roseburia;s__metagenome",0.904380068,"Higher in RA","g__Roseburia","s__metagenome"
58.2792774252634,-0.0506595336551261,0.108092045231661,-0.46867032209959,0.63930530343496,0.999624337131013,"8f587743a8febcae07a7deb1a9092433","k__Bacteria;p__Firmicutes;c__Clostridia;o__Clostridiales;f__Lachnospiraceae;g__Blautia",0.983087338,"Higher in HC","g__Blautia",NA
53.1229449171797,0.0790193925818579,0.211943476820061,0.372832387990619,0.709273195894654,0.999624337131013,"7c5fb8c2631597d9cec79c306a292663","k__Bacteria;p__Firmicutes;c__Clostridia;o__Clostridiales;f__Lachnospiraceae;g__Roseburia;s__metagenome",0.89704876,"Higher in RA","g__Roseburia","s__metagenome"
50.8449237981715,-0.0887525940441165,0.110161334460935,-0.805660120934628,0.420438849650401,0.999624337131013,"dbc6b00533e3e7c101256fb389ba1fd0","k__Bacteria;p__Firmicutes;c__Clostridia;o__Clostridiales;f__Lachnospiraceae;g__Blautia",0.976564449,"Higher in HC","g__Blautia",NA
46.2771405813118,0.116226981899202,0.277846741346542,0.418313280681016,0.675718080883586,0.999624337131013,"307a1c3ca72ea2c58fe8c45429232997","k__Bacteria;p__Bacteroidetes;c__Bacteroidia;o__Bacteroidales;f__Bacteroidaceae;g__Bacteroides",1,"Higher in RA","g__Bacteroides",NA
50.0376077365028,-0.150454490663881,0.143657991834751,-1.04731027311692,0.294956499518123,0.999624337131013,"66b1914d1daf605d6f05fe0bed91299d","k__Bacteria;p__Bacteroidetes;c__Bacteroidia;o__Bacteroidales;f__Tannerellaceae;g__Parabacteroides;s__swine fecal bacterium SD-Xyl5",0.976032999,"Higher in HC","g__Parabacteroides","s__swine fecal bacterium SD-Xyl5"
41.5424994682046,0.0741885516969028,0.317528264392059,0.233643930372449,0.815261419985149,0.999624337131013,"2458cc4c2dff64e4e3e83b0a5730dcb5","k__Bacteria;p__Bacteroidetes;c__Bacteroidia;o__Bacteroidales;f__Bacteroidaceae;g__Bacteroides",1,"Higher in RA","g__Bacteroides",NA
43.4635252390417,-0.153782259705766,0.181594056786108,-0.84684632541086,0.397080783210038,0.999624337131013,"206d9792fc11da2c02e2a8fdb6afc8e0","k__Bacteria;p__Firmicutes;c__Clostridia;o__Clostridiales;f__Lachnospiraceae;g__Agathobacter",0.876796714,"Higher in HC","g__Agathobacter",NA
40.4957621241805,-0.177414677453271,0.266730574998379,-0.665145634145426,0.505957349199732,0.999624337131013,"5d8e341effd1bc23f35454d1ddd1a515","k__Bacteria;p__Bacteroidetes;c__Bacteroidia;o__Bacteroidales;f__Bacteroidaceae;g__Bacteroides;s__Bacteroides stercoris CC31F",0.870513053,"Higher in HC","g__Bacteroides","s__Bacteroides stercoris CC31F"
40.5117792122681,-0.111008441971454,0.185076274973275,-0.599798337131452,0.548640641689073,0.999624337131013,"4872355c5de2f14409aefec7a889e2b2","k__Bacteria;p__Firmicutes;c__Clostridia;o__Clostridiales;f__Lachnospiraceae;g__Agathobacter",0.899443451,"Higher in HC","g__Agathobacter",NA
29.3633301677982,-0.0454681843670077,0.137480956831813,-0.330723508293815,0.740853343577927,0.999624337131013,"b500f51ed85049d51a676f061e628014","k__Bacteria;p__Bacteroidetes;c__Bacteroidia;o__Bacteroidales;f__Bacteroidaceae;g__Bacteroides;s__Bacteroides thetaiotaomicron",0.899967671,"Higher in HC","g__Bacteroides","s__Bacteroides thetaiotaomicron"
32.4494840192679,-0.134638188526873,0.174040985250584,-0.773600473089839,0.439167092244605,0.999624337131013,"599abddb972759bebd80c6bbfcbef19a","k__Bacteria;p__Firmicutes;c__Clostridia;o__Clostridiales;f__Lachnospiraceae;g__Agathobacter",0.884719681,"Higher in HC","g__Agathobacter",NA
19.4225053136749,0.179201613245799,0.317377398091596,0.564632561497276,0.572323712929033,0.999624337131013,"0231b6aeebaa5e9815b58b3b3825fd0a","k__Bacteria;p__Firmicutes;c__Negativicutes;o__Veillonellales;f__Veillonellaceae;g__Dialister",0.999999991,"Higher in RA","g__Dialister",NA
29.6248281905942,-0.0849501126972649,0.175768665212779,-0.483306353805597,0.628878229270078,0.999624337131013,"5d3c318be9666334d5f64e1255f44182","k__Bacteria;p__Firmicutes;c__Clostridia;o__Clostridiales;f__Lachnospiraceae;g__Agathobacter",0.889894448,"Higher in HC","g__Agathobacter",NA
27.5965469078782,0.190487720587661,0.374992452461643,0.50797747884578,0.611469137328351,0.999624337131013,"6afaf1469422d19a538a5eeed519c7fd","k__Bacteria;p__Firmicutes;c__Clostridia;o__Clostridiales;f__Ruminococcaceae;g__Ruminococcus 2;s__uncultured bacterium",0.90708274,"Higher in RA","g__Ruminococcus 2","s__uncultured bacterium"
14.7555550275109,-0.121411405126663,0.276298855527071,-0.439420586433692,0.660356812523074,0.999624337131013,"27bbd64edbf0694532de71c5b3ca16db","k__Bacteria;p__Bacteroidetes;c__Bacteroidia;o__Bacteroidales;f__Bacteroidaceae;g__Bacteroides;s__Bacteroides fragilis",0.703350654,"Higher in HC","g__Bacteroides","s__Bacteroides fragilis"
27.1507655076249,-0.173084081744237,0.180227426546475,-0.960364829376311,0.336871632592186,0.999624337131013,"e2247a2e57a5a3a1fd03e4d8ae5fc4d0","k__Bacteria;p__Firmicutes;c__Clostridia;o__Clostridiales;f__Lachnospiraceae;g__Agathobacter",0.896654856,"Higher in HC","g__Agathobacter",NA
25.1004903908548,0.173574204545693,0.385762110077673,0.449951407904586,0.65274547848002,0.999624337131013,"abf2700abc7c526adb4db892797aa369","k__Bacteria;p__Firmicutes;c__Clostridia;o__Clostridiales;f__Ruminococcaceae;g__Ruminococcus 2;s__uncultured bacterium",0.897591032,"Higher in RA","g__Ruminococcus 2","s__uncultured bacterium"
24.6297819686914,-0.0703601931034136,0.184440723490319,-0.381478622355906,0.702848131002517,0.999624337131013,"d6f01ef53f0c7fd0a64cc9b2912e7b2a","k__Bacteria;p__Firmicutes;c__Clostridia;o__Clostridiales;f__Peptostreptococcaceae;g__Romboutsia",0.803207152,"Higher in HC","g__Romboutsia",NA
12.7303675904996,-0.244706010817748,0.468341797570996,-0.522494494591108,0.601326078649455,0.999624337131013,"e01ef0d40118be8924ced795a4ce790b","k__Bacteria;p__Bacteroidetes;c__Bacteroidia;o__Bacteroidales;f__Bacteroidaceae;g__Bacteroides;s__uncultured Bacteroides sp.",0.809359165,"Higher in HC","g__Bacteroides","s__uncultured Bacteroides sp."
23.1420168308428,0.00350137814497234,0.228094734227782,0.0153505435223058,0.987752519323239,0.999624337131013,"2b7ae59d79aea564f70dae8e77426f66","k__Bacteria;p__Firmicutes;c__Clostridia;o__Clostridiales;f__Lachnospiraceae;g__Anaerostipes",0.999913399,"Higher in RA","g__Anaerostipes",NA
12.9680975884655,-0.229869940045472,0.592451688863286,-0.387997780015641,0.698017676460847,0.999624337131013,"44e1e8ad0b2eccecb64d980bcebe173b","k__Bacteria;p__Bacteroidetes;c__Bacteroidia;o__Bacteroidales;f__Prevotellaceae;g__Prevotella 9",0.99999574,"Higher in HC","g__Prevotella 9",NA
20.4408703283458,0.147107306734855,0.267441368126304,0.550054420396852,0.58228204785394,0.999624337131013,"157f789a44cbc03068860e5f20363b33","k__Bacteria;p__Firmicutes;c__Clostridia;o__Clostridiales;f__Lachnospiraceae;g__Roseburia;s__metagenome",0.913414972,"Higher in RA","g__Roseburia","s__metagenome"
20.130959521732,0.0889652757338385,0.204878311675244,0.434234717215256,0.664118004831835,0.999624337131013,"51aa770a6ce50c3c8293376f51288193","k__Bacteria;p__Firmicutes;c__Clostridia;o__Clostridiales;f__Peptostreptococcaceae;g__Romboutsia",0.777581053,"Higher in RA","g__Romboutsia",NA
21.3009153078239,-0.207406289612987,0.221382624957214,-0.936867966278165,0.34882647878952,0.999624337131013,"55a460501769b6b44f52be847ea61be4","k__Bacteria;p__Firmicutes;c__Clostridia;o__Clostridiales;f__Ruminococcaceae;g__Subdoligranulum;s__human gut metagenome",0.736962366,"Higher in HC","g__Subdoligranulum","s__human gut metagenome"
19.6201945613253,0.183907467663519,0.257916661100822,0.713049970787376,0.475814835847205,0.999624337131013,"b1c940dac6bc727ba0de0ce78b6a0f7d","k__Bacteria;p__Firmicutes;c__Clostridia;o__Clostridiales;f__Lachnospiraceae;g__Roseburia;s__metagenome",0.865171941,"Higher in RA","g__Roseburia","s__metagenome"
18.8242324933899,0.198850400726922,0.255177679105887,0.779262517880369,0.435825089402351,0.999624337131013,"13b5a9407da52ad6ea2bd6ec81b4fda1","k__Bacteria;p__Firmicutes;c__Clostridia;o__Clostridiales;f__Lachnospiraceae;g__Anaerostipes",0.99991646,"Higher in RA","g__Anaerostipes",NA
18.5169546963623,-0.0237292864550591,0.216541188804309,-0.109583246430329,0.912739898040514,0.999624337131013,"26a28caeaed8e4dd4a0d32dfc9b97818","k__Bacteria;p__Bacteroidetes;c__Bacteroidia;o__Bacteroidales;f__Bacteroidaceae;g__Bacteroides",0.99999999,"Higher in HC","g__Bacteroides",NA
19.199917794094,-0.120982667792923,0.217337286737193,-0.556658590935739,0.577760714118004,0.999624337131013,"902a0a0fd53de1bb9c7c8238e9e554e9","k__Bacteria;p__Firmicutes;c__Clostridia;o__Clostridiales;f__Lachnospiraceae;g__Blautia;s__Blautia obeum",0.724736531,"Higher in HC","g__Blautia","s__Blautia obeum"
18.7829187639473,-0.0866321982994861,0.274243491318249,-0.315895184542238,0.752082067100029,0.999624337131013,"730cc690899cc67b4e2a0dc58bbf861f","k__Bacteria;p__Firmicutes;c__Clostridia;o__Clostridiales;f__Ruminococcaceae;g__Ruminococcus 2",0.997548649,"Higher in HC","g__Ruminococcus 2",NA
17.8158886705448,0.0669188130510408,0.237409707454199,0.281870584689342,0.778042745381848,0.999624337131013,"0c6cfacf1cadf3be5b14da13ce660147","k__Bacteria;p__Firmicutes;c__Clostridia;o__Clostridiales;f__Ruminococcaceae;g__Subdoligranulum;s__human gut metagenome",0.775135451,"Higher in RA","g__Subdoligranulum","s__human gut metagenome"
16.9366215374865,0.0158370053436923,0.153607121781856,0.103100723195524,0.917883031056643,0.999624337131013,"826e158270c31082b41e02c8c2da22f8","k__Bacteria;p__Firmicutes;c__Clostridia;o__Clostridiales;f__Ruminococcaceae;g__Ruminococcaceae UCG-013;s__uncultured Clostridium sp.",0.72703272,"Higher in RA","g__Ruminococcaceae UCG-013","s__uncultured Clostridium sp."
6.65155123674271,0.1765393188433,0.398058201251821,0.44350127264836,0.657403198902802,0.999624337131013,"cb94557b6ca84b191d7f3bfb390a5725","k__Bacteria;p__Bacteroidetes;c__Bacteroidia;o__Bacteroidales;f__Bacteroidaceae;g__Bacteroides",1,"Higher in RA","g__Bacteroides",NA
16.8777653279649,-0.258362653006784,0.245372129583299,-1.052942130981,0.29236751519805,0.999624337131013,"bbac4200335082adafe6d52eebc6a942","k__Bacteria;p__Firmicutes;c__Clostridia;o__Clostridiales;f__Ruminococcaceae;g__Subdoligranulum;s__human gut metagenome",0.779781118,"Higher in HC","g__Subdoligranulum","s__human gut metagenome"
17.0631858688466,-0.181549743368386,0.183268320562995,-0.990622617213226,0.321869889534676,0.999624337131013,"2ef70411708060d11dca12d5188ff5d5","k__Bacteria;p__Firmicutes;c__Clostridia;o__Clostridiales;f__Ruminococcaceae;g__Faecalibacterium",0.999959775,"Higher in HC","g__Faecalibacterium",NA
15.7949768629038,0.0957333608069107,0.280665596560485,0.341094034965841,0.73303279166318,0.999624337131013,"48530450d3d55cb807de721fe982680b","k__Bacteria;p__Firmicutes;c__Clostridia;o__Clostridiales;f__Ruminococcaceae;g__Ruminococcus 2",0.99824596,"Higher in RA","g__Ruminococcus 2",NA
16.2473496331193,0.177780101965805,0.238008537669605,0.746948423390566,0.455094694561078,0.999624337131013,"1ce185794ba715dbb2c154a8582dde9f","k__Bacteria;p__Firmicutes;c__Clostridia;o__Clostridiales;f__Ruminococcaceae;g__Faecalibacterium",0.999944202,"Higher in RA","g__Faecalibacterium",NA
14.9069201407905,0.0967059906328004,0.200886973116695,0.481395030909367,0.630235767661615,0.999624337131013,"d923fe3f6d89ad1bff2c28516b5565ed","k__Bacteria;p__Firmicutes;c__Clostridia;o__Clostridiales;f__Lachnospiraceae;g__Fusicatenibacter;s__uncultured organism",0.905162941,"Higher in RA","g__Fusicatenibacter","s__uncultured organism"
14.751881015046,0.02100469108977,0.316842726696469,0.0662937455082951,0.94714396263389,0.999624337131013,"47fa2924fc65cb7394a2c04f0930131a","k__Bacteria;p__Firmicutes;c__Clostridia;o__Clostridiales;f__Ruminococcaceae;g__[Eubacterium] coprostanoligenes group;s__human gut metagenome",0.999856821,"Higher in RA","g__[Eubacterium] coprostanoligenes group","s__human gut metagenome"
14.5563644000463,0.0339030037855184,0.159934979095544,0.211979918197038,0.832122701263945,0.999624337131013,"76be7e4cf8a6dcce41adee56b679e483","k__Bacteria;p__Firmicutes;c__Clostridia;o__Clostridiales;f__Ruminococcaceae;g__Ruminococcaceae UCG-013;s__uncultured Clostridium sp.",0.76042751,"Higher in RA","g__Ruminococcaceae UCG-013","s__uncultured Clostridium sp."
3.96061402279897,0.212444772371009,0.86542809240114,0.245479404050288,0.806085253573737,0.999624337131013,"6d0a1a1fa9584e2924a758082be1c109","k__Bacteria;p__Bacteroidetes;c__Bacteroidia;o__Bacteroidales;f__Prevotellaceae;g__Prevotella 9;s__uncultured organism",0.782987811,"Higher in RA","g__Prevotella 9","s__uncultured organism"
14.343441059716,0.232684588206034,0.250248404056849,0.929814474074226,0.352467150883526,0.999624337131013,"2e41828f769728d05caa4173e13f668a","k__Bacteria;p__Firmicutes;c__Clostridia;o__Clostridiales;f__Ruminococcaceae;g__Faecalibacterium",0.999940867,"Higher in RA","g__Faecalibacterium",NA
11.0535265101811,-0.273301808769937,0.256109389620298,-1.06712920277983,0.285913496503758,0.999624337131013,"53ede194a94425bab71bb504634a34b8","k__Bacteria;p__Bacteroidetes;c__Bacteroidia;o__Bacteroidales;f__Bacteroidaceae;g__Bacteroides",0.999999998,"Higher in HC","g__Bacteroides",NA
4.58426159962278,-0.426758003621787,0.512360040470974,-0.832926008885276,0.404886460100868,0.999624337131013,"519c05a436a996028bedb5ba7ddd35a7","k__Bacteria;p__Bacteroidetes;c__Bacteroidia;o__Bacteroidales;f__Bacteroidaceae;g__Bacteroides;s__Bacteroides fragilis",0.707128626,"Higher in HC","g__Bacteroides","s__Bacteroides fragilis"
12.7132628350277,0.0479812751433445,0.328466097363679,0.14607679613954,0.883860763908373,0.999624337131013,"d4e580b53d7d112afecce108e86b5a9e","k__Bacteria;p__Firmicutes;c__Clostridia;o__Clostridiales;f__Ruminococcaceae;g__[Eubacterium] coprostanoligenes group;s__human gut metagenome",0.999875091,"Higher in RA","g__[Eubacterium] coprostanoligenes group","s__human gut metagenome"
12.3496118696224,-0.248786558708147,0.290395822320128,-0.856715350518673,0.391602217632223,0.999624337131013,"504fda388722bad035edd571fd1ac738","k__Bacteria;p__Firmicutes;c__Clostridia;o__Clostridiales;f__Lachnospiraceae;g__[Eubacterium] hallii group",0.999995037,"Higher in HC","g__[Eubacterium] hallii group",NA
9.85003827099878,0.113047838473347,0.338189624328915,0.334273526864323,0.738173165115386,0.999624337131013,"295f6b24cbdb68417c5fe4aeb8913e16","k__Bacteria;p__Firmicutes;c__Clostridia;o__Clostridiales;f__Lachnospiraceae;g__Lachnoclostridium",0.998029354,"Higher in RA","g__Lachnoclostridium",NA
11.9870579641835,-0.372872308118536,0.372533445366692,-1.0009096169916,0.316870506705224,0.999624337131013,"53212bf2059dc4fcb2792e4dcd8b1af8","k__Bacteria;p__Firmicutes;c__Clostridia;o__Clostridiales;f__Lachnospiraceae;g__[Eubacterium] eligens group",0.998579306,"Higher in HC","g__[Eubacterium] eligens group",NA
11.8784762403108,-0.196437665826814,0.216824763393115,-0.905974311940844,0.364949449159685,0.999624337131013,"c7317cc603d30afeb630120443959d3d","k__Bacteria;p__Firmicutes;c__Clostridia;o__Clostridiales;f__Ruminococcaceae;g__Faecalibacterium",0.999988585,"Higher in HC","g__Faecalibacterium",NA
11.8617719921565,-0.239819158815414,0.649204254030062,-0.369404786439229,0.711826030834599,0.999624337131013,"bcc3cd286b6bee3d664eaa8cda7946a0","k__Bacteria;p__Firmicutes;c__Clostridia;o__Clostridiales;f__Lachnospiraceae;g__Roseburia",0.854305977,"Higher in HC","g__Roseburia",NA
10.9034821405972,-0.145847675646297,0.218050218089509,-0.668871954929334,0.503577161566549,0.999624337131013,"7384f0d55e7578eefd6f4134f30eb100","k__Bacteria;p__Firmicutes;c__Clostridia;o__Clostridiales;f__Ruminococcaceae;g__Faecalibacterium",0.999990059,"Higher in HC","g__Faecalibacterium",NA
10.9492397969297,-0.364771833778812,0.378517014735524,-0.963686755359424,0.33520299658484,0.999624337131013,"47e5e79850cc5d19293045fa6af6005c","k__Bacteria;p__Firmicutes;c__Clostridia;o__Clostridiales;f__Lachnospiraceae;g__[Eubacterium] eligens group",0.998612146,"Higher in HC","g__[Eubacterium] eligens group",NA
7.51593259132533,-0.0265948193559159,0.352457755531527,-0.0754553387988564,0.939852430662865,0.999624337131013,"c7f23d79eb2bb3e746b442e0c85e3cfe","k__Bacteria;p__Bacteroidetes;c__Bacteroidia;o__Bacteroidales;f__Bacteroidaceae;g__Bacteroides",1,"Higher in HC","g__Bacteroides",NA
11.1343748396428,0.117303644453013,0.216100689348726,0.542819390380183,0.58725416125161,0.999624337131013,"5f09f04c81f0617e82ea6117066a5d58","k__Bacteria;p__Firmicutes;c__Clostridia;o__Clostridiales;f__Ruminococcaceae;g__Faecalibacterium",0.999944951,"Higher in RA","g__Faecalibacterium",NA
10.8744475191962,-0.187054059789133,0.388876706894546,-0.481011221481717,0.630508523373286,0.999624337131013,"76adb4f06bb5254d4c0b0ffdb4ccfdb0","k__Bacteria;p__Firmicutes;c__Clostridia;o__Clostridiales;f__Lachnospiraceae;g__Lachnospiraceae NK4A136 group;s__gut metagenome",0.882325355,"Higher in HC","g__Lachnospiraceae NK4A136 group","s__gut metagenome"
8.50453092851003,0.229861311547018,0.360922493528825,0.636871670977361,0.524208436822712,0.999624337131013,"7a828ebf7f6479cad6a7e31686a76b94","k__Bacteria;p__Firmicutes;c__Clostridia;o__Clostridiales;f__Lachnospiraceae;g__Lachnoclostridium",0.998450296,"Higher in RA","g__Lachnoclostridium",NA
7.496158828314,-0.218794123863356,0.341743339754745,-0.640229372196032,0.522023489841085,0.999624337131013,"91b696091836414d58a11cd781dad097","k__Bacteria;p__Bacteroidetes;c__Bacteroidia;o__Bacteroidales;f__Bacteroidaceae;g__Bacteroides;s__Bacteroides ovatus V975",0.917109116,"Higher in HC","g__Bacteroides","s__Bacteroides ovatus V975"
3.7027139401023,0.38025337191867,0.570577655509765,0.666435792300602,0.505132591156334,0.999624337131013,"f2e1a429044ee903126d3b1a6147879b","k__Bacteria;p__Firmicutes;c__Bacilli;o__Lactobacillales;f__Streptococcaceae;g__Streptococcus",0.999999855,"Higher in RA","g__Streptococcus",NA
10.3992424029378,0.0578841441373861,0.228050701687673,0.253821381425353,0.799633554277758,0.999624337131013,"aa3efe784b211be2dc30e13da1063a4d","k__Bacteria;p__Firmicutes;c__Clostridia;o__Clostridiales;f__Ruminococcaceae;g__Faecalibacterium",0.999963845,"Higher in RA","g__Faecalibacterium",NA
9.52167399087322,-0.401001568287033,0.380188042158232,-1.05474534656758,0.291541806424834,0.999624337131013,"855bf1b2310ce734317f89e83debdbdd","k__Bacteria;p__Firmicutes;c__Clostridia;o__Clostridiales;f__Lachnospiraceae;g__Lachnospiraceae UCG-006;s__uncultured organism",0.908127092,"Higher in HC","g__Lachnospiraceae UCG-006","s__uncultured organism"
2.71670109602108,0.704607681655496,0.678654746301617,1.03824173557367,0.299157526686046,0.999624337131013,"b390f1ef4b60674631ab6c4af8516631","k__Bacteria;p__Firmicutes;c__Bacilli;o__Lactobacillales;f__Lactobacillaceae;g__Lactobacillus;s__Lactobacillus mucosae",0.998249694,"Higher in RA","g__Lactobacillus","s__Lactobacillus mucosae"
8.98957182535288,0.3185321931136,0.305573978409335,1.04240614587577,0.297223418300841,0.999624337131013,"8cec48a9cd556dce4ae03c16e66a9bae","k__Bacteria;p__Firmicutes;c__Clostridia;o__Clostridiales;f__Ruminococcaceae;g__Faecalibacterium",0.999986844,"Higher in RA","g__Faecalibacterium",NA
4.4824681484825,0.000859606115137472,0.610837151452162,0.00140725905929904,0.99887717009414,0.999624337131013,"a11e81b3010ff947526c55aa1c15572d","k__Bacteria;p__Bacteroidetes;c__Bacteroidia;o__Bacteroidales;f__Bacteroidaceae;g__Bacteroides",0.999999998,"Higher in RA","g__Bacteroides",NA
8.73170511313301,-0.155495408497115,0.318246111456149,-0.488601126297,0.625124115485955,0.999624337131013,"9de54a6f0cda16b39cde0bc845d9541a","k__Bacteria;p__Firmicutes;c__Clostridia;o__Clostridiales;f__Lachnospiraceae;g__Dorea;s__Dorea longicatena",0.873500348,"Higher in HC","g__Dorea","s__Dorea longicatena"
7.59956515346756,-0.291787195947351,0.424456512955497,-0.687437198019726,0.491807263538096,0.999624337131013,"6e744216bf198977b514d82148c31723","k__Bacteria;p__Firmicutes;c__Clostridia;o__Clostridiales;f__Lachnospiraceae;g__uncultured;s__gut metagenome",0.953514418,"Higher in HC","g__uncultured","s__gut metagenome"
9.02591021883183,-0.118459020614171,0.430763810408022,-0.274997615287055,0.783318070429899,0.999624337131013,"9d96943b7c9f15335a0f3ebfd4ef8899","k__Bacteria;p__Firmicutes;c__Clostridia;o__Clostridiales;f__Lachnospiraceae;g__Roseburia",0.9425936,"Higher in HC","g__Roseburia",NA
2.75645224390232,-0.644470525876757,0.89362163791011,-0.721189481696039,0.470792942372039,0.999624337131013,"faa18e2d0add886f87bb8c1e215a5586","k__Bacteria;p__Bacteroidetes;c__Bacteroidia;o__Bacteroidales;f__Prevotellaceae;g__Prevotella 9",0.999998716,"Higher in HC","g__Prevotella 9",NA
6.65551790153881,-0.0206165770031989,0.50171694424467,-0.0410920484940707,0.967222513633637,0.999624337131013,"78a28f702d66bfa507c9763fb03d5c5b","k__Bacteria;p__Bacteroidetes;c__Bacteroidia;o__Bacteroidales;f__Bacteroidaceae;g__Bacteroides",1,"Higher in HC","g__Bacteroides",NA
8.51043324217639,-0.0451524333459205,0.320431369302073,-0.140911401540574,0.887939934896625,0.999624337131013,"66b23a7a24e64af04b754482edbb3d2e","k__Bacteria;p__Firmicutes;c__Clostridia;o__Clostridiales;f__Lachnospiraceae;g__Dorea;s__Dorea longicatena",0.897751387,"Higher in HC","g__Dorea","s__Dorea longicatena"
7.32123956234509,0.00665409729912711,0.378929799074571,0.0175602375832617,0.985989677593694,0.999624337131013,"938f10054e84d8baa9758b62198ea2d5","k__Bacteria;p__Firmicutes;c__Clostridia;o__Clostridiales;f__Lachnospiraceae;g__Lachnoclostridium",0.993756907,"Higher in RA","g__Lachnoclostridium",NA
6.20870273633717,-0.264913280861325,0.448603389249956,-0.590528933150164,0.55483609410233,0.999624337131013,"e6210f1a0dd4c507add759f954a00b7d","k__Bacteria;p__Bacteroidetes;c__Bacteroidia;o__Bacteroidales;f__Bacteroidaceae;g__Bacteroides",1,"Higher in HC","g__Bacteroides",NA
7.26362053869762,-0.141081178282587,0.385661037950591,-0.365816518651441,0.714501992891489,0.999624337131013,"fb737b902119bf06220e14b8419ce936","k__Bacteria;p__Firmicutes;c__Clostridia;o__Clostridiales;f__Lachnospiraceae;g__Lachnoclostridium",0.993587587,"Higher in HC","g__Lachnoclostridium",NA
3.82535794327157,-0.348866235991829,0.34123785413063,-1.02235502822696,0.30661289729619,0.999624337131013,"45bcd92c47f47acb770d1d3a42660d1f","k__Bacteria;p__Firmicutes;c__Bacilli;o__Lactobacillales;f__Leuconostocaceae;g__Weissella",1,"Higher in HC","g__Weissella",NA
8.0627068690097,-0.1221580464625,0.439634931414878,-0.277862466636486,0.781117936993255,0.999624337131013,"b87e0b21a10f2d83c09eab26d588cd41","k__Bacteria;p__Firmicutes;c__Clostridia;o__Clostridiales;f__Lachnospiraceae;g__Roseburia",0.945342795,"Higher in HC","g__Roseburia",NA
7.2196016935107,0.0204013620284298,0.369399798561842,0.0552284059381108,0.955956498799304,0.999624337131013,"361246fe573d6f5b29f1de90d47919a9","k__Bacteria;p__Bacteroidetes;c__Bacteroidia;o__Bacteroidales;f__Tannerellaceae;g__Parabacteroides;s__Parabacteroides sp. MC_17",0.785671401,"Higher in RA","g__Parabacteroides","s__Parabacteroides sp. MC_17"
4.30318375757395,-0.62380306182133,0.716355825507434,-0.870800570902674,0.38386305349711,0.999624337131013,"4010e02b0c13b766b5a41b223a67824d","k__Bacteria;p__Bacteroidetes;c__Bacteroidia;o__Bacteroidales;f__Prevotellaceae;g__Prevotella 9",0.999998979,"Higher in HC","g__Prevotella 9",NA
8.15962977863161,0.133871639625036,0.245515543731947,0.545267471012737,0.585569573044349,0.999624337131013,"e399a278c4c85b17487fc69d0be5ea85","k__Bacteria;p__Firmicutes;c__Clostridia;o__Clostridiales;f__Ruminococcaceae;g__Faecalibacterium",0.999963064,"Higher in RA","g__Faecalibacterium",NA
1.34411658914887,-1.23936347235148,1.34117323519627,-0.924089028789861,0.355439964962919,0.999624337131013,"f8a0c2d12fa947066b50244f533f1399","k__Bacteria;p__Bacteroidetes;c__Bacteroidia;o__Bacteroidales;f__Bacteroidaceae;g__Bacteroides;s__uncultured Bacteroides sp.",0.905214706,"Higher in HC","g__Bacteroides","s__uncultured Bacteroides sp."
7.45141674318077,0.128865964400027,0.39278414023857,0.328083420888014,0.742848589061285,0.999624337131013,"e0b8f67638ff6481c37b5e985ec4a202","k__Bacteria;p__Firmicutes;c__Clostridia;o__Clostridiales;f__Clostridiaceae 1;g__Clostridium sensu stricto 1;s__uncultured bacterium",0.98938573,"Higher in RA","g__Clostridium sensu stricto 1","s__uncultured bacterium"
4.55905586630597,0.0813197656066478,0.567961899771788,0.14317820550872,0.886149441951403,0.999624337131013,"d849241a0789df3e00f8449c80707259","k__Bacteria;p__Bacteroidetes;c__Bacteroidia;o__Bacteroidales;f__Bacteroidaceae;g__Bacteroides",1,"Higher in RA","g__Bacteroides",NA
6.8918640168739,-0.480346193862185,0.473649741863732,-1.01413798300006,0.310516916005393,0.999624337131013,"8ae6d5c18f602fd475cb6c501de1e135","k__Bacteria;p__Firmicutes;c__Clostridia;o__Clostridiales;f__Ruminococcaceae;g__Ruminococcus 2;s__Ruminococcus bromii L2-63",0.748993747,"Higher in HC","g__Ruminococcus 2","s__Ruminococcus bromii L2-63"
7.02600348523461,-0.295130642297771,0.283517379310929,-1.04096137956363,0.297893472758896,0.999624337131013,"76f0c8d7abc0253d3d3e4e55dcbb13ab","k__Bacteria;p__Firmicutes;c__Clostridia;o__Clostridiales;f__Lachnospiraceae;g__Lachnospiraceae ND3007 group",0.999968904,"Higher in HC","g__Lachnospiraceae ND3007 group",NA
6.98838948953982,0.118254228003032,0.27936388822085,0.423298189168767,0.672077715314179,0.999624337131013,"432c6ed4d1fa8e5d054f1d3a1701e70d","k__Bacteria;p__Firmicutes;c__Clostridia;o__Clostridiales;f__Ruminococcaceae;g__Faecalibacterium",0.999991218,"Higher in RA","g__Faecalibacterium",NA
7.24639148908436,-0.0675104599411954,0.282778373696759,-0.238739826736507,0.811307332282265,0.999624337131013,"186527d8edc63bf3fc54e4a2dd465ed1","k__Bacteria;p__Firmicutes;c__Clostridia;o__Clostridiales;f__Ruminococcaceae;g__Faecalibacterium",0.99998114,"Higher in HC","g__Faecalibacterium",NA
6.80914288773762,-0.608965606825333,0.836215364551138,-0.728240155156934,0.466466588962401,0.999624337131013,"291916274cb0045b037d572e7a94b182","k__Bacteria;p__Firmicutes;c__Clostridia;o__Clostridiales;f__Lachnospiraceae;g__Roseburia",0.837529077,"Higher in HC","g__Roseburia",NA
5.21441009735308,0.373528293528606,0.465806947502705,0.801895067326012,0.422613659701096,0.999624337131013,"594dd220db6a2f13ee4d3cdeff72bdc8","k__Bacteria;p__Firmicutes;c__Erysipelotrichia;o__Erysipelotrichales;f__Erysipelotrichaceae;g__Erysipelotrichaceae UCG-003;s__uncultured organism",0.763195315,"Higher in RA","g__Erysipelotrichaceae UCG-003","s__uncultured organism"
5.12583801360456,-0.504285462659564,0.622688422282075,-0.809851997587206,0.418025243422065,0.999624337131013,"dc07189e947a00eb57915a8640558f35","k__Bacteria;p__Bacteroidetes;c__Bacteroidia;o__Bacteroidales;f__Bacteroidaceae;g__Bacteroides;s__Bacteroides uniformis CL03T12C37",0.834144885,"Higher in HC","g__Bacteroides","s__Bacteroides uniformis CL03T12C37"
6.8285878392679,-0.139652163133759,0.286486881657522,-0.48746442533695,0.625929247343736,0.999624337131013,"f24dbde1bbecc736ab6b1159703e3fa9","k__Bacteria;p__Firmicutes;c__Clostridia;o__Clostridiales;f__Lachnospiraceae;g__Dorea;s__Dorea longicatena",0.879984023,"Higher in HC","g__Dorea","s__Dorea longicatena"
6.54361792703551,0.00897924390493835,0.260354569019151,0.0344885205539752,0.972487596174843,0.999624337131013,"8add24c0aef804a5f61021480b10010a","k__Bacteria;p__Firmicutes;c__Clostridia;o__Clostridiales;f__Ruminococcaceae;g__Butyricicoccus;s__uncultured bacterium",0.708041109,"Higher in RA","g__Butyricicoccus","s__uncultured bacterium"
5.93877296038602,0.0750098543222482,0.194981378186722,0.384702657350261,0.700457726170074,0.999624337131013,"1b33d8d4aafda32b7a0b04ec7b11e41f","k__Bacteria;p__Firmicutes;c__Clostridia;o__Clostridiales;f__Ruminococcaceae;g__Flavonifractor;s__uncultured bacterium",0.82288261,"Higher in RA","g__Flavonifractor","s__uncultured bacterium"
6.54377633482309,-0.0866221327032626,0.282207035720169,-0.306945333528663,0.758884982327918,0.999624337131013,"7414c23533d435f50a63121a0c4c352d","k__Bacteria;p__Firmicutes;c__Clostridia;o__Clostridiales;f__Lachnospiraceae;g__Dorea;s__Dorea longicatena",0.892160614,"Higher in HC","g__Dorea","s__Dorea longicatena"
6.5556851201414,0.0875572424444515,0.282964638611353,0.309428212917834,0.756995811906962,0.999624337131013,"b51a2eedaab900677dcc57cf07b65684","k__Bacteria;p__Firmicutes;c__Clostridia;o__Clostridiales;f__Ruminococcaceae;g__Faecalibacterium;s__human gut metagenome",0.745028682,"Higher in RA","g__Faecalibacterium","s__human gut metagenome"
6.20854365598813,-0.101725251264804,0.38141765083879,-0.266703051211962,0.789697804463837,0.999624337131013,"29426cd1328bca9168594cae79f1bd40","k__Bacteria;p__Firmicutes;c__Clostridia;o__Clostridiales;f__Lachnospiraceae;g__Agathobacter;s__Eubacterium ramulus",0.986157658,"Higher in HC","g__Agathobacter","s__Eubacterium ramulus"
5.86636481711441,0.185866985283224,0.423049650041843,0.439350287288597,0.660407741828555,0.999624337131013,"88737b20ead44bac92b9a58a0340e5ee","k__Bacteria;p__Firmicutes;c__Clostridia;o__Clostridiales;f__Clostridiaceae 1;g__Clostridium sensu stricto 1;s__uncultured bacterium",0.9855522,"Higher in RA","g__Clostridium sensu stricto 1","s__uncultured bacterium"
4.95107587273893,0.388224574389427,0.388056598922335,1.00043286331829,0.317101072699639,0.999624337131013,"87298445f7d4285fc507063dd88ff1f4","k__Bacteria;p__Bacteroidetes;c__Bacteroidia;o__Bacteroidales;f__Bacteroidaceae;g__Bacteroides;s__Bacteroides ovatus V975",0.882311141,"Higher in RA","g__Bacteroides","s__Bacteroides ovatus V975"
3.14270904272824,-0.721870984592857,0.873085918125902,-0.826804063158376,0.408348126693992,0.999624337131013,"696e629cd1602cf610bf3e094fcdce2a","k__Bacteria;p__Bacteroidetes;c__Bacteroidia;o__Bacteroidales;f__Prevotellaceae;g__Prevotella 9",0.999998518,"Higher in HC","g__Prevotella 9",NA
5.16439629835933,-0.174926907139478,0.304865534971086,-0.573783806543,0.566114108153132,0.999624337131013,"1e4d835806545fc6f0e281a949231a5c","k__Bacteria;p__Bacteroidetes;c__Bacteroidia;o__Bacteroidales;f__Bacteroidaceae;g__Bacteroides;s__Bacteroides thetaiotaomicron",0.957853283,"Higher in HC","g__Bacteroides","s__Bacteroides thetaiotaomicron"
5.60629431689899,0.0352368584046866,0.492225013287521,0.0715868910629779,0.942930672724273,0.999624337131013,"aa4e959e8cc1b8de4a7244cbddc94157","k__Bacteria;p__Firmicutes;c__Clostridia;o__Clostridiales;f__Ruminococcaceae;g__Ruminococcus 2;s__Ruminococcus bromii L2-63",0.868007065,"Higher in RA","g__Ruminococcus 2","s__Ruminococcus bromii L2-63"
3.75050890389611,0.517395474441176,0.683111146318975,0.757410382233143,0.448804037974829,0.999624337131013,"6c20710ddd5d546c85519de99cc3099a","k__Bacteria;p__Bacteroidetes;c__Bacteroidia;o__Bacteroidales;f__Bacteroidaceae;g__Bacteroides",1,"Higher in RA","g__Bacteroides",NA
5.35520903691339,-0.218538422358198,0.341805060781688,-0.639365671937137,0.52258507531139,0.999624337131013,"2b3418cf609c28bdee2e65b1a76f7ceb","k__Bacteria;p__Firmicutes;c__Clostridia;o__Clostridiales;f__Lachnospiraceae;g__Lachnoclostridium",0.992526584,"Higher in HC","g__Lachnoclostridium",NA
5.91770943548473,-0.489746744882858,0.538931246958135,-0.908736963475608,0.363488987802211,0.999624337131013,"ac1f640a0c28009a03f7f9961ac33ef6","k__Bacteria;p__Firmicutes;c__Clostridia;o__Clostridiales;f__Lachnospiraceae;g__[Eubacterium] eligens group",0.997183163,"Higher in HC","g__[Eubacterium] eligens group",NA
5.99322935442451,-0.185367394221606,0.309170286135717,-0.599564067228099,0.548796800538943,0.999624337131013,"84ee2c07047216ee410fbfeb142b4834","k__Bacteria;p__Actinobacteria;c__Coriobacteriia;o__Coriobacteriales;f__Coriobacteriaceae;g__Collinsella",0.999999912,"Higher in HC","g__Collinsella",NA
5.8746539081415,0.192094603116606,0.370963697201917,0.517825880444705,0.604579759567299,0.999624337131013,"f7eb0b16695ccc66090baba1d7abdea4","k__Bacteria;p__Firmicutes;c__Clostridia;o__Clostridiales;f__Ruminococcaceae;g__Ruminococcus 2",0.998793235,"Higher in RA","g__Ruminococcus 2",NA
5.61761623925778,-0.484144931820706,0.540078961156628,-0.896433608122534,0.370021224410547,0.999624337131013,"c5d2a7573333056ddf3d9b44b75d097a","k__Bacteria;p__Firmicutes;c__Clostridia;o__Clostridiales;f__Lachnospiraceae;g__[Eubacterium] eligens group",0.997364548,"Higher in HC","g__[Eubacterium] eligens group",NA
5.09894090742099,-0.223547001856861,0.347347384602994,-0.643583374356965,0.519845634109387,0.999624337131013,"0a99b6a5721194f0684de1e2bb21bb00","k__Bacteria;p__Firmicutes;c__Clostridia;o__Clostridiales;f__Lachnospiraceae;g__Lachnoclostridium",0.991228253,"Higher in HC","g__Lachnoclostridium",NA
5.60372900813659,-0.314237052485849,0.417260212374867,-0.753096133219473,0.451392147875095,0.999624337131013,"3599c5059e28765265c711f1c7fcdb6a","k__Bacteria;p__Firmicutes;c__Clostridia;o__Clostridiales;f__Lachnospiraceae;g__Blautia;s__Blautia sp. Marseille-P3387",0.92052677,"Higher in HC","g__Blautia","s__Blautia sp. Marseille-P3387"
5.30075645493561,-0.0423459953790798,0.424991503381406,-0.0996396281858762,0.920630431614259,0.999624337131013,"1a37f251536eadf8dd0535437e036c47","k__Bacteria;p__Firmicutes;c__Clostridia;o__Clostridiales;f__Lachnospiraceae;g__Agathobacter;s__Eubacterium ramulus",0.990202633,"Higher in HC","g__Agathobacter","s__Eubacterium ramulus"
5.38730391829238,0.2009045950342,0.305092923443605,0.658502966134305,0.510214991701157,0.999624337131013,"dc23396b6403279b020b635758c520c4","k__Bacteria;p__Firmicutes;c__Clostridia;o__Clostridiales;f__Ruminococcaceae;g__Faecalibacterium",0.999991494,"Higher in RA","g__Faecalibacterium",NA
2.37906283297478,-1.06204352541239,0.995119294480987,-1.06725247043502,0.28585784447369,0.999624337131013,"62c263d850e31bf4d762e261ee73af5a","k__Bacteria;p__Bacteroidetes;c__Bacteroidia;o__Bacteroidales;f__Prevotellaceae;g__Prevotella 2;s__uncultured organism",0.980536781,"Higher in HC","g__Prevotella 2","s__uncultured organism"
3.61802956930601,0.0691720498937469,0.672560952341545,0.102848745013997,0.918083017433662,0.999624337131013,"b241d64ba84baa6a25171f11dc305ba8","k__Bacteria;p__Bacteroidetes;c__Bacteroidia;o__Bacteroidales;f__Bacteroidaceae;g__Bacteroides;s__gut metagenome",0.999783008,"Higher in RA","g__Bacteroides","s__gut metagenome"
5.46273977997614,-0.267449304755643,0.390751321548569,-0.684448880929504,0.49369175858711,0.999624337131013,"109fa892ae8988e25441138a7a76348d","k__Bacteria;p__Firmicutes;c__Clostridia;o__Clostridiales;f__Ruminococcaceae;g__Ruminococcus 1;s__uncultured Ruminococcus sp.",0.997851213,"Higher in HC","g__Ruminococcus 1","s__uncultured Ruminococcus sp."
5.22542598657798,-0.386092550572037,0.457368632110317,-0.844160538055683,0.398579702630651,0.999624337131013,"25756d3590564038d676ebb7f1d9c7dc","k__Bacteria;p__Firmicutes;c__Clostridia;o__Clostridiales;f__Lachnospiraceae;g__Lachnospira;s__uncultured bacterium",0.804259752,"Higher in HC","g__Lachnospira","s__uncultured bacterium"
1.65501102239166,-0.971753781800895,1.04383355466178,-0.930947062834901,0.351880948154818,0.999624337131013,"ad8fca5f7dbfaac33d7d9ec39b53506c","k__Bacteria;p__Firmicutes;c__Negativicutes;o__Selenomonadales;f__Selenomonadaceae;g__Megamonas",0.999985195,"Higher in HC","g__Megamonas",NA
5.37778252719076,-0.201449774861414,0.335608194584566,-0.600252848744588,0.548337737438609,0.999624337131013,"b72be2c03a58c75525f971927978fccb","k__Bacteria;p__Firmicutes;c__Clostridia;o__Clostridiales;f__Ruminococcaceae;g__Faecalibacterium",0.999976477,"Higher in HC","g__Faecalibacterium",NA
4.0722742797198,0.176842961372735,0.582497431474633,0.303594405429471,0.761436914351214,0.999624337131013,"ea74065bd481bf2a26fd247e624acdc7","k__Bacteria;p__Firmicutes;c__Clostridia;o__Clostridiales;f__Ruminococcaceae;g__Ruminococcus 2",0.999419544,"Higher in RA","g__Ruminococcus 2",NA
2.05663617591019,-0.247732266236071,0.930353524213543,-0.266277559861438,0.790025454055389,0.999624337131013,"392147ab5474c036b080ab8687173e76","k__Bacteria;p__Bacteroidetes;c__Bacteroidia;o__Bacteroidales;f__Prevotellaceae;g__Prevotella 9;s__uncultured organism",0.83222977,"Higher in HC","g__Prevotella 9","s__uncultured organism"
3.77272449783773,-0.158231254450502,0.464890252573299,-0.340362598644836,0.733583481036145,0.999624337131013,"9c00490c3d9d8c52e54fb7bb1f6f0c28","k__Bacteria;p__Bacteroidetes;c__Bacteroidia;o__Bacteroidales;f__Bacteroidaceae;g__Bacteroides;s__Bacteroides ovatus V975",0.856539749,"Higher in HC","g__Bacteroides","s__Bacteroides ovatus V975"
5.34004482528835,-0.198494527193922,0.358437838107475,-0.553776711303578,0.579731668373738,0.999624337131013,"84e53e61bf37cf5951ce45c868687025","k__Bacteria;p__Firmicutes;c__Clostridia;o__Clostridiales;f__Lachnospiraceae;g__Lachnospiraceae FCS020 group;s__uncultured organism",0.906699198,"Higher in HC","g__Lachnospiraceae FCS020 group","s__uncultured organism"
4.93624469849957,-0.0408349416998053,0.369742151567439,-0.110441672735161,0.91205910518615,0.999624337131013,"e632b0674e2ead7b50367848e105a996","k__Bacteria;p__Firmicutes;c__Clostridia;o__Clostridiales;f__Lachnospiraceae;g__Lachnoclostridium",0.708892632,"Higher in HC","g__Lachnoclostridium",NA
4.83095836741467,-0.423658100379075,0.529483723312799,-0.800134322785961,0.423632976995439,0.999624337131013,"739b8bb00504b4c544182b6506503128","k__Bacteria;p__Firmicutes;c__Clostridia;o__Clostridiales;f__Ruminococcaceae;g__Ruminococcaceae UCG-002",0.999845459,"Higher in HC","g__Ruminococcaceae UCG-002",NA
2.60386146135871,-0.774943715327481,0.837958373627179,-0.924799774925653,0.355070067724912,0.999624337131013,"75ecca45d4cbd6683ea1865fe262c267","k__Bacteria;p__Bacteroidetes;c__Bacteroidia;o__Bacteroidales;f__Prevotellaceae;g__Prevotella 9",0.999998483,"Higher in HC","g__Prevotella 9",NA
4.86818685838348,-0.333208198279564,0.381260482474694,-0.873964687126157,0.382137484923109,0.999624337131013,"9a57c4ee2b747db25b7875c0e6190e42","k__Bacteria;p__Firmicutes;c__Clostridia;o__Clostridiales;f__Lachnospiraceae;g__Lachnoclostridium",0.704451522,"Higher in HC","g__Lachnoclostridium",NA
4.81982992149909,-0.0590337009647808,0.453516921665728,-0.130168684220106,0.896432970118398,0.999624337131013,"3de7849cbd1cab3f5b18d6869eb1e04a","k__Bacteria;p__Firmicutes;c__Clostridia;o__Clostridiales;f__Lachnospiraceae;g__Blautia;s__Blautia sp. Marseille-P3387",0.926011288,"Higher in HC","g__Blautia","s__Blautia sp. Marseille-P3387"
4.51663367487416,-0.303781715438162,0.433590814774687,-0.700618428912108,0.483541174334073,0.999624337131013,"1b6dcd901aa651b9f6f5da3857c1b758","k__Bacteria;p__Bacteroidetes;c__Bacteroidia;o__Bacteroidales;f__Bacteroidaceae;g__Bacteroides;s__Bacteroides thetaiotaomicron",0.924365143,"Higher in HC","g__Bacteroides","s__Bacteroides thetaiotaomicron"
4.28120638302522,-0.000714593210562581,0.234148174162296,-0.00305188461588119,0.997564952163643,0.999624337131013,"6eeacb361360c54e302744a7d6319548","k__Bacteria;p__Firmicutes;c__Clostridia;o__Clostridiales;f__Ruminococcaceae;g__Flavonifractor;s__uncultured bacterium",0.822917125,"Higher in HC","g__Flavonifractor","s__uncultured bacterium"
4.68232760025977,-0.39479798667143,0.582232406851508,-0.678076283672267,0.497723327089363,0.999624337131013,"ea323acd3c79b6bcdbb1f86a0c47c912","k__Bacteria;p__Firmicutes;c__Clostridia;o__Clostridiales;f__Lachnospiraceae;g__[Eubacterium] eligens group",0.999385843,"Higher in HC","g__[Eubacterium] eligens group",NA
4.56200302822214,-0.415216284905823,0.404323292780989,-1.02694129257286,0.304448108962144,0.999624337131013,"b89d6cfd67ea38b0e3ed732bb62c5f57","k__Bacteria;p__Firmicutes;c__Clostridia;o__Clostridiales;f__Lachnospiraceae;g__Lachnospira",0.994262464,"Higher in HC","g__Lachnospira",NA
4.33853646160547,-0.349390812502783,0.358974133116433,-0.973303590065246,0.330402438703411,0.999624337131013,"9405e4b356eea9c788abb4ba83478752","k__Bacteria;p__Proteobacteria;c__Gammaproteobacteria;o__Betaproteobacteriales;f__Burkholderiaceae;g__Parasutterella;s__uncultured organism",0.720339012,"Higher in HC","g__Parasutterella","s__uncultured organism"
4.74659718646848,-0.19459066405217,0.413500287525469,-0.470593781727864,0.63793084903902,0.999624337131013,"860406861044c75381f1c88820c8bab9","k__Bacteria;p__Firmicutes;c__Clostridia;o__Clostridiales;f__Lachnospiraceae;g__Roseburia",0.950803398,"Higher in HC","g__Roseburia",NA
3.76145605092266,-0.093754572389417,0.526956682354313,-0.177917038589481,0.85878812947294,0.999624337131013,"05164681d46d1f9a9e21bfb6db5bf690","k__Bacteria;p__Bacteroidetes;c__Bacteroidia;o__Bacteroidales;f__Tannerellaceae;g__Parabacteroides",1,"Higher in HC","g__Parabacteroides",NA
4.69031199537909,-0.222028587823688,0.432087998580919,-0.513850392866462,0.607356592579919,0.999624337131013,"b89afed26de7a0cdfaac906fd73309a1","k__Bacteria;p__Firmicutes;c__Clostridia;o__Clostridiales;f__Christensenellaceae;g__Christensenellaceae R-7 group;s__uncultured bacterium",0.926298318,"Higher in HC","g__Christensenellaceae R-7 group","s__uncultured bacterium"
4.67579505977238,-0.0824406100300911,0.335191778376639,-0.245950573219181,0.805720494191299,0.999624337131013,"3a661d5b656dae26d229260daad7125e","k__Bacteria;p__Firmicutes;c__Clostridia;o__Clostridiales;f__Ruminococcaceae;g__Faecalibacterium;s__human gut metagenome",0.743495152,"Higher in HC","g__Faecalibacterium","s__human gut metagenome"
4.31581449180776,0.297920319928898,0.498899510674322,0.597154965187726,0.55040392336786,0.999624337131013,"f168e64d600f416e97b624b7e40307eb","k__Bacteria;p__Firmicutes;c__Clostridia;o__Clostridiales;f__Lachnospiraceae;g__[Eubacterium] hallii group;s__uncultured organism",0.85254586,"Higher in RA","g__[Eubacterium] hallii group","s__uncultured organism"
3.36121020124813,0.362307727574822,0.661461629838449,0.547738086732724,0.583871756186935,0.999624337131013,"b18d6ce2f1d1dd03255798e45c18e616","k__Bacteria;p__Firmicutes;c__Clostridia;o__Clostridiales;f__Ruminococcaceae;g__Ruminococcus 2",0.999618886,"Higher in RA","g__Ruminococcus 2",NA
4.30685170491855,-0.453315838237479,0.627034304495858,-0.722952213279542,0.469709243497986,0.999624337131013,"1cf836f12677f31885750fb9b15cce8b","k__Bacteria;p__Firmicutes;c__Clostridia;o__Clostridiales;f__Lachnospiraceae;g__[Eubacterium] eligens group",0.999642707,"Higher in HC","g__[Eubacterium] eligens group",NA
3.13472964748805,-0.0850644182469754,0.494793812043539,-0.171918920925168,0.863501271307117,0.999624337131013,"c82c36bb856633fb4fad54707b6a8351","k__Bacteria;p__Firmicutes;c__Erysipelotrichia;o__Erysipelotrichales;f__Erysipelotrichaceae;g__Erysipelotrichaceae UCG-003;s__uncultured organism",0.788550245,"Higher in HC","g__Erysipelotrichaceae UCG-003","s__uncultured organism"
4.12952612136872,-0.553774839234813,0.526127217668824,-1.05254930867954,0.292547600245152,0.999624337131013,"ed548a9cd6fdc17cef1517aa5daff84e","k__Bacteria;p__Firmicutes;c__Clostridia;o__Clostridiales;f__Lachnospiraceae;g__Lachnospiraceae UCG-004;s__uncultured Clostridium sp.",0.850705225,"Higher in HC","g__Lachnospiraceae UCG-004","s__uncultured Clostridium sp."
1.42906756702892,0.259248060573961,1.12920194594853,0.229585205289557,0.818414104286399,0.999624337131013,"b743d2109fa3a49e974fd4b80f357f57","k__Bacteria;p__Bacteroidetes;c__Bacteroidia;o__Bacteroidales;f__Bacteroidaceae;g__Bacteroides",1,"Higher in RA","g__Bacteroides",NA
4.21437775165775,-0.176723136582501,0.436304641052292,-0.405045282480323,0.68544422593396,0.999624337131013,"2e6cb3dea0926a2e846b3d96bac46226","k__Bacteria;p__Firmicutes;c__Clostridia;o__Clostridiales;f__Ruminococcaceae;g__Ruminococcus 1;s__uncultured Ruminococcus sp.",0.997921025,"Higher in HC","g__Ruminococcus 1","s__uncultured Ruminococcus sp."
4.24872403131627,-0.0598898396799464,0.445848086555434,-0.134327905593692,0.893143287734213,0.999624337131013,"3b0253230b613f4c6cb68ef3a0d4d18f","k__Bacteria;p__Firmicutes;c__Clostridia;o__Clostridiales;f__Christensenellaceae;g__Christensenellaceae R-7 group;s__uncultured bacterium",0.971441114,"Higher in HC","g__Christensenellaceae R-7 group","s__uncultured bacterium"
3.94514328291561,-0.374270125914902,0.662352389786212,-0.565061939363886,0.572031635255204,0.999624337131013,"445bc1c0674a855a3e99ddfeec9dd73b","k__Bacteria;p__Proteobacteria;c__Deltaproteobacteria;o__Desulfovibrionales;f__Desulfovibrionaceae;g__Desulfovibrio",0.999983195,"Higher in HC","g__Desulfovibrio",NA
3.96540115012934,-0.133490345370088,0.689745404783861,-0.193535679171243,0.84653946628439,0.999624337131013,"93941f9371dc4287458e73eec68f8894","k__Bacteria;p__Proteobacteria;c__Gammaproteobacteria;o__Enterobacteriales;f__Enterobacteriaceae;g__Escherichia-Shigella",0.994756645,"Higher in HC","g__Escherichia-Shigella",NA
4.25998778032065,-0.361502219699145,0.414310593119958,-0.872539166756177,0.382914310903061,0.999624337131013,"70155620f9e4abe5df97d6d4164ad65b","k__Bacteria;p__Firmicutes;c__Clostridia;o__Clostridiales;f__Lachnospiraceae;g__Blautia",0.981386981,"Higher in HC","g__Blautia",NA
3.91356367694828,-0.369195941025276,0.461843294791758,-0.799396559804432,0.424060504604296,0.999624337131013,"ec136823890ae153770a9d1984fe4803","k__Bacteria;p__Bacteroidetes;c__Bacteroidia;o__Bacteroidales;f__Bacteroidaceae;g__Bacteroides",0.999999999,"Higher in HC","g__Bacteroides",NA
3.80065526631992,0.374330656294383,0.545166611985727,0.686635329575508,0.492312559226287,0.999624337131013,"53c5b93baab6def36ba252ff7cb8f89b","k__Bacteria;p__Firmicutes;c__Clostridia;o__Clostridiales;f__Lachnospiraceae;g__[Eubacterium] hallii group;s__uncultured organism",0.845941585,"Higher in RA","g__[Eubacterium] hallii group","s__uncultured organism"
4.36285722872018,-0.442914687728326,0.531654048597327,-0.833088149891601,0.404795016297211,0.999624337131013,"7524faa01f4ae1d612b6c8e03c730eae","k__Bacteria;p__Firmicutes;c__Clostridia;o__Clostridiales;f__Ruminococcaceae;g__Ruminococcus 1;s__Ruminococcus sp. UNK.MGS-30",0.997404112,"Higher in HC","g__Ruminococcus 1","s__Ruminococcus sp. UNK.MGS-30"
3.84043498093648,-0.610491019468105,0.583885490251397,-1.04556634761596,0.295761293222654,0.999624337131013,"498e0646d722bf763a36117a444f3d73","k__Bacteria;p__Firmicutes;c__Clostridia;o__Clostridiales;f__Ruminococcaceae;g__Ruminococcaceae UCG-002",0.99984183,"Higher in HC","g__Ruminococcaceae UCG-002",NA
3.03047650330184,0.224408472468291,0.519321787608323,0.43211834708838,0.665655400651181,0.999624337131013,"41946848faa75dd456c989c236bc585d","k__Bacteria;p__Bacteroidetes;c__Bacteroidia;o__Bacteroidales;f__Tannerellaceae;g__Parabacteroides;s__bacterium NLAE-zl-P241",0.937268371,"Higher in RA","g__Parabacteroides","s__bacterium NLAE-zl-P241"
3.74738651754331,-0.311791742278069,0.544611170118974,-0.572503392117272,0.566980988434411,0.999624337131013,"89f09273090355d8ac066c1d87f10bd4","k__Bacteria;p__Firmicutes;c__Clostridia;o__Clostridiales;f__Lachnospiraceae;g__Lachnospiraceae UCG-004;s__uncultured Clostridium sp.",0.840922484,"Higher in HC","g__Lachnospiraceae UCG-004","s__uncultured Clostridium sp."
1.83876965334488,0.99076850943226,1.00489004991559,0.985947178515184,0.324159033890405,0.999624337131013,"7cf2cdf3b28a081c9dbf74154617ca80","k__Bacteria;p__Bacteroidetes;c__Bacteroidia;o__Bacteroidales;f__Bacteroidaceae;g__Bacteroides",0.999999998,"Higher in RA","g__Bacteroides",NA
3.63780825197998,-0.0715480526716969,0.646218204744904,-0.110718101326069,0.91183989145058,0.999624337131013,"b6d24ceb377f7dc6f6b8820e0ff0f8ca","k__Bacteria;p__Firmicutes;c__Clostridia;o__Clostridiales;f__Lachnospiraceae;g__[Eubacterium] eligens group",0.999638757,"Higher in HC","g__[Eubacterium] eligens group",NA
3.44048895027643,-0.269793743744506,0.61402432938611,-0.439386081027507,0.660381810302932,0.999624337131013,"7f7e802907128e860cd9bfb062900749","k__Bacteria;p__Firmicutes;c__Clostridia;o__Clostridiales;f__Lachnospiraceae;g__Blautia;s__Blautia massiliensis",0.944447994,"Higher in HC","g__Blautia","s__Blautia massiliensis"
3.87390571619261,0.219976229970212,0.294725869115993,0.74637571052047,0.455440487796866,0.999624337131013,"1c93c0c2303307bd44cf7433a2ba06a9","k__Bacteria;p__Bacteroidetes;c__Bacteroidia;o__Bacteroidales;f__Rikenellaceae;g__Alistipes",0.999999999,"Higher in RA","g__Alistipes",NA
0.599468851206179,0.709475581069688,1.43916964751631,0.492975642096181,0.622029798303461,0.999624337131013,"853f87129d9f5166dba2a634428edf1e","k__Bacteria;p__Bacteroidetes;c__Bacteroidia;o__Bacteroidales;f__Prevotellaceae;g__Prevotella 9",0.999999296,"Higher in RA","g__Prevotella 9",NA
3.8470059365254,0.364674434347432,0.398145142420797,0.91593340089532,0.35970182686984,0.999624337131013,"ce7507d1daa859c2026fd8773819aa41","k__Bacteria;p__Firmicutes;c__Clostridia;o__Clostridiales;f__Ruminococcaceae;g__Subdoligranulum;s__human gut metagenome",0.730344178,"Higher in RA","g__Subdoligranulum","s__human gut metagenome"
3.59827646223619,0.180877810043254,0.390238447268629,0.463505867526023,0.643001810058745,0.999624337131013,"263fee95447192a5e9762d85b2977214","k__Bacteria;p__Firmicutes;c__Clostridia;o__Clostridiales;f__Ruminococcaceae;g__Butyricicoccus",0.999984999,"Higher in RA","g__Butyricicoccus",NA
3.43540199042068,0.244755184589831,0.54623961992812,0.448072925618319,0.654100566922338,0.999624337131013,"5cbf16a5618124e3889e792a18343db1","k__Bacteria;p__Firmicutes;c__Clostridia;o__Clostridiales;f__Lachnospiraceae;g__Lachnospira",0.993296502,"Higher in RA","g__Lachnospira",NA
3.51177349085779,-0.433378769597978,0.421758255692524,-1.02755254639029,0.304160355863097,0.999624337131013,"8951129e206ee24de7fc1be905b7dc31","k__Bacteria;p__Firmicutes;c__Clostridia;o__Clostridiales;f__Ruminococcaceae;g__Ruminococcaceae UCG-005",0.999396453,"Higher in HC","g__Ruminococcaceae UCG-005",NA
3.31503365776537,0.00942530715724892,0.611839469699379,0.0154048694535512,0.987709178626226,0.999624337131013,"e7bfabe35ab1a1d1af53798e115bac79","k__Bacteria;p__Firmicutes;c__Clostridia;o__Clostridiales;f__Lachnospiraceae;g__[Ruminococcus] torques group",0.987596893,"Higher in RA","g__[Ruminococcus] torques group",NA
3.88044804112337,-0.240174635760593,0.451789149375592,-0.53160779999372,0.594997661370403,0.999624337131013,"b507ec236feae196c98c5d743261bdfa","k__Bacteria;p__Firmicutes;c__Clostridia;o__Clostridiales;f__Ruminococcaceae;g__Faecalibacterium;s__metagenome",0.700342233,"Higher in HC","g__Faecalibacterium","s__metagenome"
3.65040978768412,0.135635186914804,0.482616075624213,0.281041585155185,0.778678504311666,0.999624337131013,"0ba5e13b29684b160a77cde709e04968","k__Bacteria;p__Firmicutes;c__Clostridia;o__Clostridiales;f__Ruminococcaceae;g__Subdoligranulum",0.999894625,"Higher in RA","g__Subdoligranulum",NA
3.34726090851066,0.1530848208565,0.637701795411113,0.240057064223583,0.810286018824981,0.999624337131013,"6995add6e3cb98d0b7ab6795829826f8","k__Bacteria;p__Firmicutes;c__Clostridia;o__Clostridiales;f__Lachnospiraceae;g__Anaerostipes",0.999938339,"Higher in RA","g__Anaerostipes",NA
3.54061769797754,-0.15487206480618,0.476726948247768,-0.324865345614338,0.745282985703105,0.999624337131013,"6cc17b5bd67b8f78ce5568c6a11e8f02","k__Bacteria;p__Firmicutes;c__Clostridia;o__Clostridiales;f__Christensenellaceae;g__Christensenellaceae R-7 group;s__uncultured bacterium",0.940896398,"Higher in HC","g__Christensenellaceae R-7 group","s__uncultured bacterium"
3.58906137421374,0.532083765855226,0.504872821808416,1.0538966307383,0.291930245639189,0.999624337131013,"90b17c9749c1b6de8fea88145be32d32","k__Bacteria;p__Firmicutes;c__Clostridia;o__Clostridiales;f__Ruminococcaceae;g__Faecalibacterium;s__human gut metagenome",0.788277134,"Higher in RA","g__Faecalibacterium","s__human gut metagenome"
3.71495937072562,-0.433010202064829,0.417036243792621,-1.03830352519708,0.299128768022447,0.999624337131013,"80870cd5369ef1fea746945b5a126976","k__Bacteria;p__Firmicutes;c__Clostridia;o__Clostridiales;f__Ruminococcaceae;g__Ruminococcaceae UCG-005;s__uncultured organism",0.975391531,"Higher in HC","g__Ruminococcaceae UCG-005","s__uncultured organism"
2.97501336015988,-0.0791661373594091,0.658160935126492,-0.120283859363659,0.904258289637807,0.999624337131013,"3526b738646afd7cb0c793986af38d01","k__Bacteria;p__Proteobacteria;c__Gammaproteobacteria;o__Enterobacteriales;f__Enterobacteriaceae;g__Escherichia-Shigella",0.994827935,"Higher in HC","g__Escherichia-Shigella",NA
3.39999822748695,-0.371410708674545,0.537322762425625,-0.691224594688476,0.489424410132143,0.999624337131013,"979541ff464ff0f4804c0c4f114cb0da","k__Bacteria;p__Firmicutes;c__Clostridia;o__Clostridiales;f__Lachnospiraceae;g__Blautia",0.989637052,"Higher in HC","g__Blautia",NA
3.42854451320619,-0.283235390146725,0.508367882236352,-0.557146507566036,0.577427334122331,0.999624337131013,"33b66af5a07260549afc2aceba4fe2af","k__Bacteria;p__Firmicutes;c__Clostridia;o__Clostridiales;f__Ruminococcaceae;g__Ruminococcaceae UCG-005",0.998919442,"Higher in HC","g__Ruminococcaceae UCG-005",NA
0.32939781173875,1.33141015056084,2.13077375027542,0.624848203798619,0.532070690000049,0.999624337131013,"99f21d82e40460f4c927b990a5cc2d9e","k__Bacteria;p__Bacteroidetes;c__Bacteroidia;o__Bacteroidales;f__Prevotellaceae;g__Prevotella 9;s__uncultured bacterium",0.985561121,"Higher in RA","g__Prevotella 9","s__uncultured bacterium"
3.53946781872131,0.0880705741645892,0.497406208444917,0.177059660031047,0.859461527856839,0.999624337131013,"efe91bce2105aa6a7eb8aa256a46fbaa","k__Bacteria;p__Firmicutes;c__Clostridia;o__Clostridiales;f__Christensenellaceae;g__Christensenellaceae R-7 group;s__uncultured bacterium",0.856792458,"Higher in RA","g__Christensenellaceae R-7 group","s__uncultured bacterium"
1.12596982651742,0.389990982450656,1.30765715812003,0.298236414666465,0.765522730764249,0.999624337131013,"43dcef9d8e6a3e25bbbda8146d9a4153","k__Bacteria;p__Bacteroidetes;c__Bacteroidia;o__Bacteroidales;f__Prevotellaceae;g__Prevotella 9",0.999994894,"Higher in RA","g__Prevotella 9",NA
2.35752392999168,0.185684105807731,0.562972864401815,0.329827807961986,0.741530074351633,0.999624337131013,"a26bf10f2e9a5f691f9fbc034634833e","k__Bacteria;p__Firmicutes;c__Clostridia;o__Clostridiales;f__Lachnospiraceae;g__Lachnoclostridium",0.997117095,"Higher in RA","g__Lachnoclostridium",NA
2.25501806098471,0.391805173872055,0.665024467269443,0.589159035728094,0.555754593983237,0.999624337131013,"60eff53d5a4a039733b2d7f7f5375942","k__Bacteria;p__Firmicutes;c__Clostridia;o__Clostridiales;f__Lachnospiraceae;g__Blautia",0.956520733,"Higher in RA","g__Blautia",NA
3.24524171921097,0.352233239947643,0.434932939576592,0.80985643508754,0.418022692721758,0.999624337131013,"f2483b53b44088867f0f79fab2e31adb","k__Bacteria;p__Actinobacteria;c__Coriobacteriia;o__Coriobacteriales;f__Coriobacteriaceae;g__Collinsella",0.999999903,"Higher in RA","g__Collinsella",NA
2.99191529742222,0.0923966641138669,0.620965757940098,0.148795103324812,0.881715314607473,0.999624337131013,"f7de1496883fb881b9b53881545f3d93","k__Bacteria;p__Firmicutes;c__Clostridia;o__Clostridiales;f__Lachnospiraceae;g__[Ruminococcus] torques group",0.988584431,"Higher in RA","g__[Ruminococcus] torques group",NA
1.12966300946716,-0.804894801996045,0.877168241991066,-0.917605954553292,0.358825199349638,0.999624337131013,"6de21436ae8604291e3956a04fc079f2","k__Bacteria;p__Fusobacteria;c__Fusobacteriia;o__Fusobacteriales;f__Fusobacteriaceae;g__Fusobacterium",0.999763262,"Higher in HC","g__Fusobacterium",NA
3.17344997563021,0.234881708658376,0.413450630115946,0.568100981228417,0.569966401538339,0.999624337131013,"c6e671466e5072a558a1acda73a93043","k__Bacteria;p__Actinobacteria;c__Actinobacteria;o__Bifidobacteriales;f__Bifidobacteriaceae;g__Bifidobacterium;s__Bifidobacterium bifidum",0.846363395,"Higher in RA","g__Bifidobacterium","s__Bifidobacterium bifidum"
3.15968588972988,0.448648987363393,0.564697885437007,0.794493832779617,0.426907997851791,0.999624337131013,"cfd77c7851730e028fcdb9f50d1288bc","k__Bacteria;p__Firmicutes;c__Clostridia;o__Clostridiales;f__Lachnospiraceae;g__Blautia;s__Blautia massiliensis",0.758831473,"Higher in RA","g__Blautia","s__Blautia massiliensis"
2.96183389965635,0.11340368403577,0.566902638014806,0.200040847283564,0.84144863518868,0.999624337131013,"8a2ee5688456a789e3a7e2ac6a53455d","k__Bacteria;p__Firmicutes;c__Clostridia;o__Clostridiales;f__Lachnospiraceae;g__Lachnospira",0.994344256,"Higher in RA","g__Lachnospira",NA
3.37255601439003,-0.04226052538719,0.366526129293534,-0.115300171010033,0.908207202821059,0.999624337131013,"c84119760698a0506664856b02fa6ac1","k__Bacteria;p__Firmicutes;c__Clostridia;o__Clostridiales;f__Ruminococcaceae;g__Ruminococcaceae UCG-002",0.998619529,"Higher in HC","g__Ruminococcaceae UCG-002",NA
1.66063974097638,0.248056550974943,1.01281625580551,0.24491762405379,0.806520215189379,0.999624337131013,"fd88818ed0dc05da341bcfc67f14a899","k__Bacteria;p__Firmicutes;c__Erysipelotrichia;o__Erysipelotrichales;f__Erysipelotrichaceae;g__Holdemanella;s__uncultured bacterium",0.828739258,"Higher in RA","g__Holdemanella","s__uncultured bacterium"
3.28325827435048,0.10153004655047,0.483840678146708,0.209841898658394,0.833791070611858,0.999624337131013,"5dcdd7213dd8ee7dae027aab5318f792","k__Bacteria;p__Firmicutes;c__Clostridia;o__Clostridiales;f__Lachnospiraceae;g__Blautia",0.984304415,"Higher in RA","g__Blautia",NA
2.34714754534448,0.19175663320699,0.680557530752713,0.281764031021598,0.778124452974438,0.999624337131013,"d35d602a3611f6e9931432b5bae02a2e","k__Bacteria;p__Firmicutes;c__Clostridia;o__Clostridiales;f__Lachnospiraceae;g__Blautia",0.999252902,"Higher in RA","g__Blautia",NA
2.98085145629421,0.291887216265218,0.56156565568169,0.5197739806771,0.60322111643387,0.999624337131013,"7366cd2b3c3d61f2b80761c5da8c81c0","k__Bacteria;p__Firmicutes;c__Clostridia;o__Clostridiales;f__Lachnospiraceae;g__Blautia;s__Blautia massiliensis",0.766247051,"Higher in RA","g__Blautia","s__Blautia massiliensis"
3.32365216899569,0.27991260053464,0.406799652074185,0.688084660612233,0.491399469552377,0.999624337131013,"16d75d7b27b7cdac330dccd9fdf01eb1","k__Bacteria;p__Firmicutes;c__Clostridia;o__Clostridiales;f__Ruminococcaceae;g__Faecalibacterium",0.999970247,"Higher in RA","g__Faecalibacterium",NA
0.724506441764909,0.2039138126998,1.41238198147342,0.144375824227858,0.885203706256862,0.999624337131013,"d01d3cae386e10595f86b51f181332a5","k__Bacteria;p__Proteobacteria;c__Gammaproteobacteria;o__Enterobacteriales;f__Enterobacteriaceae;g__Klebsiella",0.926260962,"Higher in RA","g__Klebsiella",NA
2.99963889586305,-0.316463377743419,0.542114391696689,-0.583757565913283,0.559383431250661,0.999624337131013,"df5603a0c89285177d45245a1ae11b4c","k__Bacteria;p__Firmicutes;c__Clostridia;o__Clostridiales;f__Ruminococcaceae;g__Ruminococcaceae UCG-005",0.999180456,"Higher in HC","g__Ruminococcaceae UCG-005",NA
1.00011715191293,-0.617543061468289,1.06450473820064,-0.580122416845357,0.561832067717889,0.999624337131013,"8a4d89f5bf2c41d0ee9f873aa58e04e7","k__Bacteria;p__Fusobacteria;c__Fusobacteriia;o__Fusobacteriales;f__Fusobacteriaceae;g__Fusobacterium",0.999847455,"Higher in HC","g__Fusobacterium",NA
3.02719165362787,0.246854285895584,0.644629138679879,0.382940005475258,0.701764248048873,0.999624337131013,"04cdf7c37f74afe185a5a891e1600e2a","k__Bacteria;p__Firmicutes;c__Clostridia;o__Clostridiales;f__Lachnospiraceae;g__Blautia;s__Blautia massiliensis",0.937057557,"Higher in RA","g__Blautia","s__Blautia massiliensis"
3.0085245722286,-0.0383148871787694,0.465462546252922,-0.0823157254804127,0.934395649732729,0.999624337131013,"3586ffd0b7b08e8886a982b4a844b414","k__Bacteria;p__Firmicutes;c__Clostridia;o__Clostridiales;f__Lachnospiraceae;g__Blautia",0.998278251,"Higher in HC","g__Blautia",NA
3.14485354403461,0.182573301411712,0.595944314013409,0.306359666697993,0.759330814165902,0.999624337131013,"bf40a313898f006d494ac8f79306b63f","k__Bacteria;p__Proteobacteria;c__Deltaproteobacteria;o__Desulfovibrionales;f__Desulfovibrionaceae;g__Desulfovibrio;s__gut metagenome",0.999985898,"Higher in RA","g__Desulfovibrio","s__gut metagenome"
0.684344349870565,-1.79576054917325,1.7133556841856,-1.04809559728214,0.294594564563789,0.999624337131013,"8c6b8aa56891cf9f252cf52844f0e54f","k__Bacteria;p__Firmicutes;c__Negativicutes;o__Veillonellales;f__Veillonellaceae;g__Dialister",0.999999181,"Higher in HC","g__Dialister",NA
2.99969366162444,0.0884602072570515,0.420307671105929,0.210465364632275,0.83330448125955,0.999624337131013,"14d668c0ecf47f044c38e2f572226f08","k__Bacteria;p__Firmicutes;c__Clostridia;o__Clostridiales;f__Ruminococcaceae;g__Butyricicoccus",0.999985726,"Higher in RA","g__Butyricicoccus",NA
2.95266273692836,-0.608311888673601,0.663436427131469,-0.916910594288269,0.359189491935242,0.999624337131013,"0ca7e576c4935c367a0ace6eb061300f","k__Bacteria;p__Firmicutes;c__Clostridia;o__Clostridiales;f__Lachnospiraceae;g__[Ruminococcus] torques group",0.981255007,"Higher in HC","g__[Ruminococcus] torques group",NA
2.69136765537212,0.335744218484727,0.673694151014602,0.498362970762158,0.618228231276367,0.999624337131013,"278a67a17398cf1472f0573d477f9857","k__Bacteria;p__Firmicutes;c__Clostridia;o__Clostridiales;f__Lachnospiraceae;g__Anaerostipes",0.999943409,"Higher in RA","g__Anaerostipes",NA
2.88747674704264,0.101510473796609,0.44372859191612,0.228767033826383,0.819049990540351,0.999624337131013,"368c47b9adc3a3c0b8d64a5121823cb6","k__Bacteria;p__Firmicutes;c__Clostridia;o__Clostridiales;f__Lachnospiraceae;g__Blautia;s__Blautia obeum",0.710124131,"Higher in RA","g__Blautia","s__Blautia obeum"
2.92863526124496,-0.226035768924803,0.375732827108042,-0.60158642688893,0.547449466029402,0.999624337131013,"85b214aa2a0b5cab3800fd9fdabdef5e","k__Bacteria;p__Tenericutes;c__Mollicutes;o__Mollicutes RF39;f__gut metagenome;g__gut metagenome;s__gut metagenome",0.999998762,"Higher in HC","g__gut metagenome","s__gut metagenome"
0.86051431578812,-0.760167622234892,1.1401734006816,-0.666712292867436,0.504955925139521,0.999624337131013,"b6de96d5dafaff4b465ccf1b47ee3ccb","k__Bacteria;p__Proteobacteria;c__Gammaproteobacteria;o__Enterobacteriales;f__Enterobacteriaceae;g__Klebsiella",0.887906265,"Higher in HC","g__Klebsiella",NA
2.07316950270999,-0.0324249112575656,0.557910642556173,-0.0581184669806706,0.953654264731903,0.999624337131013,"99f43920101440e814fe07643c632f9a","k__Bacteria;p__Firmicutes;c__Clostridia;o__Clostridiales;f__Lachnospiraceae;g__Lachnoclostridium",0.997954387,"Higher in HC","g__Lachnoclostridium",NA
2.70091376969671,0.700972226674891,0.65363494277329,1.0724215931614,0.283530713517232,0.999624337131013,"0d9e5aa73320aa417ffdb6afd1c70a84","k__Bacteria;p__Firmicutes;c__Clostridia;o__Clostridiales;f__Clostridiaceae 1;g__Clostridium sensu stricto 1",0.999483134,"Higher in RA","g__Clostridium sensu stricto 1",NA
2.75886054513568,0.371045760199768,0.491193955851091,0.755395614664797,0.450011643706301,0.999624337131013,"de5c62aad4bd125298652dde3dcb0236","k__Bacteria;p__Firmicutes;c__Clostridia;o__Clostridiales;f__Lachnospiraceae;g__Anaerostipes",0.999903067,"Higher in RA","g__Anaerostipes",NA
2.97990157036141,-0.249871643489332,0.541053109643166,-0.461824613953567,0.64420709822629,0.999624337131013,"3ecee6deefad3a792e421680da7b587e","k__Bacteria;p__Firmicutes;c__Clostridia;o__Clostridiales;f__Ruminococcaceae;g__Subdoligranulum",0.999872735,"Higher in HC","g__Subdoligranulum",NA
0.832911697760801,-0.302194380663804,0.743832372703108,-0.406266776969683,0.684546593590391,0.999624337131013,"c26ad2cf9a4e0f9c13f0a2592526d9db","k__Bacteria;p__Fusobacteria;c__Fusobacteriia;o__Fusobacteriales;f__Fusobacteriaceae;g__Fusobacterium;s__Fusobacterium ulcerans 12-1B",0.884498215,"Higher in HC","g__Fusobacterium","s__Fusobacterium ulcerans 12-1B"
2.10829231199289,0.244836721337308,0.681314386701739,0.3593593884353,0.719326251692208,0.999624337131013,"d49fa5f247b9704d12574bd12d37b3ad","k__Bacteria;p__Firmicutes;c__Clostridia;o__Clostridiales;f__Lachnospiraceae;g__Blautia",0.999307656,"Higher in RA","g__Blautia",NA
2.95853736625659,0.0825539984546414,0.517267639985609,0.159596294206493,0.873199098358329,0.999624337131013,"362950d2a961e32c48aafe8f203bedf4","k__Bacteria;p__Firmicutes;c__Clostridia;o__Clostridiales;f__Ruminococcaceae;g__Faecalibacterium;s__metagenome",0.743912727,"Higher in RA","g__Faecalibacterium","s__metagenome"
2.48320132636196,-0.432009362668675,0.62272222204519,-0.6937432893431,0.487843212937998,0.999624337131013,"4e7ce6a17e17eda23cbf82e1a1828280","k__Bacteria;p__Firmicutes;c__Negativicutes;o__Acidaminococcales;f__Acidaminococcaceae;g__Phascolarctobacterium",0.999999992,"Higher in HC","g__Phascolarctobacterium",NA
0.781647678173714,0.240059940761961,0.649110136660982,0.369829289674673,0.711509690104984,0.999624337131013,"f960d642d3891f36dc1b6766d3763590","k__Bacteria;p__Firmicutes;c__Bacilli;o__Lactobacillales;f__Enterococcaceae;g__Enterococcus",0.999585836,"Higher in RA","g__Enterococcus",NA
2.56519877875807,0.662135266298942,0.657321452157342,1.00732337903441,0.313779398430291,0.999624337131013,"b67045da5a965000a67743a20eb7bcc6","k__Bacteria;p__Firmicutes;c__Clostridia;o__Clostridiales;f__Lachnospiraceae;g__Lachnoclostridium",0.711409608,"Higher in RA","g__Lachnoclostridium",NA
2.79251176836603,0.0592947129077242,0.435156229981401,0.136260746882237,0.891615153849556,0.999624337131013,"44e8128dc2ffb7257dcfc5c37dfc760a","k__Bacteria;p__Firmicutes;c__Clostridia;o__Clostridiales;f__Ruminococcaceae;g__Faecalibacterium;s__human gut metagenome",0.738481106,"Higher in RA","g__Faecalibacterium","s__human gut metagenome"
1.80502226720369,0.135729424790134,0.680811499197072,0.199364177823391,0.841977879940641,0.999624337131013,"45d2a4e97f9de4bd5b30328970786f47","k__Bacteria;p__Bacteroidetes;c__Bacteroidia;o__Bacteroidales;f__Bacteroidaceae;g__Bacteroides",1,"Higher in RA","g__Bacteroides",NA
2.73194736241261,-0.00113235800750863,0.468614881499984,-0.00241639361491055,0.998071998718094,0.999624337131013,"c9434bd88b7cb8d0614bebd829d95ca3","k__Bacteria;p__Firmicutes;c__Clostridia;o__Clostridiales;f__Ruminococcaceae;g__Subdoligranulum;s__human gut metagenome",0.713329543,"Higher in HC","g__Subdoligranulum","s__human gut metagenome"
2.77587257911981,0.00435221614612943,0.48401629783362,0.00899187933466138,0.992825614985896,0.999624337131013,"1d4140ba4d797af1e22089c819e40a64","k__Bacteria;p__Firmicutes;c__Clostridia;o__Clostridiales;f__Lachnospiraceae",0.999861089,"Higher in RA",NA,NA
2.71523460894878,-0.0141793847637211,0.520511822943833,-0.0272412347591405,0.978267327316315,0.999624337131013,"e845384bbce42d97b5b5b0562b5b66d7","k__Bacteria;p__Firmicutes;c__Clostridia;o__Clostridiales;f__Lachnospiraceae;g__Blautia;s__Ruminococcus sp. Marseille-P328",0.862336819,"Higher in HC","g__Blautia","s__Ruminococcus sp. Marseille-P328"
0.621538738632586,0.259821490907416,1.76785602089566,0.146969825504105,0.883155837411291,0.999624337131013,"22cbb5e8888f7ac392d3407236ca90ec","k__Bacteria;p__Bacteroidetes;c__Bacteroidia;o__Bacteroidales;f__Prevotellaceae;g__Prevotella 9",0.999875275,"Higher in RA","g__Prevotella 9",NA
2.62052117665162,-0.0199176752680533,0.653662998901112,-0.0304708623580306,0.975691531056389,0.999624337131013,"c19a3a0ed933633d0d0b778b64e49573","k__Bacteria;p__Firmicutes;c__Clostridia;o__Clostridiales;f__Lachnospiraceae;g__Blautia",0.990319648,"Higher in HC","g__Blautia",NA
2.42833113530817,-0.209194566353728,0.524410649003123,-0.398913650497745,0.689956830660705,0.999624337131013,"fc6f7828b67bbaca9222c0d6a8fa4bc0","k__Bacteria;p__Firmicutes;c__Clostridia;o__Clostridiales;f__Lachnospiraceae;g__[Ruminococcus] torques group",0.984509086,"Higher in HC","g__[Ruminococcus] torques group",NA
2.63157382882294,0.316833427287141,0.512118659325709,0.618671906437282,0.536132520965823,0.999624337131013,"67874e162b9797876b82f6f637bd51a5","k__Bacteria;p__Firmicutes;c__Clostridia;o__Clostridiales;f__Lachnospiraceae;g__Blautia;s__Ruminococcus sp. Marseille-P328",0.853771811,"Higher in RA","g__Blautia","s__Ruminococcus sp. Marseille-P328"
2.58364757640004,-0.532998320078352,0.494821359795494,-1.07715301598669,0.281411911414609,0.999624337131013,"48acb4637d18604f05058260bc008c07","k__Bacteria;p__Firmicutes;c__Clostridia;o__Clostridiales;f__Lachnospiraceae;g__[Eubacterium] ventriosum group;s__human gut metagenome",0.916891679,"Higher in HC","g__[Eubacterium] ventriosum group","s__human gut metagenome"
2.67561895924752,0.248209838008703,0.486241924074737,0.51046572851779,0.609725218718428,0.999624337131013,"6801fd2fe37648fef57d9ef75044549a","k__Bacteria;p__Firmicutes;c__Clostridia;o__Clostridiales;f__Ruminococcaceae;g__Subdoligranulum",0.999792029,"Higher in RA","g__Subdoligranulum",NA
2.47706741022335,0.322511238476261,0.506493358675512,0.636753143850955,0.524285651184641,0.999624337131013,"d55958f22ead5e229a6bcdf96d677fef","k__Bacteria;p__Firmicutes;c__Clostridia;o__Clostridiales;f__Lachnospiraceae;g__Blautia;s__Blautia massiliensis",0.753480257,"Higher in RA","g__Blautia","s__Blautia massiliensis"
1.49692286993141,-0.478765698342138,0.72254696366695,-0.662608414977465,0.507581379356478,0.999624337131013,"a3630b76173bc9a42b61dc61d96ace1f","k__Bacteria;p__Bacteroidetes;c__Bacteroidia;o__Bacteroidales;f__Bacteroidaceae;g__Bacteroides",0.999999989,"Higher in HC","g__Bacteroides",NA
1.81642180409726,0.497664985272652,0.876793300192129,0.567596701712479,0.570308847269593,0.999624337131013,"5c258fabec943d2ea1b7c8d9ce9d3c56","k__Bacteria;p__Proteobacteria;c__Gammaproteobacteria;o__Enterobacteriales;f__Enterobacteriaceae;g__Klebsiella",0.853158714,"Higher in RA","g__Klebsiella",NA
2.75364743991047,-0.456624467091142,0.543574722736862,-0.840039920900054,0.400886003741688,0.999624337131013,"e82e90f6e4df36e1874ad6344e1d6f55","k__Bacteria;p__Firmicutes;c__Clostridia;o__Clostridiales;f__Ruminococcaceae;g__[Eubacterium] coprostanoligenes group",0.999991323,"Higher in HC","g__[Eubacterium] coprostanoligenes group",NA
0.86227809101838,-0.4610898694405,1.32479647165287,-0.348045816324695,0.727805775492921,0.999624337131013,"cd626d3612a2b424e9869c1fd7976574","k__Bacteria;p__Bacteroidetes;c__Bacteroidia;o__Bacteroidales;f__Prevotellaceae;g__Prevotella 9;s__uncultured bacterium",0.754020481,"Higher in HC","g__Prevotella 9","s__uncultured bacterium"
0.398316126824473,0.961848394085148,2.42811836366817,0.396129121412385,0.69200977601181,0.999624337131013,"9ee8de66b02d65d2c3c6a46b02dc458b","k__Bacteria;p__Bacteroidetes;c__Bacteroidia;o__Bacteroidales;f__Prevotellaceae;g__Prevotella 9;s__uncultured bacterium",0.995135681,"Higher in RA","g__Prevotella 9","s__uncultured bacterium"
2.42844944446938,-0.0159984467142751,0.522665049211771,-0.0306093677746433,0.975581071247844,0.999624337131013,"788aaf7d3e9337478f26a0ad5aa612a6","k__Bacteria;p__Firmicutes;c__Clostridia;o__Clostridiales;f__Lachnospiraceae;g__Lachnospira",0.993443822,"Higher in HC","g__Lachnospira",NA
2.59818892271735,0.0432108154490062,0.615773161562348,0.0701732685772975,0.9440557504471,0.999624337131013,"40394cfbff6a1112dd7aa4cfa343c8ab","k__Bacteria;p__Firmicutes;c__Clostridia;o__Clostridiales;f__Lachnospiraceae;g__Lachnospiraceae NK4A136 group;s__gut metagenome",0.736289912,"Higher in RA","g__Lachnospiraceae NK4A136 group","s__gut metagenome"
0.321089890093306,-0.556713353355245,2.20130831102065,-0.252901127283312,0.80034461833831,0.999624337131013,"258b78cf35fc5b63286b4aa950ed5a2a","k__Bacteria;p__Bacteroidetes;c__Bacteroidia;o__Bacteroidales;f__Prevotellaceae;g__Prevotella 9;s__uncultured bacterium",0.89349486,"Higher in HC","g__Prevotella 9","s__uncultured bacterium"
2.09911459160382,0.126080316792963,0.536340729106049,0.235075037100218,0.814150493361297,0.999624337131013,"8caf44c2e7f70387e766ef25ecda390b","k__Bacteria;p__Firmicutes;c__Clostridia;o__Clostridiales;f__Lachnospiraceae;g__[Ruminococcus] torques group",0.983448018,"Higher in RA","g__[Ruminococcus] torques group",NA
2.42801174305302,0.189434684099421,0.562814348141384,0.336584674369092,0.736430010854747,0.999624337131013,"1ac499d4eb6ac0d5fd81187d6140f691","k__Bacteria;p__Firmicutes;c__Clostridia;o__Clostridiales;f__Lachnospiraceae;g__[Eubacterium] eligens group",0.99854911,"Higher in RA","g__[Eubacterium] eligens group",NA
2.43307516948035,0.518424547144373,0.537322265034914,0.964829825376186,0.334630054557774,0.999624337131013,"f16871f815a859d9d8d4f0817bb32df2","k__Bacteria;p__Firmicutes;c__Clostridia;o__Clostridiales;f__Lachnospiraceae;g__Lachnoclostridium",0.702304946,"Higher in RA","g__Lachnoclostridium",NA
2.38143948509228,0.150679808246824,0.504561481428088,0.298635178849456,0.765218420769619,0.999624337131013,"e9124bb429f832cdbfb2fda8280bc0df","k__Bacteria;p__Firmicutes;c__Clostridia;o__Clostridiales;f__Lachnospiraceae;g__Blautia;s__Blautia massiliensis",0.731123215,"Higher in RA","g__Blautia","s__Blautia massiliensis"
1.00425166764618,-1.43400299442493,1.76583269924341,-0.812083157730259,0.416743916672697,0.999624337131013,"33269cf1e8fa9413d2f2ee91829abf09","k__Bacteria;p__Bacteroidetes;c__Bacteroidia;o__Bacteroidales;f__Bacteroidaceae;g__Bacteroides;s__uncultured Bacteroides sp.",0.776698893,"Higher in HC","g__Bacteroides","s__uncultured Bacteroides sp."
1.23878945249621,0.716755935528424,0.792800954855599,0.904080565416288,0.365952682819715,0.999624337131013,"ca220c775115a248b51cb8663a603ab0","k__Bacteria;p__Firmicutes;c__Clostridia;o__Clostridiales;f__Lachnospiraceae;g__Hungatella",0.996305337,"Higher in RA","g__Hungatella",NA
1.71141959813785,-0.530361394950669,0.666978736689375,-0.795169869407199,0.426514696128135,0.999624337131013,"6c7a8d5f02e9d7d55d3f4d1c332a4900","k__Bacteria;p__Proteobacteria;c__Gammaproteobacteria;o__Enterobacteriales;f__Enterobacteriaceae;g__Citrobacter",0.813817494,"Higher in HC","g__Citrobacter",NA
0.278886881294201,-0.91258445983533,2.04020766338933,-0.447299790218062,0.654658618440847,0.999624337131013,"97383f5a1e1cbb3822587d99e563d2a1","k__Bacteria;p__Bacteroidetes;c__Bacteroidia;o__Bacteroidales;f__Prevotellaceae;g__Alloprevotella;s__Prevotellamassilia timonensis",0.931321851,"Higher in HC","g__Alloprevotella","s__Prevotellamassilia timonensis"
2.31633355725646,0.122493591016496,0.446753098267685,0.274186326835725,0.783941435236165,0.999624337131013,"408944fd8704276034604d5ff4575f61","k__Bacteria;p__Actinobacteria;c__Actinobacteria;o__Bifidobacteriales;f__Bifidobacteriaceae;g__Bifidobacterium;s__Bifidobacterium bifidum",0.846363395,"Higher in RA","g__Bifidobacterium","s__Bifidobacterium bifidum"
2.30295545189305,0.176928775586679,0.502733055892722,0.351933841454885,0.724887878921102,0.999624337131013,"4d356a3829818acfe890edb737f7d1ed","k__Bacteria;p__Firmicutes;c__Clostridia;o__Clostridiales;f__Lachnospiraceae;g__Lachnospira",0.993261963,"Higher in RA","g__Lachnospira",NA
2.43693167888108,-0.199889751572427,0.596342898095647,-0.335192642036574,0.73747977211738,0.999624337131013,"a3d4af79595aea745c8b0e4155f4b51f","k__Bacteria;p__Firmicutes;c__Clostridia;o__Clostridiales;f__Lachnospiraceae;g__Lachnospiraceae NK4A136 group;s__gut metagenome",0.755183849,"Higher in HC","g__Lachnospiraceae NK4A136 group","s__gut metagenome"
1.9157810782197,0.400202041844067,0.745129223450803,0.537090788079245,0.591204903625004,0.999624337131013,"aa54709cddf9c679481873d8137624d0","k__Bacteria;p__Firmicutes;c__Clostridia;o__Clostridiales;f__Lachnospiraceae;g__Blautia",0.998181495,"Higher in RA","g__Blautia",NA
2.35709807012264,0.402614797570256,0.531980846551057,0.756821979927458,0.449156522630981,0.999624337131013,"22c8d41dda842573300f49b64da0e725","k__Bacteria;p__Firmicutes;c__Clostridia;o__Clostridiales;f__Lachnospiraceae",0.999910183,"Higher in RA",NA,NA
2.18284721178144,-0.0870729123018266,0.532187079644384,-0.163613352582724,0.870035532521919,0.999624337131013,"43fa47a6ca25ba5d96fce5f7cbf1b27f","k__Bacteria;p__Firmicutes;c__Clostridia;o__Clostridiales;f__Lachnospiraceae;g__Lachnospira",0.994277407,"Higher in HC","g__Lachnospira",NA
0.741415928302585,-0.112198032781897,0.859246015149099,-0.130577309412867,0.896109693481343,0.999624337131013,"6b587161df65f9b4cb8c57aa5cf7f35c","k__Bacteria;p__Proteobacteria;c__Gammaproteobacteria;o__Enterobacteriales;f__Enterobacteriaceae",0.999972435,"Higher in HC",NA,NA
2.45985464526735,-0.545381351134523,0.587789022339964,-0.927852223172495,0.353484230260496,0.999624337131013,"05a9c5a219d5f0c3d467d37cf943090c","k__Bacteria;p__Firmicutes;c__Clostridia;o__Clostridiales;f__Lachnospiraceae;g__[Eubacterium] xylanophilum group;s__uncultured organism",0.808741956,"Higher in HC","g__[Eubacterium] xylanophilum group","s__uncultured organism"
1.6795826165332,0.649048832828681,0.778459658228177,0.833760395889951,0.40441601676349,0.999624337131013,"463db77c38239db6c61704b427dc9d5c","k__Bacteria;p__Firmicutes;c__Clostridia;o__Clostridiales;f__Lachnospiraceae;g__Lachnoclostridium",0.99824332,"Higher in RA","g__Lachnoclostridium",NA
1.95592727448134,0.0757757928055054,0.690023635746201,0.109816227850747,0.912555120921137,0.999624337131013,"26306d04c2e9b510d6cfff5f97a197c8","k__Bacteria;p__Firmicutes;c__Clostridia;o__Clostridiales;f__Lachnospiraceae;g__Blautia",0.997983644,"Higher in RA","g__Blautia",NA
2.3043884209989,-0.0605236276948715,0.947665236564709,-0.0638660418886631,0.949076891702527,0.999624337131013,"0576ba0c2205122a0595601328eb1bf1","k__Bacteria;p__Firmicutes;c__Clostridia;o__Clostridiales;f__Lachnospiraceae;g__Roseburia",0.818252869,"Higher in HC","g__Roseburia",NA
0.977965847045708,-0.734480178992707,1.29075307406303,-0.569032291111041,0.56933422626677,0.999624337131013,"5831aabf263afbb5ca3a7612288e789f","k__Bacteria;p__Bacteroidetes;c__Bacteroidia;o__Bacteroidales;f__Muribaculaceae;g__metagenome;s__metagenome",1,"Higher in HC","g__metagenome","s__metagenome"
1.00106317602179,-0.578327902165707,0.567605166246076,-1.0188911880252,0.308254627621877,0.999624337131013,"18ae6ba9005e6b9e0abf99abdab82c2f","k__Bacteria;p__Firmicutes;c__Bacilli;o__Lactobacillales;f__Streptococcaceae;g__Lactococcus;s__Lactococcus garvieae subsp. garvieae",0.971456416,"Higher in HC","g__Lactococcus","s__Lactococcus garvieae subsp. garvieae"
1.76396395480813,-0.509521341575692,0.666630628893299,-0.764323329129909,0.444674586273692,0.999624337131013,"4461a2a5ca22e48a6ccb3370d0d29ed1","k__Bacteria;p__Firmicutes;c__Clostridia;o__Clostridiales;f__Christensenellaceae;g__Christensenellaceae R-7 group;s__uncultured organism",0.853496617,"Higher in HC","g__Christensenellaceae R-7 group","s__uncultured organism"
1.58920876264777,0.484507561999593,0.806805658074602,0.600525736465265,0.548155914122481,0.999624337131013,"cc25495ac9e1d92952f04188e5178f3f","k__Bacteria;p__Firmicutes;c__Clostridia;o__Clostridiales;f__Lachnospiraceae;g__Lachnoclostridium",0.997895965,"Higher in RA","g__Lachnoclostridium",NA
1.93038221345814,-0.323541074978142,0.784864172473538,-0.412225562492535,0.680174102497053,0.999624337131013,"4f14b2785c10f1d2fbd14daedace4ef4","k__Bacteria;p__Firmicutes;c__Clostridia;o__Clostridiales;f__Lachnospiraceae",0.999985593,"Higher in HC",NA,NA
2.23989551681617,0.224515470860102,0.582180235970284,0.385645985535589,0.699758871205005,0.999624337131013,"6d723bd04e43cea4b98e2171f1205298","k__Bacteria;p__Bacteroidetes;c__Bacteroidia;o__Bacteroidales;f__Barnesiellaceae;g__Barnesiella;s__uncultured bacterium",0.867585426,"Higher in RA","g__Barnesiella","s__uncultured bacterium"
2.19835598959692,-0.139802698921775,0.559288170159099,-0.249965413861705,0.802614095463705,0.999624337131013,"64a8c0bba1a63ba4773867f5638df4ca","k__Bacteria;p__Firmicutes;c__Clostridia;o__Clostridiales;f__Lachnospiraceae;g__[Eubacterium] eligens group",0.99849073,"Higher in HC","g__[Eubacterium] eligens group",NA
0.841198464499224,0.063450911198035,0.814295921784872,0.0779211948636015,0.937890739605767,0.999624337131013,"bae430848086741273801feae1e37a07","k__Bacteria;p__Proteobacteria;c__Gammaproteobacteria;o__Enterobacteriales;f__Enterobacteriaceae;g__Enterobacter",0.752854124,"Higher in RA","g__Enterobacter",NA
1.93193910215954,-0.350286756603457,0.580998161470555,-0.602905103377353,0.54657182077593,0.999624337131013,"8e6a81122f533cc762974d0172301886","k__Bacteria;p__Firmicutes;c__Clostridia;o__Clostridiales;f__Lachnospiraceae;g__Lachnospira;s__human gut metagenome",0.751412305,"Higher in HC","g__Lachnospira","s__human gut metagenome"
1.71309937015932,-0.480374611756507,0.574373260540928,-0.836345708893385,0.402960445640445,0.999624337131013,"a0b773676cc0e7f708626dcec3fedfce","k__Bacteria;p__Bacteroidetes;c__Bacteroidia;o__Bacteroidales;f__Bacteroidaceae;g__Bacteroides",0.999999999,"Higher in HC","g__Bacteroides",NA
0.679642953443777,-0.733377391661677,1.82690906429124,-0.401430703912017,0.688103047547237,0.999624337131013,"60fbd73cbe32dd494e26fea0c64b5f7b","k__Bacteria;p__Firmicutes;c__Negativicutes;o__Selenomonadales;f__Selenomonadaceae;g__Megamonas;s__uncultured bacterium",0.986843036,"Higher in HC","g__Megamonas","s__uncultured bacterium"
1.69720164674271,-0.21490522774274,0.742040050039789,-0.289614054836012,0.772111513416251,0.999624337131013,"b575af4297f0763258c05575c5c74631","k__Bacteria;p__Bacteroidetes;c__Bacteroidia;o__Bacteroidales;f__Bacteroidaceae;g__Bacteroides",1,"Higher in HC","g__Bacteroides",NA
1.20325925774572,0.822115413764711,1.0801812425114,0.761090251718596,0.446603162614882,0.999624337131013,"e708926f8772cb648f6e8665e236122b","k__Bacteria;p__Bacteroidetes;c__Bacteroidia;o__Bacteroidales;f__Bacteroidaceae;g__Bacteroides",1,"Higher in RA","g__Bacteroides",NA
2.13271598398809,0.425035684615884,0.584313300311466,0.727410593579369,0.466974466874162,0.999624337131013,"4f8918040e28759d10852b0e8eb78720","k__Bacteria;p__Firmicutes;c__Clostridia;o__Clostridiales;f__Lachnospiraceae;g__Lachnoclostridium",0.70841513,"Higher in RA","g__Lachnoclostridium",NA
2.00618260488031,-0.188169942071367,0.7766240156859,-0.242292200950261,0.808553756509474,0.999624337131013,"e2ca82b5d0d9c4dd8346fa1ce6455d38","k__Bacteria;p__Firmicutes;c__Clostridia;o__Clostridiales;f__Lachnospiraceae",0.9999839,"Higher in HC",NA,NA
0.211650440450724,-0.53684131013848,2.01730987536136,-0.266117425337203,0.790148775255208,0.999624337131013,"7699bd65e6bd24f2c20fb869c8e2bf00","k__Bacteria;p__Firmicutes;c__Bacilli;o__Lactobacillales;f__Lactobacillaceae;g__Lactobacillus",1,"Higher in HC","g__Lactobacillus",NA
2.22693876996092,-0.513167957843921,0.711276945009636,-0.721474190108845,0.47061781485444,0.999624337131013,"b7755fb7425d105c06cde4467bab3c5e","k__Bacteria;p__Firmicutes;c__Clostridia;o__Clostridiales;f__Lachnospiraceae;g__[Ruminococcus] gauvreauii group;s__unidentified",0.961054902,"Higher in HC","g__[Ruminococcus] gauvreauii group","s__unidentified"
1.91433322859636,0.0276179193633247,0.58983656272224,0.046823003368698,0.962654295101047,0.999624337131013,"20d561c8a5698e338bb9ecce62a1d8e3","k__Bacteria;p__Firmicutes;c__Clostridia;o__Clostridiales;f__Lachnospiraceae;g__[Ruminococcus] torques group",0.986064037,"Higher in RA","g__[Ruminococcus] torques group",NA
2.12919897806638,-0.524379145255907,0.768692530090476,-0.68217021075278,0.49513132876476,0.999624337131013,"7ac176d00c1f05db291e87c687a894e4","k__Bacteria;p__Firmicutes;c__Clostridia;o__Clostridiales;f__Ruminococcaceae;g__Ruminococcaceae UCG-014",0.936775745,"Higher in HC","g__Ruminococcaceae UCG-014",NA
2.01841244774112,0.4966194658149,0.681948795302755,0.72823571100294,0.466469308965248,0.999624337131013,"3b59f630c05787547d5efaf614eb78cb","k__Bacteria;p__Firmicutes;c__Clostridia;o__Clostridiales;f__Lachnospiraceae;g__[Ruminococcus] torques group;s__Ruminococcus torques ATCC 27756",0.92570252,"Higher in RA","g__[Ruminococcus] torques group","s__Ruminococcus torques ATCC 27756"
1.37875193150948,0.742833724853173,0.751523821230398,0.988436698702382,0.322938821816193,0.999624337131013,"8c99c3060e13e3077ba4309a4076a972","k__Bacteria;p__Firmicutes;c__Clostridia;o__Clostridiales;f__Lachnospiraceae;g__Hungatella",0.995779091,"Higher in RA","g__Hungatella",NA
0.467635547097411,-0.0712137860873613,0.983541029768404,-0.0724055061578165,0.942279203018047,0.999624337131013,"54cfef0c7397a5b2cf183a621b3ef3a4","k__Bacteria;p__Fusobacteria;c__Fusobacteriia;o__Fusobacteriales;f__Fusobacteriaceae;g__Fusobacterium;s__Fusobacterium ulcerans 12-1B",0.884342933,"Higher in HC","g__Fusobacterium","s__Fusobacterium ulcerans 12-1B"
1.85192552947198,-0.29234176740936,0.668736275940443,-0.437155539376476,0.661998551113036,0.999624337131013,"b50e0e3f6a2d0b8019aaee2819587015","k__Bacteria;p__Firmicutes;c__Clostridia;o__Clostridiales;f__Ruminococcaceae;g__Ruminococcus 2;s__Ruminococcus bromii L2-63",0.748316948,"Higher in HC","g__Ruminococcus 2","s__Ruminococcus bromii L2-63"
2.26522071926104,-0.38821379695655,0.691130774053058,-0.561708162233775,0.574314872275738,0.999624337131013,"9fe55f6ab8f4fb707e5753619b0fcccc","k__Bacteria;p__Firmicutes;c__Clostridia;o__Clostridiales;f__Ruminococcaceae;g__Ruminococcaceae UCG-014;s__gut metagenome",0.953042065,"Higher in HC","g__Ruminococcaceae UCG-014","s__gut metagenome"
2.03325387160409,0.139072753723815,0.616022780971715,0.225759108298627,0.821388782842226,0.999624337131013,"546b9a8e9082c78a6a4d86330536ceae","k__Bacteria;p__Firmicutes;c__Clostridia;o__Clostridiales;f__Lachnospiraceae;g__[Eubacterium] hallii group",0.999992108,"Higher in RA","g__[Eubacterium] hallii group",NA
2.13724142793868,-0.0753702193306989,0.349285529276741,-0.215783973320528,0.829156141466371,0.999624337131013,"a89651f1b09bc8210f6a75c48b6eebfe","k__Bacteria;p__Firmicutes;c__Clostridia;o__Clostridiales;f__Ruminococcaceae;g__Ruminococcaceae UCG-005;s__human gut metagenome",0.996318527,"Higher in HC","g__Ruminococcaceae UCG-005","s__human gut metagenome"
2.21869244967202,-0.173530500272008,0.588243419524824,-0.29499777560144,0.767995578950386,0.999624337131013,"a7b5b7df068eec832e1711413ee018cb","k__Bacteria;p__Firmicutes;c__Clostridia;o__Clostridiales;f__Ruminococcaceae;g__[Eubacterium] coprostanoligenes group",0.999993313,"Higher in HC","g__[Eubacterium] coprostanoligenes group",NA
2.02607925857009,0.336947663519557,0.647030968811814,0.520759715934951,0.602534169092966,0.999624337131013,"47058644758cafb4e546b619bf7e5b4a","k__Bacteria;p__Firmicutes;c__Clostridia;o__Clostridiales;f__Lachnospiraceae;g__Lachnospiraceae NK4A136 group;s__gut metagenome",0.865011535,"Higher in RA","g__Lachnospiraceae NK4A136 group","s__gut metagenome"
2.10782169078884,0.815492382231879,0.886024388886588,0.92039496029749,0.357366401297304,0.999624337131013,"67af3187016a00471ebcb7d7baed1d4f","k__Bacteria;p__Firmicutes;c__Clostridia;o__Clostridiales;f__Lachnospiraceae;g__Lachnospiraceae NK4A136 group;s__gut metagenome",0.756955868,"Higher in RA","g__Lachnospiraceae NK4A136 group","s__gut metagenome"
0.552349831432803,0.130875000061768,1.58640406942206,0.0824978973417832,0.934250790314965,0.999624337131013,"75756b84fcd1330d764a2b8987fa90bd","k__Bacteria;p__Proteobacteria;c__Gammaproteobacteria;o__Enterobacteriales;f__Enterobacteriaceae;g__Escherichia-Shigella",0.994030384,"Higher in RA","g__Escherichia-Shigella",NA
0.784345296785723,-0.844412260689116,1.50942552730035,-0.559426248871893,0.575870851365869,0.999624337131013,"75400bf1910d7eeefc20d2cf24c1c9aa","k__Bacteria;p__Bacteroidetes;c__Bacteroidia;o__Bacteroidales;f__Bacteroidaceae;g__Bacteroides",1,"Higher in HC","g__Bacteroides",NA
1.43356689806636,0.212382316744564,0.723432564555701,0.29357583159807,0.769082045964884,0.999624337131013,"27557239a44eeb599d29092c909247ee","k__Bacteria;p__Actinobacteria;c__Actinobacteria;o__Bifidobacteriales;f__Bifidobacteriaceae;g__Bifidobacterium;s__Bifidobacterium longum subsp. longum",0.908371078,"Higher in RA","g__Bifidobacterium","s__Bifidobacterium longum subsp. longum"
1.7062003173958,-0.641609778211275,0.614923264322228,-1.04339812044428,0.296763943687581,0.999624337131013,"2261b07784700d088d880733ee638134","k__Bacteria;p__Bacteroidetes;c__Bacteroidia;o__Bacteroidales;f__Prevotellaceae;g__Paraprevotella;s__gut metagenome",0.999927941,"Higher in HC","g__Paraprevotella","s__gut metagenome"
2.01451868069658,-0.482613929235346,0.595490078613012,-0.810448312353798,0.417682560475728,0.999624337131013,"3532598c18927c2065bfb82fc4f1eaeb","k__Bacteria;p__Firmicutes;c__Clostridia;o__Clostridiales;f__Lachnospiraceae;g__CAG-56",0.99222594,"Higher in HC","g__CAG-56",NA
2.00451335455368,-0.120063740773996,0.632240778105248,-0.189901924918246,0.849385984051649,0.999624337131013,"f4dd956509c082ec1038990f3850e1b6","k__Bacteria;p__Firmicutes;c__Clostridia;o__Clostridiales;f__Lachnospiraceae;g__Lachnospiraceae NK4A136 group;s__gut metagenome",0.87207772,"Higher in HC","g__Lachnospiraceae NK4A136 group","s__gut metagenome"
0.546870739224591,0.269039880182114,1.12872336523164,0.238357677770674,0.811603689748981,0.999624337131013,"098e4abe594933f5dd5760e4b5f68593","k__Bacteria;p__Bacteroidetes;c__Bacteroidia;o__Bacteroidales;f__Bacteroidaceae;g__Bacteroides;s__Bacteroides ovatus V975",0.930410389,"Higher in RA","g__Bacteroides","s__Bacteroides ovatus V975"
2.17102313783766,-0.548468711978515,0.74859496836793,-0.7326641710861,0.463763281659203,0.999624337131013,"d03c2504efbe6f71872aa0fadb44758b","k__Bacteria;p__Firmicutes;c__Clostridia;o__Clostridiales;f__Lachnospiraceae;g__[Eubacterium] ruminantium group;s__gut metagenome",0.966169243,"Higher in HC","g__[Eubacterium] ruminantium group","s__gut metagenome"
1.36647868567562,0.619554540496354,0.665614092330624,0.930801417270186,0.351956296446506,0.999624337131013,"3d6f107f64060d5ae2825eacb7e80f4a","k__Bacteria;p__Firmicutes;c__Clostridia;o__Clostridiales;f__Lachnospiraceae;g__Lachnoclostridium",0.997341194,"Higher in RA","g__Lachnoclostridium",NA
1.871201407508,-0.0287086731571215,0.723405035243784,-0.0396854759898745,0.968343881036452,0.999624337131013,"9e1169a0eea560f02399c104592f1f66","k__Bacteria;p__Firmicutes;c__Clostridia;o__Clostridiales;f__Lachnospiraceae;g__[Ruminococcus] torques group;s__Ruminococcus torques ATCC 27756",0.938368224,"Higher in HC","g__[Ruminococcus] torques group","s__Ruminococcus torques ATCC 27756"
1.88323733534303,0.360528438847658,0.808024263210497,0.446185164558279,0.655463498347298,0.999624337131013,"d3f609b4b31973bd3c9cfff55eea7481","k__Bacteria;p__Firmicutes;c__Clostridia;o__Clostridiales;f__Lachnospiraceae;g__[Eubacterium] eligens group",0.998443984,"Higher in RA","g__[Eubacterium] eligens group",NA
1.74650038403463,0.129391978260009,0.690766116437748,0.187316625962023,0.85141238806661,0.999624337131013,"7df2329ce6e092f63db4240af2e29a6a","k__Bacteria;p__Firmicutes;c__Clostridia;o__Clostridiales;f__Clostridiaceae 1;g__Clostridium sensu stricto 1;s__uncultured bacterium",0.992544413,"Higher in RA","g__Clostridium sensu stricto 1","s__uncultured bacterium"
1.88148468474742,0.407379967786729,0.591085284882755,0.68920674935688,0.490693170069483,0.999624337131013,"5992f9ffdec455d2684ac58bca73856f","k__Bacteria;p__Firmicutes;c__Clostridia;o__Clostridiales;f__Lachnospiraceae;g__Blautia;s__Blautia massiliensis",0.762369857,"Higher in RA","g__Blautia","s__Blautia massiliensis"
1.83311508295281,0.528062861832583,0.946028470718732,0.558189185819529,0.576715204585834,0.999624337131013,"6768362a6a97cb66c7965d0598ed7f7b","k__Bacteria;p__Firmicutes;c__Clostridia;o__Clostridiales;f__Ruminococcaceae;g__Faecalibacterium",0.999919557,"Higher in RA","g__Faecalibacterium",NA
0.518135151730236,1.18097211922944,1.26733725371699,0.931853076807894,0.351412460230359,0.999624337131013,"4678cf4931a6f561fd825da97e2e5f58","k__Bacteria;p__Proteobacteria;c__Gammaproteobacteria;o__Enterobacteriales;f__Enterobacteriaceae",0.999671176,"Higher in RA",NA,NA
1.8192574239954,0.097462423615876,0.568978446443086,0.171293700534973,0.863992833505909,0.999624337131013,"96a857f02ba85b7499ab8809de7dc0ac","k__Bacteria;p__Firmicutes;c__Clostridia;o__Clostridiales;f__Lachnospiraceae;g__Lachnospira",0.994660463,"Higher in RA","g__Lachnospira",NA
1.50910775120431,0.402801565923617,0.438275752851834,0.919059663471254,0.358064365879519,0.999624337131013,"68de87971aca680ac05ccc90951e2a97","k__Bacteria;p__Firmicutes;c__Bacilli;o__Lactobacillales;f__Streptococcaceae;g__Streptococcus",0.999999985,"Higher in RA","g__Streptococcus",NA
1.98559750955709,-0.062007086992605,0.759209678473336,-0.081673204057794,0.934906587217109,0.999624337131013,"74123129ab3c106c24e41b3b4431f70b","k__Bacteria;p__Firmicutes;c__Clostridia;o__Clostridiales;f__Lachnospiraceae;g__Coprococcus 2;s__uncultured bacterium",0.991080364,"Higher in HC","g__Coprococcus 2","s__uncultured bacterium"
2.03876218126364,-0.861490854964262,0.805273382173586,-1.06981166152411,0.284704092144353,0.999624337131013,"4d655545ee2c029c57b0e1f33916f24f","k__Bacteria;p__Firmicutes;c__Clostridia;o__Clostridiales;f__Lachnospiraceae;g__Agathobacter",0.78065771,"Higher in HC","g__Agathobacter",NA
1.67813205059,0.149937570348043,0.653993049110729,0.229264776669908,0.818663128532596,0.999624337131013,"faf711a1d4a74ee2369da7d97e9f96e0","k__Bacteria;p__Firmicutes;c__Clostridia;o__Clostridiales;f__Ruminococcaceae;g__Ruminococcus 2;s__Ruminococcus bromii L2-63",0.835571184,"Higher in RA","g__Ruminococcus 2","s__Ruminococcus bromii L2-63"
1.34864852836052,0.0311167991505122,0.830887505146722,0.0374500747186196,0.970126146797768,0.999624337131013,"0e32642b53f52369eda1c1badfcbb500","k__Bacteria;p__Firmicutes;c__Erysipelotrichia;o__Erysipelotrichales;f__Erysipelotrichaceae;g__Erysipelotrichaceae UCG-003",0.999999341,"Higher in RA","g__Erysipelotrichaceae UCG-003",NA
1.56554169089099,0.244346009359431,0.410063310168237,0.595873864597111,0.551259494043864,0.999624337131013,"b0d14740b86c091f4ba5a23bc073f9df","k__Bacteria;p__Bacteroidetes;c__Bacteroidia;o__Bacteroidales;f__Tannerellaceae;g__Parabacteroides;s__Parabacteroides goldsteinii CL02T12C30",0.99795247,"Higher in RA","g__Parabacteroides","s__Parabacteroides goldsteinii CL02T12C30"
1.69087570256994,-0.623981263940392,1.00028336392882,-0.623804500246384,0.532755983831331,0.999624337131013,"d0970b7adde214a5b51fcf73d4fca658","k__Bacteria;p__Firmicutes;c__Clostridia;o__Clostridiales;f__Lachnospiraceae",0.999984158,"Higher in HC",NA,NA
1.28829662562724,0.102783314213134,0.967828902321145,0.106199880956881,0.915423765396193,0.999624337131013,"7a5af7935ee92ae285dcfaa055554c96","k__Bacteria;p__Bacteroidetes;c__Bacteroidia;o__Bacteroidales;f__Bacteroidaceae;g__Bacteroides;s__uncultured Bacteroides sp.",0.850073108,"Higher in RA","g__Bacteroides","s__uncultured Bacteroides sp."
1.87785994514309,0.569933664521162,0.599854734486081,0.950119473524613,0.342051549400203,0.999624337131013,"472242d6ec986c4c177823b84b33127c","k__Bacteria;p__Firmicutes;c__Clostridia;o__Clostridiales;f__Lachnospiraceae;g__[Eubacterium] hallii group",0.999994023,"Higher in RA","g__[Eubacterium] hallii group",NA
2.01877690563422,-0.621084461665615,0.753397731406219,-0.824377929180062,0.409724851511593,0.999624337131013,"ecdbc507e31892b3c237b06ca80d4da2","k__Bacteria;p__Firmicutes;c__Clostridia;o__Clostridiales;f__Lachnospiraceae;g__[Eubacterium] ruminantium group;s__gut metagenome",0.976576647,"Higher in HC","g__[Eubacterium] ruminantium group","s__gut metagenome"
1.89412310481138,-0.238078883633736,0.52164626025759,-0.456399099873105,0.648103012909998,0.999624337131013,"4255933a822e69fea00eb3c12bb7ee43","k__Bacteria;p__Firmicutes;c__Clostridia;o__Clostridiales;f__Christensenellaceae;g__Christensenellaceae R-7 group;s__uncultured organism",0.949994593,"Higher in HC","g__Christensenellaceae R-7 group","s__uncultured organism"
1.95457600507627,-0.0996390735973449,0.660989404303766,-0.150742315910944,0.880178991350008,0.999624337131013,"3c5bab83a2a0717f8b8031a87f113eed","k__Bacteria;p__Firmicutes;c__Clostridia;o__Clostridiales;f__Lachnospiraceae;g__Lachnospiraceae UCG-001;s__metagenome",0.990946251,"Higher in HC","g__Lachnospiraceae UCG-001","s__metagenome"
0.678902723196679,0.477324996050129,1.68522432944572,0.283241220595909,0.776991932062909,0.999624337131013,"4e6d05962ddd5dfe7f827e80ac18c7bf","k__Bacteria;p__Firmicutes;c__Negativicutes;o__Veillonellales;f__Veillonellaceae;g__Dialister;s__gut metagenome",0.998972988,"Higher in RA","g__Dialister","s__gut metagenome"
0.642598081517809,1.11792061091028,1.48220552533062,0.754227798915345,0.4507124480016,0.999624337131013,"18843639344d05b3a307509361bbff03","k__Bacteria;p__Bacteroidetes;c__Bacteroidia;o__Bacteroidales;f__Bacteroidaceae;g__Bacteroides;s__gut metagenome",0.997288705,"Higher in RA","g__Bacteroides","s__gut metagenome"
1.37052401432425,-0.0854094871345,1.10986912674259,-0.0769545571424017,0.93865969585868,0.999624337131013,"054238c21953cd0ce686b6ff20f10aa7","k__Bacteria;p__Firmicutes;c__Clostridia;o__Clostridiales;f__Lachnospiraceae;g__Lachnoclostridium",0.955909636,"Higher in HC","g__Lachnoclostridium",NA
2.02907743839053,-0.442916887210311,0.520098337786779,-0.851602197182738,0.394434919705626,0.999624337131013,"23c167dff5c9f4ff8030358c6b09134e","k__Bacteria;p__Proteobacteria;c__Gammaproteobacteria;o__Betaproteobacteriales;f__Burkholderiaceae;g__Sutterella;s__gut metagenome",0.999837461,"Higher in HC","g__Sutterella","s__gut metagenome"
1.90846499751044,0.0696513915324109,0.608818171320254,0.114404258633359,0.908917338261503,0.999624337131013,"4d7935da11d8d93bf1d1e255303b44fb","k__Bacteria;p__Firmicutes;c__Clostridia;o__Clostridiales;f__Lachnospiraceae;g__Lachnospiraceae NK4A136 group;s__gut metagenome",0.905303941,"Higher in RA","g__Lachnospiraceae NK4A136 group","s__gut metagenome"
1.92580651008976,0.166590375216325,0.762385514465188,0.21851198908624,0.827030218068417,0.999624337131013,"8b617e7cf97fe85895c6e20e174a1d55","k__Bacteria;p__Firmicutes;c__Clostridia;o__Clostridiales;f__Lachnospiraceae;g__Coprococcus 2;s__uncultured bacterium",0.992037388,"Higher in RA","g__Coprococcus 2","s__uncultured bacterium"
0.648980237315508,-1.08655126258027,1.62848292301374,-0.667216860075788,0.504633623196635,0.999624337131013,"b897c1e22ad94d66259a2003c4571bc9","k__Bacteria;p__Firmicutes;c__Clostridia;o__Clostridiales;f__Ruminococcaceae;g__Ruminococcus 2;s__uncultured bacterium",0.889569873,"Higher in HC","g__Ruminococcus 2","s__uncultured bacterium"
1.99900047159018,-0.0885632696659426,0.734176787380591,-0.120629351388131,0.903984619554745,0.999624337131013,"af1a34416faf681c18e242ecf3b455e4","k__Bacteria;p__Firmicutes;c__Clostridia;o__Clostridiales;f__Ruminococcaceae;g__Ruminiclostridium 6;s__[Eubacterium] siraeum DSM 15702",0.731845319,"Higher in HC","g__Ruminiclostridium 6","s__[Eubacterium] siraeum DSM 15702"
1.99269308237066,-0.280321292667874,0.686474739088043,-0.408349028312784,0.683017449260043,0.999624337131013,"420d4bbd0ccbb209ca1890b243471e23","k__Bacteria;p__Firmicutes;c__Clostridia;o__Clostridiales;f__Lachnospiraceae;g__Coprococcus 2",0.999971728,"Higher in HC","g__Coprococcus 2",NA
0.646297877898293,-0.0320649957280463,1.5585205239215,-0.020573996451048,0.983585483900785,0.999624337131013,"36d4e3bcffe3abd5ff494540e4ed009f","k__Bacteria;p__Firmicutes;c__Clostridia;o__Clostridiales;f__Ruminococcaceae;g__Ruminococcus 2;s__uncultured bacterium",0.879268884,"Higher in HC","g__Ruminococcus 2","s__uncultured bacterium"
2.13826934634396,-0.587740410765779,0.584718296300186,-1.00516849649603,0.314815722000639,0.999624337131013,"29c3d2264ce4405502f9ccdb4dfe4d58","k__Bacteria;p__Firmicutes;c__Clostridia;o__Clostridiales;f__Ruminococcaceae;g__Ruminococcaceae UCG-002;s__uncultured bacterium",0.873727561,"Higher in HC","g__Ruminococcaceae UCG-002","s__uncultured bacterium"
1.91464737117326,0.273991641956357,0.605439466238555,0.452550019011148,0.650872795909506,0.999624337131013,"7a6a6614ca5c2c63f39ccac2ae7aca8e","k__Bacteria;p__Firmicutes;c__Clostridia;o__Clostridiales;f__Lachnospiraceae;g__Coprococcus 3",0.784658228,"Higher in RA","g__Coprococcus 3",NA
1.87884086156683,0.00412949889052043,0.913169934346374,0.00452215818239377,0.996391852102483,0.999624337131013,"63d6d797402c70d4dfb37b4e50ea7ee6","k__Bacteria;p__Firmicutes;c__Clostridia;o__Clostridiales;f__Lachnospiraceae;g__Lachnospiraceae NK4A136 group;s__gut metagenome",0.7610526,"Higher in RA","g__Lachnospiraceae NK4A136 group","s__gut metagenome"
0.750683127556863,-0.987903537096634,1.56964681179138,-0.629379507335905,0.529100630788883,0.999624337131013,"7653f564405cc429788a3d119a2f0e26","k__Bacteria;p__Bacteroidetes;c__Bacteroidia;o__Bacteroidales;f__Prevotellaceae;g__Prevotella 9;s__uncultured organism",0.785371899,"Higher in HC","g__Prevotella 9","s__uncultured organism"
1.42097473910346,-1.05077449809599,1.02769774034593,-1.02245481024634,0.306565690364555,0.999624337131013,"ee0b959b631c751b84d84ede5a0cbba6","k__Bacteria;p__Firmicutes;c__Clostridia;o__Clostridiales;f__Ruminococcaceae;g__Ruminococcaceae UCG-014",0.992463188,"Higher in HC","g__Ruminococcaceae UCG-014",NA
1.36839558939239,0.0278662736224603,0.699745386769577,0.0398234474272234,0.968233882712822,0.999624337131013,"8fe0cf99176b2bbb51b77782b009d4ab","k__Bacteria;p__Firmicutes;c__Clostridia;o__Clostridiales;f__Lachnospiraceae;g__uncultured;s__gut metagenome",0.944679925,"Higher in RA","g__uncultured","s__gut metagenome"
0.581852362645191,-0.189824815321334,1.37876665150005,-0.137677260408649,0.890495491797251,0.999624337131013,"d62080f509a26f24cc16b30510e40c5f","k__Bacteria;p__Bacteroidetes;c__Bacteroidia;o__Bacteroidales;f__Prevotellaceae;g__Prevotella 9",0.999999323,"Higher in HC","g__Prevotella 9",NA
1.8460535062675,0.403098002410971,0.581080409949354,0.693704340241146,0.487867643575926,0.999624337131013,"adc1146a5d7d3c2881c6e77e79ad5637","k__Bacteria;p__Firmicutes;c__Clostridia;o__Clostridiales;f__Lachnospiraceae;g__CAG-56",0.994064029,"Higher in RA","g__CAG-56",NA
1.5308238335709,0.326016376014644,0.779221985119683,0.418387035068794,0.675664164159558,0.999624337131013,"7af9bfe104d11d2071e1c5c0e5d9ad24","k__Bacteria;p__Firmicutes;c__Clostridia;o__Clostridiales;f__Lachnospiraceae;g__Lachnospira;s__human gut metagenome",0.761104627,"Higher in RA","g__Lachnospira","s__human gut metagenome"
1.73018028642475,0.45585121459203,0.632010652666585,0.721271410012945,0.470742543608084,0.999624337131013,"c98840c19543b065a793511104a89441","k__Bacteria;p__Firmicutes;c__Clostridia;o__Clostridiales;f__Lachnospiraceae;g__Lachnoclostridium",0.723306605,"Higher in RA","g__Lachnoclostridium",NA
1.91923404593604,0.010437815239385,0.711677391243405,0.0146664982867428,0.988298246977353,0.999624337131013,"1e4581a2d8174f9f45cfb2d2bd77c11b","k__Bacteria;p__Firmicutes;c__Clostridia;o__Clostridiales;f__Ruminococcaceae;g__Ruminiclostridium 6;s__[Eubacterium] siraeum DSM 15702",0.723005002,"Higher in RA","g__Ruminiclostridium 6","s__[Eubacterium] siraeum DSM 15702"
1.72656096510239,-0.336543917928357,0.690380859102593,-0.487475736748875,0.625921233205765,0.999624337131013,"1a1a7e0583b909c6fdfb1d5b8d4772b4","k__Bacteria;p__Firmicutes;c__Clostridia;o__Clostridiales;f__Ruminococcaceae;g__Ruminiclostridium 6;s__gut metagenome",0.997399369,"Higher in HC","g__Ruminiclostridium 6","s__gut metagenome"
1.18924524841529,0.462461731309134,0.734909732113372,0.629276918104266,0.529167779828437,0.999624337131013,"b8adf71b5941fbc5c1cf167250109cd8","k__Bacteria;p__Firmicutes;c__Clostridia;o__Clostridiales;f__Lachnospiraceae;g__Lachnoclostridium",0.997997324,"Higher in RA","g__Lachnoclostridium",NA
1.7908412873111,-0.12369901466986,0.39108767856666,-0.316294839876363,0.751778727453316,0.999624337131013,"50ce6e25ddf8ef669dd8721ad1ea4dfa","k__Bacteria;p__Firmicutes;c__Clostridia;o__Clostridiales;f__Ruminococcaceae;g__Ruminiclostridium 9;s__uncultured organism",0.781897336,"Higher in HC","g__Ruminiclostridium 9","s__uncultured organism"
1.06589751363563,0.495499492911918,1.20020678031716,0.412845103891998,0.679720103286316,0.999624337131013,"37ef51cae9a3e676a506df66cf19a5b9","k__Bacteria;p__Bacteroidetes;c__Bacteroidia;o__Bacteroidales;f__Muribaculaceae;g__metagenome;s__metagenome",1,"Higher in RA","g__metagenome","s__metagenome"
1.27056226695781,0.11057167995057,0.746732360322336,0.148074043426805,0.882284333948613,0.999624337131013,"5ae62b0420827d7a554182ab49d78863","k__Bacteria;p__Firmicutes;c__Clostridia;o__Clostridiales;f__Lachnospiraceae;g__uncultured;s__gut metagenome",0.932693878,"Higher in RA","g__uncultured","s__gut metagenome"
1.2186024912753,0.564116568503448,0.891862874835431,0.632514912797038,0.527050466954277,0.999624337131013,"7f6c09614a090fcc5cb2bf54c78eeca5","k__Bacteria;p__Firmicutes;c__Clostridia;o__Clostridiales;f__Lachnospiraceae;g__uncultured;s__gut metagenome",0.945184841,"Higher in RA","g__uncultured","s__gut metagenome"
1.06715993391279,0.496975514222253,1.10018859995139,0.451718472854755,0.651471808575514,0.999624337131013,"bbfdd170255ba98e27383db206161a4f","k__Bacteria;p__Bacteroidetes;c__Bacteroidia;o__Bacteroidales;f__Bacteroidaceae;g__Bacteroides;s__Bacteroides stercoris CC31F",0.817059225,"Higher in RA","g__Bacteroides","s__Bacteroides stercoris CC31F"
1.82970969169194,-0.348131086818589,0.675950346927119,-0.515024644045526,0.60653579908104,0.999624337131013,"875ab43921411ec3c87f1469f63491b0","k__Bacteria;p__Firmicutes;c__Clostridia;o__Clostridiales;f__Lachnospiraceae;g__Coprococcus 2",0.999976491,"Higher in HC","g__Coprococcus 2",NA
1.51779771777141,-0.518304339370058,0.571768950290433,-0.906492629770789,0.364675164157729,0.999624337131013,"279de709797cd94e6cde172b591287c4","k__Bacteria;p__Proteobacteria;c__Gammaproteobacteria;o__Enterobacteriales;f__Enterobacteriaceae;g__Escherichia-Shigella",0.950758638,"Higher in HC","g__Escherichia-Shigella",NA
0.473558654614989,-0.347425356495172,1.51638211002148,-0.229114650060235,0.818779807195646,0.999624337131013,"ab32a496f5cf966b14d51a4770d72336","k__Bacteria;p__Proteobacteria;c__Gammaproteobacteria;o__Enterobacteriales;f__Enterobacteriaceae;g__Klebsiella",0.865208253,"Higher in HC","g__Klebsiella",NA
1.2482440842085,0.619302572071846,0.716303710909094,0.86458099077256,0.387268809712932,0.999624337131013,"5d1c99f541c9701b6a56060b5de1e9f6","k__Bacteria;p__Firmicutes;c__Clostridia;o__Clostridiales;f__Lachnospiraceae;g__Lachnoclostridium",0.997689333,"Higher in RA","g__Lachnoclostridium",NA
1.69458308683743,-0.420827578813118,0.634805448668531,-0.662923703153116,0.507379420037797,0.999624337131013,"10f45fb4fce837a2dcef5ef47262ae94","k__Bacteria;p__Firmicutes;c__Clostridia;o__Clostridiales;f__Lachnospiraceae;g__Lachnospiraceae NK4A136 group;s__gut metagenome",0.914174286,"Higher in HC","g__Lachnospiraceae NK4A136 group","s__gut metagenome"
0.36761508371336,0.727695128258412,1.21814271726887,0.597380847040596,0.550253138175354,0.999624337131013,"0f93b6addf59443b22d51783f26d336e","k__Bacteria;p__Actinobacteria;c__Actinobacteria;o__Bifidobacteriales;f__Bifidobacteriaceae;g__Bifidobacterium;s__Bifidobacterium dentium Bd1",0.853039871,"Higher in RA","g__Bifidobacterium","s__Bifidobacterium dentium Bd1"
1.13885598477449,-0.5958977072245,0.716601079264664,-0.831561275118336,0.405656627990633,0.999624337131013,"b3c749b2ed0dd41718939e272faf2922","k__Bacteria;p__Bacteroidetes;c__Bacteroidia;o__Bacteroidales;f__Bacteroidaceae;g__Bacteroides;s__Bacteroides ovatus V975",0.92992933,"Higher in HC","g__Bacteroides","s__Bacteroides ovatus V975"
1.14696661057058,0.740736477660515,0.853349032968035,0.868034589649862,0.385375397187802,0.999624337131013,"8eccd9c9a83f84920b9d3a0706e4af66","k__Bacteria;p__Proteobacteria;c__Gammaproteobacteria;o__Pasteurellales;f__Pasteurellaceae",1,"Higher in RA",NA,NA
1.701856835274,-0.711613599653198,0.682351712764985,-1.04288387695202,0.297002077785202,0.999624337131013,"cbbb031661083547d01cd725fb02c02e","k__Bacteria;p__Firmicutes;c__Clostridia;o__Clostridiales;f__Lachnospiraceae;g__Lachnospiraceae UCG-001;s__metagenome",0.993488529,"Higher in HC","g__Lachnospiraceae UCG-001","s__metagenome"
0.359619441611621,0.0859629850378863,1.30786710334916,0.0657276146924667,0.947594686600179,0.999624337131013,"7c9770c19a1d6701d754f48fa16a318b","k__Bacteria;p__Proteobacteria;c__Gammaproteobacteria;o__Enterobacteriales;f__Enterobacteriaceae",0.999961049,"Higher in RA",NA,NA
0.820080150015006,0.0397254007182419,0.877524542203376,0.0452698458079536,0.963892222347079,0.999624337131013,"293a6d6eb9348255a58bdc7dde43e3a2","k__Bacteria;p__Proteobacteria;c__Gammaproteobacteria;o__Enterobacteriales;f__Enterobacteriaceae",0.999993957,"Higher in RA",NA,NA
1.66177626862933,-0.244723220798185,0.609430862949994,-0.40156026823713,0.688007675377797,0.999624337131013,"12f19240394311e2c5e66b3dcdc6c22d","k__Bacteria;p__Firmicutes;c__Clostridia;o__Clostridiales;f__Lachnospiraceae;g__Coprococcus 3",0.775421974,"Higher in HC","g__Coprococcus 3",NA
1.69166210374966,0.588374233922995,0.619250485321096,0.950139318208056,0.342041467196627,0.999624337131013,"d21f88d402827d9966070c528520019a","k__Bacteria;p__Firmicutes;c__Clostridia;o__Clostridiales;f__Ruminococcaceae;g__Subdoligranulum",0.999835385,"Higher in RA","g__Subdoligranulum",NA
1.632908881886,-0.334057243805753,0.639767151207105,-0.522154416924122,0.601562820722506,0.999624337131013,"e86c63f4981d0eac1a17dea285b02c30","k__Bacteria;p__Firmicutes;c__Clostridia;o__Clostridiales;f__Lachnospiraceae;g__[Ruminococcus] torques group;s__Ruminococcus torques ATCC 27756",0.92987733,"Higher in HC","g__[Ruminococcus] torques group","s__Ruminococcus torques ATCC 27756"
0.930344907046292,-0.647442958865656,0.734131843709057,-0.881916462844844,0.377821983677089,0.999624337131013,"d50269e5b9e6cd6fefa9fd38a70cd07b","k__Bacteria;p__Firmicutes;c__Clostridia;o__Clostridiales;f__Christensenellaceae;g__Christensenellaceae R-7 group;s__uncultured spirochete",0.995792954,"Higher in HC","g__Christensenellaceae R-7 group","s__uncultured spirochete"
1.84905728275027,0.103031103206499,0.405110770298497,0.254328225168101,0.799241995988678,0.999624337131013,"00236d0821770a74031ffc74880a41ea","k__Bacteria;p__Firmicutes;c__Clostridia;o__Clostridiales;f__Christensenellaceae;g__Christensenellaceae R-7 group;s__uncultured prokaryote",0.975610378,"Higher in RA","g__Christensenellaceae R-7 group","s__uncultured prokaryote"
1.13708092566503,0.105689131561884,0.595796713848011,0.177391263001906,0.859201069603307,0.999624337131013,"9348cd3fea46a7c0f97d47d113aebfcb","k__Bacteria;p__Firmicutes;c__Erysipelotrichia;o__Erysipelotrichales;f__Erysipelotrichaceae;g__Absiella;s__Absiella argi",0.999999744,"Higher in RA","g__Absiella","s__Absiella argi"
1.39814554133884,-0.234852810908976,0.825513868415722,-0.284492871524608,0.77603269615406,0.999624337131013,"6cb3356dbe700053a99a8281b551848d","k__Bacteria;p__Firmicutes;c__Clostridia;o__Clostridiales;f__Lachnospiraceae;g__Lachnospira",0.986159198,"Higher in HC","g__Lachnospira",NA
1.17506655360203,-0.390535203108279,1.01489176878779,-0.384804779306413,0.700382057917878,0.999624337131013,"78a6cec87822eb20977df44d2e91d3cb","k__Bacteria;p__Firmicutes;c__Clostridia;o__Clostridiales;f__Lachnospiraceae;g__Anaerostipes",0.999757663,"Higher in HC","g__Anaerostipes",NA
1.73505206687289,-0.182439176282568,0.681664278021283,-0.267637871258485,0.788978076989122,0.999624337131013,"23ecd30064287f73570e2f8384105310","k__Bacteria;p__Firmicutes;c__Clostridia;o__Clostridiales;f__Ruminococcaceae;g__[Eubacterium] coprostanoligenes group",0.999992665,"Higher in HC","g__[Eubacterium] coprostanoligenes group",NA
0.785583923906265,-0.759660332884656,1.44295384294198,-0.526461977006706,0.598567263749942,0.999624337131013,"ddf5c6aaf6b90cd9ed3871b73f6e323e","k__Bacteria;p__Bacteroidetes;c__Bacteroidia;o__Bacteroidales;f__Prevotellaceae;g__Prevotella 9;s__uncultured organism",0.778899949,"Higher in HC","g__Prevotella 9","s__uncultured organism"
0.273514670604731,-1.18173426596697,2.18840093079432,-0.539998977946899,0.589197737276206,0.999624337131013,"c4374ab946316c12d46b0f3d705e747a","k__Bacteria;p__Firmicutes;c__Erysipelotrichia;o__Erysipelotrichales;f__Erysipelotrichaceae;g__Holdemanella;s__uncultured bacterium",0.994907946,"Higher in HC","g__Holdemanella","s__uncultured bacterium"
1.75887025978534,-0.0591578344660845,0.592593826658511,-0.0998286377697532,0.92048037195861,0.999624337131013,"281b4b2ae8215a396d3c1fa243091e6b","k__Bacteria;p__Bacteroidetes;c__Bacteroidia;o__Bacteroidales;f__Prevotellaceae;g__Paraprevotella;s__gut metagenome",0.845912979,"Higher in HC","g__Paraprevotella","s__gut metagenome"
1.27517120708817,0.38742566568017,0.753150285657527,0.514406849546546,0.606967571379291,0.999624337131013,"656a2158f5ca31a6b19f444fcc992703","k__Bacteria;p__Firmicutes;c__Clostridia;o__Clostridiales;f__Clostridiaceae 1;g__Clostridium sensu stricto 1;s__uncultured bacterium",0.994208938,"Higher in RA","g__Clostridium sensu stricto 1","s__uncultured bacterium"
1.07329238137161,-0.460713706327401,1.14746936174607,-0.401504146155455,0.688048986176615,0.999624337131013,"63c4c63a379d514f5e14bcbb40dcb112","k__Bacteria;p__Firmicutes;c__Clostridia;o__Clostridiales;f__Lachnospiraceae;g__Anaerostipes",0.999726748,"Higher in HC","g__Anaerostipes",NA
0.484686079937177,-0.525888276967471,1.73528074147055,-0.303056597356006,0.761846729914261,0.999624337131013,"6b99210e9090d61861034cdac028a63f","k__Bacteria;p__Firmicutes;c__Negativicutes;o__Veillonellales;f__Veillonellaceae;g__Dialister",0.999999584,"Higher in HC","g__Dialister",NA
1.59322284675609,-0.101245370580162,1.00819712233831,-0.100422197541433,0.920009147752288,0.999624337131013,"ebd01098e7ed73e043a9406fa35fb277","k__Bacteria;p__Firmicutes;c__Clostridia;o__Clostridiales;f__Lachnospiraceae;g__Coprococcus 2",0.9999781,"Higher in HC","g__Coprococcus 2",NA
1.64197574972409,0.147974433367847,0.546468107061192,0.270783292667577,0.786557710499239,0.999624337131013,"7c76abaa81027e2406cab04e7c491989","k__Bacteria;p__Firmicutes;c__Clostridia;o__Clostridiales;f__Christensenellaceae;g__Christensenellaceae R-7 group;s__uncultured organism",0.940897865,"Higher in RA","g__Christensenellaceae R-7 group","s__uncultured organism"
1.55356797319657,0.485628049155579,0.607208208909515,0.799771877306664,0.423842979661316,0.999624337131013,"505b06f08d0ac4019b9d8206e73495f5","k__Bacteria;p__Firmicutes;c__Clostridia;o__Clostridiales;f__Ruminococcaceae;g__Subdoligranulum",0.999829278,"Higher in RA","g__Subdoligranulum",NA
1.32551323562005,-0.353923191284098,0.821419464632477,-0.430867792306884,0.666564503303603,0.999624337131013,"92dc1656ab64b12b75428fda930de5dc","k__Bacteria;p__Firmicutes;c__Clostridia;o__Clostridiales;f__Lachnospiraceae;g__[Ruminococcus] torques group;s__Dorea longicatena",0.897707553,"Higher in HC","g__[Ruminococcus] torques group","s__Dorea longicatena"
1.08131804935874,0.151694237388729,0.74559877701114,0.20345290532372,0.838781051916437,0.999624337131013,"eaf889c602dc6d4d29fc3c7793979b50","k__Bacteria;p__Firmicutes;c__Clostridia;o__Clostridiales;f__Lachnospiraceae;g__Lachnoclostridium",0.998243679,"Higher in RA","g__Lachnoclostridium",NA
1.09167025993837,0.660559509458767,0.776901561053257,0.850248657710555,0.395186854684861,0.999624337131013,"af0120366b98fa657a838c78d9aa65f9","k__Bacteria;p__Firmicutes;c__Clostridia;o__Clostridiales;f__Clostridiaceae 1;g__Clostridium sensu stricto 1",0.982204606,"Higher in RA","g__Clostridium sensu stricto 1",NA
0.900387142058084,0.582352943432747,1.20030341730263,0.48517144501799,0.6275547357589,0.999624337131013,"c12edd4269b3c265663ac1a33c9d6d56","k__Bacteria;p__Firmicutes;c__Clostridia;o__Clostridiales;f__Ruminococcaceae;g__Ruminococcaceae UCG-014;s__uncultured bacterium",0.725822987,"Higher in RA","g__Ruminococcaceae UCG-014","s__uncultured bacterium"
1.45273220324741,0.457559675140916,0.623670166856934,0.733656505403885,0.46315811332844,0.999624337131013,"3c0cca2193972ed0ea4e0167ed46eff2","k__Bacteria;p__Firmicutes;c__Clostridia;o__Clostridiales;f__Lachnospiraceae;g__Blautia;s__Blautia massiliensis",0.733470961,"Higher in RA","g__Blautia","s__Blautia massiliensis"
1.09338802659259,0.839221063271131,0.969626781728158,0.865509368228665,0.386759276290701,0.999624337131013,"3632139e8bc6466a110152f096db7293","k__Bacteria;p__Firmicutes;c__Clostridia;o__Clostridiales;f__Lachnospiraceae;g__uncultured;s__gut metagenome",0.939135606,"Higher in RA","g__uncultured","s__gut metagenome"
1.45907552937761,0.482768823318473,0.603031893352292,0.800569304277973,0.423381027005575,0.999624337131013,"2ece030345a2380d2baaf10569c979d8","k__Bacteria;p__Firmicutes;c__Clostridia;o__Clostridiales;f__Peptostreptococcaceae;g__Intestinibacter;s__uncultured bacterium",0.943846924,"Higher in RA","g__Intestinibacter","s__uncultured bacterium"
0.699041178098961,-0.364043330118134,1.0735114468709,-0.339114530338039,0.734523452694651,0.999624337131013,"478036a2172446ac270d622cf4dfb330","k__Bacteria;p__Proteobacteria;c__Gammaproteobacteria;o__Enterobacteriales;f__Enterobacteriaceae;g__Klebsiella",0.832982237,"Higher in HC","g__Klebsiella",NA
0.449657421987426,-0.800990954864,1.54603432127371,-0.518093902471774,0.60439275433657,0.999624337131013,"b4b15dc68a0130864c0e414f4f4864eb","k__Bacteria;p__Bacteroidetes;c__Bacteroidia;o__Bacteroidales;f__Prevotellaceae;g__Prevotella 9",0.999999632,"Higher in HC","g__Prevotella 9",NA
1.59534520438054,0.00835160635585347,0.926606960835134,0.00901310556562873,0.992808679590201,0.999624337131013,"e60213c9ab35bccc05cac16f5236f5a1","k__Bacteria;p__Firmicutes;c__Clostridia;o__Clostridiales;f__Lachnospiraceae;g__Coprococcus 2",0.99997558,"Higher in RA","g__Coprococcus 2",NA
1.42136316992423,0.95685716193803,0.981914570960573,0.974481070183091,0.329817733701544,0.999624337131013,"d6532a83bf940e6831951af66b110f2d","k__Bacteria;p__Firmicutes;c__Clostridia;o__Clostridiales;f__Lachnospiraceae;g__Lachnospiraceae NK4A136 group;s__gut metagenome",0.875814363,"Higher in RA","g__Lachnospiraceae NK4A136 group","s__gut metagenome"
1.17841686280948,0.0933534744894681,0.77201867765587,0.120921264201694,0.90375339936003,0.999624337131013,"a9178222ab5f93f82d6bdea5cf56e8bc","k__Bacteria;p__Bacteroidetes;c__Bacteroidia;o__Bacteroidales;f__Bacteroidaceae;g__Bacteroides;s__Bacteroides ovatus V975",0.759691699,"Higher in RA","g__Bacteroides","s__Bacteroides ovatus V975"
1.47819076585057,0.0653447476655042,0.75931036725673,0.0860580211772751,0.931420294020627,0.999624337131013,"ee8a84515a9f7facc0f107799cfe074f","k__Bacteria;p__Firmicutes;c__Clostridia;o__Clostridiales;f__Lachnospiraceae;g__Blautia;s__Blautia obeum",0.71225641,"Higher in RA","g__Blautia","s__Blautia obeum"
1.39486393864135,-0.85967193197722,1.04035829900853,-0.826322943544063,0.408620921790017,0.999624337131013,"7c6cca730e8f0f462bebd9b2ab6dd6b6","k__Bacteria;p__Firmicutes;c__Clostridia;o__Clostridiales;f__Ruminococcaceae;g__Ruminococcaceae UCG-014",0.999996501,"Higher in HC","g__Ruminococcaceae UCG-014",NA
1.43770583120275,0.0690687984595499,0.787876628992086,0.0876644844103424,0.930143348243549,0.999624337131013,"320e923824dc22a3632419a4134e7e91","k__Bacteria;p__Actinobacteria;c__Actinobacteria;o__Bifidobacteriales;f__Bifidobacteriaceae;g__Bifidobacterium",0.999992492,"Higher in RA","g__Bifidobacterium",NA
1.60797520398282,-0.292314038200302,0.654610811858412,-0.446546303398863,0.655202673279806,0.999624337131013,"72bbffa255241b2e26941cda39dcd392","k__Bacteria;p__Firmicutes;c__Clostridia;o__Clostridiales;f__Lachnospiraceae;g__Coprococcus 2;s__uncultured bacterium",0.991782256,"Higher in HC","g__Coprococcus 2","s__uncultured bacterium"
1.19466621566752,0.378886796455092,0.618502482522544,0.612587349544359,0.540149224999455,0.999624337131013,"97535845d58092f2adab97c98cad4308","k__Bacteria;p__Firmicutes;c__Bacilli;o__Lactobacillales;f__Streptococcaceae;g__Streptococcus",0.999999995,"Higher in RA","g__Streptococcus",NA
1.44131806020069,-0.676922148741625,0.722410198614162,-0.937032935083419,0.348741616741749,0.999624337131013,"37335270ebe8aa0beb45db0f55f4f545","k__Bacteria;p__Firmicutes;c__Clostridia;o__Clostridiales;f__Lachnospiraceae;g__Roseburia;s__metagenome",0.956343048,"Higher in HC","g__Roseburia","s__metagenome"
1.30070317074084,0.0962741550405161,0.874587198494822,0.110079538331004,0.912346295573536,0.999624337131013,"593e5521b7e3e33adbf04623ae7693fb","k__Bacteria;p__Bacteroidetes;c__Bacteroidia;o__Bacteroidales;f__Tannerellaceae;g__Parabacteroides;s__bacterium NLAE-zl-P241",0.876627622,"Higher in RA","g__Parabacteroides","s__bacterium NLAE-zl-P241"
1.52810984339416,-0.0344697450795291,0.752000359879871,-0.0458374050313427,0.963439845226345,0.999624337131013,"e2737832f4e80b565355509b470fcfc1","k__Bacteria;p__Proteobacteria;c__Deltaproteobacteria;o__Desulfovibrionales;f__Desulfovibrionaceae;g__Desulfovibrio;s__gut metagenome",0.999977527,"Higher in HC","g__Desulfovibrio","s__gut metagenome"
1.44385964456746,-0.102556291550133,0.659485407768133,-0.155509569039913,0.876419610709505,0.999624337131013,"d8417e5a7d47ca5222622954f7d51b88","k__Bacteria;p__Firmicutes;c__Clostridia;o__Clostridiales;f__Lachnospiraceae;g__Dorea;s__Dorea formicigenerans ATCC 27755",0.987407704,"Higher in HC","g__Dorea","s__Dorea formicigenerans ATCC 27755"
0.484528566440952,-1.37338190660922,1.72797682417469,-0.794791855651869,0.42673458932155,0.999624337131013,"09c0647480d227e8265722dbb171b3aa","k__Bacteria;p__Bacteroidetes;c__Bacteroidia;o__Bacteroidales;f__Prevotellaceae;g__Prevotellaceae NK3B31 group;s__uncultured organism",0.970717154,"Higher in HC","g__Prevotellaceae NK3B31 group","s__uncultured organism"
1.54737361661115,-0.126384167256921,0.405548318455703,-0.311637754381974,0.755315838257754,0.999624337131013,"feaecb3cf2b712ca4b6868ab30777607","k__Bacteria;p__Firmicutes;c__Clostridia;o__Clostridiales;f__Ruminococcaceae;g__Ruminococcaceae UCG-005;s__human gut metagenome",0.996055298,"Higher in HC","g__Ruminococcaceae UCG-005","s__human gut metagenome"
1.04168428940725,-0.039168403184708,1.27793916178994,-0.030649661858587,0.975548936297889,0.999624337131013,"e566697518e5f4656c4dcb1eff245117","k__Bacteria;p__Firmicutes;c__Clostridia;o__Clostridiales;f__Ruminococcaceae;g__Ruminococcaceae UCG-014;s__gut metagenome",0.974958239,"Higher in HC","g__Ruminococcaceae UCG-014","s__gut metagenome"
1.32256087987813,0.820987136512503,0.955267160033972,0.859431969254869,0.390102238256224,0.999624337131013,"5ff90ee60f3a3d973a0fe142abdb3677","k__Bacteria;p__Firmicutes;c__Clostridia;o__Clostridiales;f__Lachnospiraceae;g__Fusicatenibacter",0.918530146,"Higher in RA","g__Fusicatenibacter",NA
1.42870269272856,0.536264978659604,0.722562681655037,0.742170876347064,0.457983811596614,0.999624337131013,"6c388b7a7a2647374f1df7c0453db5ec","k__Bacteria;p__Firmicutes;c__Clostridia;o__Clostridiales;f__Lachnospiraceae;g__Blautia;s__Ruminococcus sp. Marseille-P328",0.861034017,"Higher in RA","g__Blautia","s__Ruminococcus sp. Marseille-P328"
1.42509469117144,-0.0294804613403792,0.4128149388935,-0.0714132618829104,0.943068855102181,0.999624337131013,"61014c12a266cd9d074e050668a41d80","k__Bacteria;p__Bacteroidetes;c__Bacteroidia;o__Bacteroidales;f__Rikenellaceae;g__Alistipes;s__Alistipes finegoldii",0.992994369,"Higher in HC","g__Alistipes","s__Alistipes finegoldii"
1.41884585212648,-0.107431346842541,0.684220989359415,-0.157012644325807,0.875234882974475,0.999624337131013,"3a17a5fb1831b51080040867e8a03ea5","k__Bacteria;p__Firmicutes;c__Clostridia;o__Clostridiales;f__Lachnospiraceae;g__[Ruminococcus] torques group;s__Ruminococcus torques ATCC 27756",0.951946918,"Higher in HC","g__[Ruminococcus] torques group","s__Ruminococcus torques ATCC 27756"
1.29806884674464,-0.43249575160214,0.857194596815412,-0.50454792086758,0.613876396207889,0.999624337131013,"b1c1d2b1558095914e04f58663a31259","k__Bacteria;p__Firmicutes;c__Clostridia;o__Clostridiales;f__Lachnospiraceae;g__[Ruminococcus] torques group;s__Dorea longicatena",0.892035814,"Higher in HC","g__[Ruminococcus] torques group","s__Dorea longicatena"
1.48983878040445,-0.18275567584405,0.653349682755533,-0.279721075356261,0.779691507738966,0.999624337131013,"9de8bd18e3e63a597afa6a1479c5f00c","k__Bacteria;p__Firmicutes;c__Clostridia;o__Clostridiales;f__Lachnospiraceae;g__Dorea;s__Dorea formicigenerans ATCC 27755",0.987423221,"Higher in HC","g__Dorea","s__Dorea formicigenerans ATCC 27755"
1.15511658401317,0.424429281966229,0.691826193432988,0.613491200528447,0.539551599348649,0.999624337131013,"0fae6de03c68dba97968137e0f2355c0","k__Bacteria;p__Firmicutes;c__Clostridia;o__Clostridiales;f__Lachnospiraceae;g__Lachnoclostridium;s__[Clostridium] symbiosum WAL-14673",0.967739776,"Higher in RA","g__Lachnoclostridium","s__[Clostridium] symbiosum WAL-14673"
1.4090148505715,0.289732836533181,0.791903938621566,0.365868664623018,0.714463079627155,0.999624337131013,"514fffa67cb6ced228d4a95810b0be57","k__Bacteria;p__Firmicutes;c__Clostridia;o__Clostridiales;f__Lachnospiraceae;g__Blautia;s__Blautia obeum",0.720760382,"Higher in RA","g__Blautia","s__Blautia obeum"
1.45371055071845,0.15089697476074,0.655551825791278,0.230183135526472,0.817949465939763,0.999624337131013,"c78df3fef3c1f4ea5328a599aeab6664","k__Bacteria;p__Firmicutes;c__Clostridia;o__Clostridiales;f__Lachnospiraceae;g__[Ruminococcus] torques group;s__Ruminococcus torques ATCC 27756",0.911762978,"Higher in RA","g__[Ruminococcus] torques group","s__Ruminococcus torques ATCC 27756"
1.57836900320514,-0.242633264787542,0.56973174086383,-0.425872822917783,0.670200519104905,0.999624337131013,"c649261cbe98743dc62391b6c59b9b2f","k__Bacteria;p__Firmicutes;c__Clostridia;o__Clostridiales;f__Ruminococcaceae;g__Ruminococcaceae UCG-002;s__uncultured rumen bacterium",0.940065145,"Higher in HC","g__Ruminococcaceae UCG-002","s__uncultured rumen bacterium"
0.608561222174399,-1.01307524118117,1.54538139453594,-0.655550302833418,0.512113510530439,0.999624337131013,"c198af7fb82c81ebe6cc54f60491411d","k__Bacteria;p__Bacteroidetes;c__Bacteroidia;o__Bacteroidales;f__Bacteroidaceae;g__Bacteroides",1,"Higher in HC","g__Bacteroides",NA
1.35457268843116,-0.13632289856748,0.830576023365834,-0.164130548838918,0.869628373414381,0.999624337131013,"210226d361b847b3a4dad75c8163d345","k__Bacteria;p__Firmicutes;c__Clostridia;o__Clostridiales;f__Lachnospiraceae;g__[Eubacterium] ventriosum group;s__human gut metagenome",0.92501271,"Higher in HC","g__[Eubacterium] ventriosum group","s__human gut metagenome"
1.43966590388496,0.759150327167229,0.79798023037324,0.951339767919001,0.341431925518821,0.999624337131013,"8f09292303357985c6b1eef1000c6ed3","k__Bacteria;p__Firmicutes;c__Clostridia;o__Clostridiales;f__Lachnospiraceae;g__Lachnospiraceae NK4A136 group;s__gut metagenome",0.716769957,"Higher in RA","g__Lachnospiraceae NK4A136 group","s__gut metagenome"
0.887956076767233,-0.353899398813381,0.803282054442306,-0.440566793265514,0.659526647302289,0.999624337131013,"bdfdc2db2fa3fd6d8c7f2eb3c90b2aa9","k__Bacteria;p__Firmicutes;c__Clostridia;o__Clostridiales;f__Christensenellaceae;g__Christensenellaceae R-7 group;s__uncultured spirochete",0.995782748,"Higher in HC","g__Christensenellaceae R-7 group","s__uncultured spirochete"
0.352130027867662,-0.706313673951093,2.2228222362169,-0.317755357330414,0.750670516563095,0.999624337131013,"e46e2a37630f638d3876c20b83861622","k__Bacteria;p__Bacteroidetes;c__Bacteroidia;o__Bacteroidales;f__Prevotellaceae;g__Prevotella 9",0.999993756,"Higher in HC","g__Prevotella 9",NA
1.44120681549893,-0.723952150270231,0.717137998670168,-1.00950186939292,0.312734005545386,0.999624337131013,"69df2318993f61a0ab76adfe4f054338","k__Bacteria;p__Firmicutes;c__Clostridia;o__Clostridiales;f__Lachnospiraceae",0.999993353,"Higher in HC",NA,NA
1.32028333121378,0.376386898903711,0.767594007011505,0.490346323011443,0.623888852900931,0.999624337131013,"10e539244ac021f265efbdcee3dbf76c","k__Bacteria;p__Firmicutes;c__Clostridia;o__Clostridiales;f__Lachnospiraceae;g__[Eubacterium] eligens group",0.998597894,"Higher in RA","g__[Eubacterium] eligens group",NA
1.03128942610842,-0.635825581252529,1.0391040592979,-0.611897889882311,0.54060531780722,0.999624337131013,"6927241f8571ac17659d80c7dedf1e7e","k__Bacteria;p__Firmicutes;c__Clostridia;o__Clostridiales;f__Lachnospiraceae",0.999989645,"Higher in HC",NA,NA
1.23424374434898,-0.638242472710535,0.876337466321822,-0.72830672798845,0.466425844737739,0.999624337131013,"b7467c6c79257b7de6f974a904d16fa8","k__Bacteria;p__Firmicutes;c__Clostridia;o__Clostridiales;f__Ruminococcaceae;g__Ruminococcaceae UCG-002",0.999844051,"Higher in HC","g__Ruminococcaceae UCG-002",NA
1.16617986820815,0.487055734807272,0.723959202456865,0.672766826023311,0.501095645834131,0.999624337131013,"bad1b4f8eb0c9187b490bdcf4c030700","k__Bacteria;p__Proteobacteria;c__Gammaproteobacteria;o__Pasteurellales;f__Pasteurellaceae",1,"Higher in RA",NA,NA
0.491992453381436,0.125580473938835,1.56139164605553,0.0804285550368375,0.935896416828856,0.999624337131013,"614dece157a0f920fbf401ac71f6f670","k__Bacteria;p__Bacteroidetes;c__Bacteroidia;o__Bacteroidales;f__Bacteroidaceae;g__Bacteroides;s__Bacteroides massiliensis B84634 = Timone 84634 = DSM 17679 = JCM 13223",0.977409812,"Higher in RA","g__Bacteroides","s__Bacteroides massiliensis B84634 = Timone 84634 = DSM 17679 = JCM 13223"
1.18871404709028,0.319012131864795,0.771992734121417,0.413232039324636,0.67943661634783,0.999624337131013,"aedc1b0ff4353cac8fdaf15ed341a91a","k__Bacteria;p__Firmicutes;c__Clostridia;o__Clostridiales;f__Ruminococcaceae;g__Ruminococcus 2;s__Ruminococcus bromii L2-63",0.749294917,"Higher in RA","g__Ruminococcus 2","s__Ruminococcus bromii L2-63"
1.42277077189548,0.290552696198583,0.761973828453562,0.38131584753805,0.702968895757691,0.999624337131013,"07114608db70e6235801fb44d6a1c223","k__Bacteria;p__Firmicutes;c__Clostridia;o__Clostridiales;f__Lachnospiraceae;g__Lachnospiraceae NK4A136 group;s__gut metagenome",0.742208522,"Higher in RA","g__Lachnospiraceae NK4A136 group","s__gut metagenome"
1.45780898441495,-0.556255793852154,0.671694800140147,-0.828137710365024,0.407592515221737,0.999624337131013,"0f0e9f05d37d15ab2ab036223352bc6d","k__Bacteria;p__Firmicutes;c__Clostridia;o__Clostridiales;f__Lachnospiraceae;g__[Eubacterium] ruminantium group;s__gut metagenome",0.956132431,"Higher in HC","g__[Eubacterium] ruminantium group","s__gut metagenome"
0.990594400212418,0.236374431676584,0.900910937117002,0.26237269627673,0.793034120740709,0.999624337131013,"fca6ab7895ff8f1dba544aa1d3fc6b66","k__Bacteria;p__Actinobacteria;c__Actinobacteria;o__Bifidobacteriales;f__Bifidobacteriaceae;g__Bifidobacterium;s__Bifidobacterium longum subsp. longum",0.898499457,"Higher in RA","g__Bifidobacterium","s__Bifidobacterium longum subsp. longum"
0.984213377145447,-0.667133667139465,0.774396776040372,-0.861488177353524,0.388969229862396,0.999624337131013,"bc1a10610c5f7650aad1fad45055c5d4","k__Bacteria;p__Bacteroidetes;c__Bacteroidia;o__Bacteroidales;f__Barnesiellaceae;g__Barnesiella;s__uncultured organism",0.88187807,"Higher in HC","g__Barnesiella","s__uncultured organism"
0.225882947013161,-0.853236247618723,2.18093423875677,-0.391225114657793,0.695630845931037,0.999624337131013,"6f67261e458bc9e0606ca7b4d83719f9","k__Bacteria;p__Tenericutes;c__Mollicutes;o__Mollicutes RF39;f__gut metagenome;g__gut metagenome;s__gut metagenome",0.999795129,"Higher in HC","g__gut metagenome","s__gut metagenome"
1.16583200575655,0.957246331075101,0.932892666446096,1.02610553765181,0.304841840342682,0.999624337131013,"cf1f62864d61a7db0c5b2fc5a9dd6271","k__Bacteria;p__Firmicutes;c__Clostridia;o__Clostridiales;f__Lachnospiraceae;g__[Eubacterium] hallii group",0.999990363,"Higher in RA","g__[Eubacterium] hallii group",NA
1.33100243705453,-0.104112191315242,0.428528008586924,-0.242953060777879,0.808041760149292,0.999624337131013,"5d3260a5dd07a17f56e438c2c8c60545","k__Bacteria;p__Firmicutes;c__Clostridia;o__Clostridiales;f__Ruminococcaceae;g__Ruminiclostridium 9;s__uncultured organism",0.819531,"Higher in HC","g__Ruminiclostridium 9","s__uncultured organism"
1.40372290598849,-0.0592282690434393,0.27880834536554,-0.212433630585148,0.831768751047214,0.999624337131013,"e6b84629ec6e4c679b21a3046c8cccf5","k__Bacteria;p__Firmicutes;c__Clostridia;o__Clostridiales;f__Ruminococcaceae;g__Ruminococcaceae UCG-004;s__uncultured bacterium",0.997221518,"Higher in HC","g__Ruminococcaceae UCG-004","s__uncultured bacterium"
1.30166985958287,-0.0808423410939056,0.918258473661479,-0.0880387640438029,0.929845866490531,0.999624337131013,"0772017f42ad202acff36ca2f34f3848","k__Bacteria;p__Firmicutes;c__Clostridia;o__Clostridiales;f__Lachnospiraceae;g__[Eubacterium] hallii group",0.999991878,"Higher in HC","g__[Eubacterium] hallii group",NA
1.33232334793396,-0.324416271223042,0.734019159724359,-0.441972483858415,0.658509117587817,0.999624337131013,"d96400c678866a58c943d94806445f46","k__Bacteria;p__Firmicutes;c__Clostridia;o__Clostridiales;f__Lachnospiraceae",0.999986224,"Higher in HC",NA,NA
1.09889540262764,0.222836889266682,1.04714565624427,0.212804100306271,0.831479765415982,0.999624337131013,"9262ae7f6547808227e1067013981202","k__Bacteria;p__Firmicutes;c__Clostridia;o__Clostridiales;f__Lachnospiraceae;g__Anaerostipes",0.999768983,"Higher in RA","g__Anaerostipes",NA
1.107569346504,0.445387085394203,1.11903674795864,0.398009347062716,0.690623295775913,0.999624337131013,"dea5f4d4ff7cdafb6a5415b0118969a5","k__Bacteria;p__Proteobacteria;c__Gammaproteobacteria;o__Enterobacteriales;f__Enterobacteriaceae;g__Escherichia-Shigella",0.994660175,"Higher in RA","g__Escherichia-Shigella",NA
1.38758307807884,-0.693640424598945,0.694695323463209,-0.998481494219645,0.318045933700985,0.999624337131013,"6db25deb6d9f15d84a73841c3acd5046","k__Bacteria;p__Firmicutes;c__Clostridia;o__Clostridiales;f__Lachnospiraceae;g__[Eubacterium] ruminantium group;s__gut metagenome",0.970080293,"Higher in HC","g__[Eubacterium] ruminantium group","s__gut metagenome"
1.30581831779384,-0.702670478211224,0.804621609292106,-0.873293073534804,0.38250335492891,0.999624337131013,"9813908955ae8d8f9de473dfa0c112d9","k__Bacteria;p__Firmicutes;c__Clostridia;o__Clostridiales;f__Ruminococcaceae;g__Ruminiclostridium 6;s__gut metagenome",0.997895634,"Higher in HC","g__Ruminiclostridium 6","s__gut metagenome"
0.953080742529876,0.329110152839502,1.47147199918555,0.22366049304483,0.823021489150956,0.999624337131013,"736169631d7c09841e2c26286009e9e4","k__Bacteria;p__Firmicutes;c__Clostridia;o__Clostridiales;f__Lachnospiraceae",0.999984324,"Higher in RA",NA,NA
1.29882884416225,0.00794644232604247,0.890942319081803,0.00891914342359672,0.992883647519152,0.999624337131013,"84fe4ea92e7bc0bf70ddaf69d4e1d360","k__Bacteria;p__Firmicutes;c__Clostridia;o__Clostridiales;f__Lachnospiraceae;g__Blautia;s__Ruminococcus sp. Marseille-P328",0.873702925,"Higher in RA","g__Blautia","s__Ruminococcus sp. Marseille-P328"
1.35609996392367,-0.353318657286411,0.714347657184128,-0.49460322818045,0.620880223028513,0.999624337131013,"dadc04c62ce3612902f9b026e576e01b","k__Bacteria;p__Firmicutes;c__Clostridia;o__Clostridiales;f__Lachnospiraceae;g__Coprococcus 2;s__uncultured bacterium",0.989177393,"Higher in HC","g__Coprococcus 2","s__uncultured bacterium"
0.857218376805985,0.71037572250944,1.14011188808057,0.623075445433158,0.533234944677235,0.999624337131013,"76272a89caed26966ab0cd4784494842","k__Bacteria;p__Bacteroidetes;c__Bacteroidia;o__Bacteroidales;f__Tannerellaceae;g__Parabacteroides;s__bacterium NLAE-zl-P241",0.902414982,"Higher in RA","g__Parabacteroides","s__bacterium NLAE-zl-P241"
1.15035376715179,0.377188061896374,0.700957556741079,0.538103995411666,0.590505254265792,0.999624337131013,"c1ec5992de108b57d6de2bf58db04347","k__Bacteria;p__Firmicutes;c__Clostridia;o__Clostridiales;f__Lachnospiraceae;g__Lachnospira;s__human gut metagenome",0.763892391,"Higher in RA","g__Lachnospira","s__human gut metagenome"
1.24026891122122,0.656734911765382,0.755152187220457,0.869672263259507,0.384479534218992,0.999624337131013,"71e188c0474f813f7dd82848f7a0d4dc","k__Bacteria;p__Firmicutes;c__Clostridia;o__Clostridiales;f__Lachnospiraceae;g__[Eubacterium] eligens group",0.998713299,"Higher in RA","g__[Eubacterium] eligens group",NA
1.28076314418427,-0.572735665791709,0.736691667979947,-0.777442844388596,0.436897543133457,0.999624337131013,"48056f7d5451d22ccb7d2cf05ede2f79","k__Bacteria;p__Bacteroidetes;c__Bacteroidia;o__Bacteroidales;f__Tannerellaceae;g__Parabacteroides;s__Parabacteroides johnsonii CL02T12C29",0.997503459,"Higher in HC","g__Parabacteroides","s__Parabacteroides johnsonii CL02T12C29"
0.361190352644097,-1.00693993777271,1.85447304593963,-0.54297900957763,0.587144254769839,0.999624337131013,"c6ac5d9bc4f8f31465f7e1b6ab65e608","k__Bacteria;p__Bacteroidetes;c__Bacteroidia;o__Bacteroidales;f__Prevotellaceae;g__Prevotella 9;s__uncultured bacterium",0.755907974,"Higher in HC","g__Prevotella 9","s__uncultured bacterium"
0.425546848675751,-1.20624187452996,1.8814702416926,-0.641116637297865,0.521446905578802,0.999624337131013,"fe3b0ad7e25d7dde0ec1517f494947a3","k__Bacteria;p__Bacteroidetes;c__Bacteroidia;o__Bacteroidales;f__Bacteroidaceae;g__Bacteroides",1,"Higher in HC","g__Bacteroides",NA
1.1166143826978,-0.0287284302502837,0.821956174655873,-0.0349512919740659,0.972118580492922,0.999624337131013,"5e60238b1bc6e711c20a1d6b4ebeabf1","k__Bacteria;p__Firmicutes;c__Clostridia;o__Clostridiales;f__Ruminococcaceae;g__Ruminococcus 2;s__Ruminococcus bromii L2-63",0.759948594,"Higher in HC","g__Ruminococcus 2","s__Ruminococcus bromii L2-63"
0.443620795874496,0.540590995025419,1.04704827286203,0.516299973016288,0.605644915079451,0.999624337131013,"38d87fe2afb8894744c2692f23714d69","k__Bacteria;p__Firmicutes;c__Negativicutes;o__Veillonellales;f__Veillonellaceae;g__Veillonella",0.999999989,"Higher in RA","g__Veillonella",NA
0.509095402365274,-0.688438839663925,1.40055826443995,-0.491546019286256,0.62304031204883,0.999624337131013,"d5efa2605cc8b5abb9ca56893107c026","k__Bacteria;p__Bacteroidetes;c__Bacteroidia;o__Bacteroidales;f__Bacteroidaceae;g__Bacteroides",0.999999999,"Higher in HC","g__Bacteroides",NA
0.830431590908517,-0.317572420024695,1.15647716038603,-0.274603278735474,0.783621047078447,0.999624337131013,"55e861d0b480890b65c7f95f285a3053","k__Bacteria;p__Bacteroidetes;c__Bacteroidia;o__Bacteroidales;f__Tannerellaceae;g__Parabacteroides",1,"Higher in HC","g__Parabacteroides",NA
1.35652171165276,-0.594379167101897,0.608289166001121,-0.977132588123067,0.328503516199563,0.999624337131013,"4deb7ccf594a165fa4a6602b9d08319f","k__Bacteria;p__Firmicutes;c__Clostridia;o__Clostridiales;f__Ruminococcaceae;g__Ruminococcaceae NK4A214 group;s__gut metagenome",0.996901519,"Higher in HC","g__Ruminococcaceae NK4A214 group","s__gut metagenome"
1.35472899959547,-0.616142115175154,0.679404764099051,-0.906885184993089,0.364467516336,0.999624337131013,"d381c49754c2696f4ce518e0542425bb","k__Bacteria;p__Firmicutes;c__Clostridia;o__Clostridiales;f__Lachnospiraceae;g__[Eubacterium] ruminantium group;s__gut metagenome",0.963917138,"Higher in HC","g__[Eubacterium] ruminantium group","s__gut metagenome"
1.13243707815227,-0.341895497937352,0.853612989095424,-0.400527525125479,0.688768014283832,0.999624337131013,"d3cf4a6de91c810aebe9a7301116d744","k__Bacteria;p__Firmicutes;c__Clostridia;o__Clostridiales;f__Lachnospiraceae;g__[Eubacterium] ventriosum group;s__human gut metagenome",0.923717676,"Higher in HC","g__[Eubacterium] ventriosum group","s__human gut metagenome"
1.20361750400126,-0.435549397940864,0.748155027544562,-0.582164634207343,0.560455792416272,0.999624337131013,"1532758080628181e98b51f5fc16bb9c","k__Bacteria;p__Firmicutes;c__Clostridia;o__Clostridiales;f__Lachnospiraceae",0.999987197,"Higher in HC",NA,NA
0.824455440754119,-0.974263513815188,1.24812182428159,-0.780583669687827,0.435047399532942,0.999624337131013,"e16aa88500e0c1a7fecd7fdd1596a80b","k__Bacteria;p__Firmicutes;c__Clostridia;o__Clostridiales;f__Lachnospiraceae",0.999991636,"Higher in HC",NA,NA
1.20675407542913,-0.489774118030659,0.748271506894978,-0.65454064937341,0.512763547200828,0.999624337131013,"d182e2ef2c7f43d0fcb3bd310a35a0af","k__Bacteria;p__Firmicutes;c__Clostridia;o__Clostridiales;f__Lachnospiraceae",0.999981814,"Higher in HC",NA,NA
1.24294574412233,0.708559144832997,0.68120528949088,1.04015508359097,0.29826785556504,0.999624337131013,"74ae714a366b696a98e5e09f1baa0963","k__Bacteria;p__Firmicutes;c__Clostridia;o__Clostridiales;f__Lachnospiraceae;g__Blautia",0.998771805,"Higher in RA","g__Blautia",NA
0.56650642933362,-0.560251741586579,1.50723988921596,-0.371707082326499,0.710110951320446,0.999624337131013,"da6df212db80823c0d58fb72b7ebeaa9","k__Bacteria;p__Bacteroidetes;c__Bacteroidia;o__Bacteroidales;f__Bacteroidaceae;g__Bacteroides",1,"Higher in HC","g__Bacteroides",NA
1.25170788659155,0.228352670563036,0.914750495456373,0.249633830970608,0.802870533367365,0.999624337131013,"4def233143b15818481e797e36548f7b","k__Bacteria;p__Firmicutes;c__Clostridia;o__Clostridiales;f__Lachnospiraceae;g__Lachnospiraceae NK4A136 group;s__gut metagenome",0.91504082,"Higher in RA","g__Lachnospiraceae NK4A136 group","s__gut metagenome"
1.19155068344514,0.72743675135296,0.682519627932296,1.06581074240567,0.286509203844652,0.999624337131013,"3838540d88258956eafb48e4b4aa7ba5","k__Bacteria;p__Firmicutes;c__Clostridia;o__Clostridiales;f__Ruminococcaceae;g__Subdoligranulum;s__human gut metagenome",0.728942232,"Higher in RA","g__Subdoligranulum","s__human gut metagenome"
1.05023226781114,0.0261235170051205,0.839656967274879,0.0311121303380651,0.9751801157426,0.999624337131013,"28b2bed124399e40a1123f356e4f4229","k__Bacteria;p__Firmicutes;c__Clostridia;o__Clostridiales;f__Ruminococcaceae;g__Ruminococcus 2;s__Ruminococcus bromii L2-63",0.700823561,"Higher in RA","g__Ruminococcus 2","s__Ruminococcus bromii L2-63"
1.22903697991744,0.559691232353087,0.710739292669197,0.787477543630878,0.431002369111657,0.999624337131013,"6ad8b1a8fd2c30cc27aaa3a78d4ade2c","k__Bacteria;p__Firmicutes;c__Clostridia;o__Clostridiales;f__Lachnospiraceae;g__Blautia",0.998790028,"Higher in RA","g__Blautia",NA
1.18311684862148,0.715996786213667,1.13921215299504,0.628501710003076,0.529675326798523,0.999624337131013,"01529dd0ff767d27e87846fb9d09d2db","k__Bacteria;p__Firmicutes;c__Clostridia;o__Clostridiales;f__Ruminococcaceae;g__Faecalibacterium",0.999928395,"Higher in RA","g__Faecalibacterium",NA
1.18232133519529,0.237056595609631,1.05410964784419,0.224887985888798,0.822066415794686,0.999624337131013,"9c6475cf483305433c5d1460de8751da","k__Bacteria;p__Firmicutes;c__Clostridia;o__Clostridiales;f__Lachnospiraceae;g__Roseburia;s__metagenome",0.96820794,"Higher in RA","g__Roseburia","s__metagenome"
0.21135296092959,0.0976217412397187,1.41959161903496,0.068767482091844,0.945174702322013,0.999624337131013,"972043104b2dc049cafdd29e3bb795e9","k__Bacteria;p__Firmicutes;c__Bacilli;o__Lactobacillales;f__Lactobacillaceae;g__Lactobacillus;s__Lactobacillus acidophilus",0.711569563,"Higher in RA","g__Lactobacillus","s__Lactobacillus acidophilus"
0.814876187883213,-0.904431085873699,1.3926851438961,-0.649415332559311,0.516069956207509,0.999624337131013,"1fffc72b0da06506447a845ff06e7ed8","k__Bacteria;p__Firmicutes;c__Clostridia;o__Clostridiales;f__Lachnospiraceae;g__Roseburia;s__metagenome",0.795827061,"Higher in HC","g__Roseburia","s__metagenome"
0.993790439135637,0.435949580159176,1.39071119465683,0.313472403065505,0.753921784058102,0.999624337131013,"74c7efcc9a0bc4ee98eb38ecdf057997","k__Bacteria;p__Firmicutes;c__Clostridia;o__Clostridiales;f__Lachnospiraceae;g__Roseburia",0.798478812,"Higher in RA","g__Roseburia",NA
0.962469408096624,-0.0439985479018073,0.725318206147467,-0.0606610278480475,0.951629169765349,0.999624337131013,"ece140af40da6bca9f3c6c6febb0b942","k__Bacteria;p__Firmicutes;c__Clostridia;o__Clostridiales;f__Lachnospiraceae;g__Lachnoclostridium;s__[Clostridium] symbiosum WAL-14673",0.966733195,"Higher in HC","g__Lachnoclostridium","s__[Clostridium] symbiosum WAL-14673"
0.248085521747321,0.191314054086812,2.28251784920672,0.0838171119464862,0.933201842528983,0.999624337131013,"a833bc2e974282ce79a689892fb69b3d","k__Bacteria;p__Actinobacteria;c__Actinobacteria;o__Bifidobacteriales;f__Bifidobacteriaceae;g__Bifidobacterium;s__Bifidobacterium longum subsp. longum",0.848334096,"Higher in RA","g__Bifidobacterium","s__Bifidobacterium longum subsp. longum"
1.12698632945988,0.0368678135922729,0.700396478025577,0.0526384908390795,0.95801994821306,0.999624337131013,"9d1fb6e8f39ec567f32364a8b613e260","k__Bacteria;p__Firmicutes;c__Clostridia;o__Clostridiales;f__Lachnospiraceae;g__[Eubacterium] ventriosum group;s__human gut metagenome",0.918910907,"Higher in RA","g__[Eubacterium] ventriosum group","s__human gut metagenome"
1.05656760007048,0.194196708959803,0.737971705083224,0.263149261173778,0.792435536556688,0.999624337131013,"67f27c473eca006255c9612f66185450","k__Bacteria;p__Firmicutes;c__Clostridia;o__Clostridiales;f__Lachnospiraceae;g__Lachnospira",0.9861375,"Higher in RA","g__Lachnospira",NA
0.849553119936942,-0.328350635628573,1.25617361302309,-0.261389534236728,0.793792127042611,0.999624337131013,"0f2ee6e18dc9c28d5b06a65218903ee5","k__Bacteria;p__Firmicutes;c__Clostridia;o__Clostridiales;f__Ruminococcaceae;g__Ruminococcaceae UCG-014",0.999993414,"Higher in HC","g__Ruminococcaceae UCG-014",NA
0.62616484354794,0.199463093699905,1.87479340475884,0.106392039354098,0.915271308905611,0.999624337131013,"2e04592481bc74ba7018bf870aafa59f","k__Bacteria;p__Firmicutes;c__Clostridia;o__Clostridiales;f__Lachnospiraceae;g__Lachnoclostridium",0.946665324,"Higher in RA","g__Lachnoclostridium",NA
1.23521343371176,-0.386575161734137,0.894978988433407,-0.43193769544334,0.665786696754668,0.999624337131013,"eea7312e4bb36cc2f66d079288eb8680","k__Bacteria;p__Firmicutes;c__Clostridia;o__Clostridiales;f__Ruminococcaceae;g__Faecalibacterium",0.999963962,"Higher in HC","g__Faecalibacterium",NA
0.63962435587702,-0.680725931902539,1.04832723114369,-0.649344891251073,0.516115475727202,0.999624337131013,"4f3bd4515ba720990aac590131ebb851","k__Bacteria;p__Tenericutes;c__Mollicutes;o__Mollicutes RF39;f__gut metagenome;g__gut metagenome;s__gut metagenome",0.999999988,"Higher in HC","g__gut metagenome","s__gut metagenome"
1.15435673580129,0.0770515771382701,0.936618221413472,0.0822657251126183,0.934435409404512,0.999624337131013,"882b30d8d61abd8b6d1420b5532bf3bc","k__Bacteria;p__Firmicutes;c__Clostridia;o__Clostridiales;f__Lachnospiraceae;g__Blautia;s__Ruminococcus sp. Marseille-P328",0.879796935,"Higher in RA","g__Blautia","s__Ruminococcus sp. Marseille-P328"
0.879812665793034,-0.732355766823408,0.815265985495881,-0.898302860480506,0.369024107957726,0.999624337131013,"f8aed595b11351eed975dc88e9e24baa","k__Bacteria;p__Bacteroidetes;c__Bacteroidia;o__Bacteroidales;f__Tannerellaceae;g__Parabacteroides;s__Parabacteroides johnsonii CL02T12C29",0.999496348,"Higher in HC","g__Parabacteroides","s__Parabacteroides johnsonii CL02T12C29"
0.991512828344853,0.688533105053344,0.856679369783129,0.803723224043143,0.421556838499091,0.999624337131013,"6cf42670da53f289baa0c76115b315f6","k__Bacteria;p__Firmicutes;c__Clostridia;o__Clostridiales;f__Ruminococcaceae;g__Ruminococcus 2;s__Ruminococcus bromii L2-63",0.844221547,"Higher in RA","g__Ruminococcus 2","s__Ruminococcus bromii L2-63"
1.08891602023203,-0.568735031536652,0.874345963049656,-0.650469099843436,0.51538925524796,0.999624337131013,"bcd72e5af6ad62adf4a8a21407ed0004","k__Bacteria;p__Firmicutes;c__Clostridia;o__Clostridiales;f__Lachnospiraceae;g__Tyzzerella;s__uncultured organism",0.831758331,"Higher in HC","g__Tyzzerella","s__uncultured organism"
1.14846790202617,-0.605410581261224,0.732011202388891,-0.827050978571761,0.408208167640298,0.999624337131013,"af97015c076aed407899f9647af6f448","k__Bacteria;p__Firmicutes;c__Clostridia;o__Clostridiales;f__Lachnospiraceae;g__[Ruminococcus] torques group;s__Ruminococcus torques ATCC 27756",0.945060352,"Higher in HC","g__[Ruminococcus] torques group","s__Ruminococcus torques ATCC 27756"
1.21395008189348,-0.0228255812831535,0.6963983229659,-0.032776617246781,0.973852724925782,0.999624337131013,"74885ec0b530db7eb8875d4b7733c6cb","k__Bacteria;p__Firmicutes;c__Clostridia;o__Clostridiales;f__Lachnospiraceae;g__Coprococcus 2;s__uncultured bacterium",0.99323882,"Higher in HC","g__Coprococcus 2","s__uncultured bacterium"
0.35365916221811,0.200701855500231,1.47991437071375,0.135617208314177,0.892123900873841,0.999624337131013,"8128db0760daf62f196bc2962971d21b","k__Bacteria;p__Bacteroidetes;c__Bacteroidia;o__Bacteroidales;f__Prevotellaceae;g__Prevotella 9;s__uncultured organism",0.708334729,"Higher in RA","g__Prevotella 9","s__uncultured organism"
0.57919638349509,-0.933690592101093,0.952466383967167,-0.980287186842365,0.326944377727749,0.999624337131013,"fd81d4427e810a9f202480d425417f1a","k__Bacteria;p__Tenericutes;c__Mollicutes;o__Mollicutes RF39;f__wallaby gut metagenome;g__wallaby gut metagenome;s__wallaby gut metagenome",0.884782736,"Higher in HC","g__wallaby gut metagenome","s__wallaby gut metagenome"
1.3222694754152,-0.476030516416214,0.568123950084976,-0.837899047109373,0.402087403992687,0.999624337131013,"17ccfc89c427efcae8337416cbb45391","k__Bacteria;p__Firmicutes;c__Clostridia;o__Clostridiales;f__Ruminococcaceae;g__Ruminococcaceae UCG-002",0.999384249,"Higher in HC","g__Ruminococcaceae UCG-002",NA
0.742141282141512,-0.477959271421366,0.739372106617789,-0.646439414123641,0.517994821913004,0.999624337131013,"7a04f4afa4384b2172146657d91a9ab8","k__Bacteria;p__Proteobacteria;c__Gammaproteobacteria;o__Betaproteobacteriales;f__Burkholderiaceae;g__Parasutterella;s__uncultured organism",0.747175946,"Higher in HC","g__Parasutterella","s__uncultured organism"
0.924124130591012,0.553799389017499,0.915633249213227,0.604826648107591,0.545294185458346,0.999624337131013,"17403f52e8c23862970f225484e0eff4","k__Bacteria;p__Bacteroidetes;c__Bacteroidia;o__Bacteroidales;f__Bacteroidaceae;g__Bacteroides;s__Bacteroides ovatus V975",0.788337144,"Higher in RA","g__Bacteroides","s__Bacteroides ovatus V975"
0.991758103704318,0.945831885692219,1.2891197744783,0.733703651450848,0.463129372589701,0.999624337131013,"47127d8a03c39ff1f260cc7a85a54e12","k__Bacteria;p__Firmicutes;c__Clostridia;o__Clostridiales;f__Lachnospiraceae;g__Roseburia",0.931517404,"Higher in RA","g__Roseburia",NA
1.10331178733239,-0.639103166254381,0.866567331825653,-0.737511261713433,0.460811497237197,0.999624337131013,"58ceb07d39257f9ca3e87fb95c565d07","k__Bacteria;p__Firmicutes;c__Clostridia;o__Clostridiales;f__Ruminococcaceae;g__Ruminococcaceae UCG-002",0.999863306,"Higher in HC","g__Ruminococcaceae UCG-002",NA
1.14216835298698,0.354745762476218,0.854038953345098,0.415374218104164,0.677867977323218,0.999624337131013,"bf637da3a382fa292cee90a5d34d032e","k__Bacteria;p__Firmicutes;c__Clostridia;o__Clostridiales;f__Lachnospiraceae;g__[Eubacterium] eligens group",0.997189634,"Higher in RA","g__[Eubacterium] eligens group",NA
1.15339325663461,0.497271336482757,1.06422581815026,0.467261109439226,0.640313077274244,0.999624337131013,"d27ebc9f76457744ab798e48e216dbbb","k__Bacteria;p__Firmicutes;c__Clostridia;o__Clostridiales;f__Ruminococcaceae;g__Ruminococcus 2;s__uncultured bacterium",0.901309794,"Higher in RA","g__Ruminococcus 2","s__uncultured bacterium"
1.22811403725681,-0.183880673430777,0.815359201331685,-0.225521062533487,0.821573941833212,0.999624337131013,"8f021c2b04e3670da432c08a8fbc60ea","k__Bacteria;p__Firmicutes;c__Clostridia;o__Clostridiales;f__Lachnospiraceae;g__Coprococcus 2",0.999971419,"Higher in HC","g__Coprococcus 2",NA
1.13672233225132,0.585728319349158,0.913891441196344,0.640916735780347,0.521576781855948,0.999624337131013,"d5000287cb909952b8799cfa313b8a5a","k__Bacteria;p__Firmicutes;c__Clostridia;o__Clostridiales;f__Lachnospiraceae;g__CAG-56",0.994685076,"Higher in RA","g__CAG-56",NA
0.880534781360787,0.0171442899563391,1.3284152345997,0.0129058215457046,0.989702930092054,0.999624337131013,"4f747bd337782496fa18f9b330491f1b","k__Bacteria;p__Firmicutes;c__Clostridia;o__Clostridiales;f__Ruminococcaceae;g__Ruminococcaceae UCG-014;s__gut metagenome",0.985075926,"Higher in RA","g__Ruminococcaceae UCG-014","s__gut metagenome"
0.972585956853862,0.170872389401756,1.00996282946395,0.169186810065522,0.86564970427555,0.999624337131013,"dbbf41ed2e4f1bb280bf6560a5c3e64d","k__Bacteria;p__Firmicutes;c__Clostridia;o__Clostridiales;f__Lachnospiraceae;g__[Eubacterium] hallii group",0.999992835,"Higher in RA","g__[Eubacterium] hallii group",NA
0.271324208799803,-0.532217005942271,2.18270401272961,-0.243833796446225,0.807359544382508,0.999624337131013,"a38e682de6579ff59b623e414148537a","k__Bacteria;p__Bacteroidetes;c__Bacteroidia;o__Bacteroidales;f__Prevotellaceae;g__Prevotella 9",0.999997606,"Higher in HC","g__Prevotella 9",NA
0.33309635338952,0.16314029679346,1.85039262686006,0.088165232840499,0.929745349851435,0.999624337131013,"08b35f0f3957a6a0a315f84795d7abc1","k__Bacteria;p__Bacteroidetes;c__Bacteroidia;o__Bacteroidales;f__Prevotellaceae;g__Prevotellaceae NK3B31 group;s__uncultured organism",0.958206293,"Higher in RA","g__Prevotellaceae NK3B31 group","s__uncultured organism"
1.18043211050805,-0.512548269543248,0.693358048366802,-0.739225960887814,0.459769799163028,0.999624337131013,"41667036cda0184a70a12863ac03f5fa","k__Bacteria;p__Firmicutes;c__Clostridia;o__Clostridiales;f__Lachnospiraceae;g__[Eubacterium] ruminantium group;s__gut metagenome",0.97658012,"Higher in HC","g__[Eubacterium] ruminantium group","s__gut metagenome"
1.26709003688626,-0.805654342121624,0.801714229460726,-1.00491460986485,0.314937968833265,0.999624337131013,"b5ca0b20b110b3f83c41a0f7d1f44461","k__Bacteria;p__Firmicutes;c__Clostridia;o__Clostridiales;f__Ruminococcaceae;g__uncultured;s__gut metagenome",0.999996992,"Higher in HC","g__uncultured","s__gut metagenome"
1.08455863952105,-0.0350496962042211,0.734881242218198,-0.0476943677299826,0.961959822896787,0.999624337131013,"ad0b69cab90e1c3bd965ab3aa13ccbf1","k__Bacteria;p__Firmicutes;c__Clostridia;o__Clostridiales;f__Lachnospiraceae;g__Blautia;s__Blautia obeum",0.706780227,"Higher in HC","g__Blautia","s__Blautia obeum"
1.01966017554977,0.832591639461793,0.818065062042124,1.01775723972786,0.308793337645799,0.999624337131013,"26bf81cb8fab43b1cfec2dbd227226af","k__Bacteria;p__Firmicutes;c__Clostridia;o__Clostridiales;f__Lachnospiraceae;g__Lachnospiraceae NK4A136 group;s__gut metagenome",0.866546103,"Higher in RA","g__Lachnospiraceae NK4A136 group","s__gut metagenome"
1.04776003189642,-0.685185958734901,0.926072602841891,-0.739883629676801,0.459370608387821,0.999624337131013,"5831fe095b6313125e4471d5250db69d","k__Bacteria;p__Firmicutes;c__Clostridia;o__Clostridiales;f__Lachnospiraceae;g__Lachnospiraceae UCG-001;s__metagenome",0.961002482,"Higher in HC","g__Lachnospiraceae UCG-001","s__metagenome"
1.15452925628602,-0.158207708473881,0.511600911697377,-0.30924047408161,0.757138607845232,0.999624337131013,"cfc3abab4bc931ec044d710a7b9fbbd0","k__Bacteria;p__Firmicutes;c__Clostridia;o__Clostridiales;f__Lachnospiraceae;g__uncultured;s__uncultured Eubacterium sp.",0.994174621,"Higher in HC","g__uncultured","s__uncultured Eubacterium sp."
0.218622433860751,0.369749463523369,1.18247428330799,0.312691336076241,0.754515178544202,0.999624337131013,"0ac6f6562ce7c318bf6c39da4e9e66bc","k__Bacteria;p__Fusobacteria;c__Fusobacteriia;o__Fusobacteriales;f__Fusobacteriaceae;g__Fusobacterium",0.999997533,"Higher in RA","g__Fusobacterium",NA
1.11577965713634,0.251005109364565,0.666141853618057,0.37680429176048,0.706319051076951,0.999624337131013,"447948ed6e26746b52f191d2e56667ce","k__Bacteria;p__Firmicutes;c__Clostridia;o__Clostridiales;f__Ruminococcaceae;g__Butyricicoccus",0.999939761,"Higher in RA","g__Butyricicoccus",NA
0.929108036988877,0.291077400142587,0.852781252662693,0.341327156564169,0.732857306147336,0.999624337131013,"b5bc2f8fea6bda482bdf53500c5da8e1","k__Bacteria;p__Firmicutes;c__Clostridia;o__Clostridiales;f__Ruminococcaceae;g__Ruminococcus 2;s__Ruminococcus bromii L2-63",0.867257056,"Higher in RA","g__Ruminococcus 2","s__Ruminococcus bromii L2-63"
1.12315122251783,-0.00517547368386745,0.596485235029353,-0.00867661658651578,0.993077148448673,0.999624337131013,"1e36b13dbf1f56dc85107af374b12c2e","k__Bacteria;p__Firmicutes;c__Clostridia;o__Clostridiales;f__Lachnospiraceae;g__Lachnospiraceae ND3007 group",0.999965807,"Higher in HC","g__Lachnospiraceae ND3007 group",NA
0.820039378779988,-0.0255183145967849,0.718298850810914,-0.0355260412403227,0.971660281571166,0.999624337131013,"08bc8717c9644ae2f1e2da28e8140156","k__Bacteria;p__Firmicutes;c__Clostridia;o__Clostridiales;f__Ruminococcaceae;g__Flavonifractor;s__uncultured bacterium",0.769820261,"Higher in HC","g__Flavonifractor","s__uncultured bacterium"
1.07328052923175,0.0367062256201634,0.901474751675969,0.0407179741328543,0.967520732192292,0.999624337131013,"07cb767d8ddb4c915719a989e4a2712d","k__Bacteria;p__Firmicutes;c__Clostridia;o__Clostridiales;f__Lachnospiraceae;g__Fusicatenibacter",0.934546899,"Higher in RA","g__Fusicatenibacter",NA
1.11090442842488,0.259357761377142,0.836063641730572,0.310212941254444,0.756399029947863,0.999624337131013,"2e63c8af8886b6a5e0181864169003d8","k__Bacteria;p__Firmicutes;c__Clostridia;o__Clostridiales;f__Lachnospiraceae;g__[Ruminococcus] gauvreauii group;s__unidentified",0.85059803,"Higher in RA","g__[Ruminococcus] gauvreauii group","s__unidentified"
1.12682466458155,-0.284926616624554,0.761602275030876,-0.374114713106658,0.708318972750425,0.999624337131013,"743b2fc7a89244a708898b440a796408","k__Bacteria;p__Firmicutes;c__Clostridia;o__Clostridiales;f__Lachnospiraceae;g__Coprococcus 2;s__uncultured bacterium",0.988621651,"Higher in HC","g__Coprococcus 2","s__uncultured bacterium"
1.00449892242326,-0.390254652154545,0.965648053274175,-0.404137564230909,0.686111563184522,0.999624337131013,"a531967939234062d645ff17882abbf4","k__Bacteria;p__Firmicutes;c__Clostridia;o__Clostridiales;f__Lachnospiraceae;g__Lachnospiraceae UCG-006;s__uncultured organism",0.889073096,"Higher in HC","g__Lachnospiraceae UCG-006","s__uncultured organism"
0.545990740064845,-0.297503614415321,1.20478945053546,-0.246934113079342,0.804959215231184,0.999624337131013,"f6284cbc37452b8eace74c3ca5db6de4","k__Bacteria;p__Bacteroidetes;c__Bacteroidia;o__Bacteroidales;f__Barnesiellaceae;g__Barnesiella;s__uncultured organism",0.822728741,"Higher in HC","g__Barnesiella","s__uncultured organism"
0.636564561485293,0.598576234517566,0.957194410242938,0.625344473507369,0.531744996918136,0.999624337131013,"97b326873a09d98873353261957709cb","k__Bacteria;p__Firmicutes;c__Clostridia;o__Clostridiales;f__Lachnospiraceae;g__uncultured;s__gut metagenome",0.950835945,"Higher in RA","g__uncultured","s__gut metagenome"
0.426012546202584,-0.00640405986903325,1.76751163067599,-0.00362320663575153,0.997109105689833,0.999624337131013,"08f0d1cd66a5488494696e01e178387b","k__Bacteria;p__Firmicutes;c__Clostridia;o__Clostridiales;f__Ruminococcaceae;g__Ruminococcus 2;s__uncultured bacterium",0.879498359,"Higher in HC","g__Ruminococcus 2","s__uncultured bacterium"
0.923625118508997,0.0261974885770603,1.16832874108067,0.0224230455486598,0.982110497282478,0.999624337131013,"c213afbb7671e4907b35b0664d434c58","k__Bacteria;p__Firmicutes;c__Clostridia;o__Clostridiales;f__Lachnospiraceae",0.999718826,"Higher in RA",NA,NA
0.96080435870578,-0.890824955776985,0.969598259283059,-0.918756760594516,0.358222813601795,0.999624337131013,"2e3312e8cfbaa2abbf4dc37aa836a72f","k__Bacteria;p__Firmicutes;c__Clostridia;o__Clostridiales;f__Lachnospiraceae;g__Lachnospiraceae UCG-006;s__uncultured organism",0.906114965,"Higher in HC","g__Lachnospiraceae UCG-006","s__uncultured organism"
0.572925090992198,-1.00334900804433,1.54617347458941,-0.648923956162662,0.516387529442785,0.999624337131013,"491a95636f0e9718d4b7451a349e0198","k__Bacteria;p__Firmicutes;c__Clostridia;o__Clostridiales;f__Lachnospiraceae;g__Lachnoclostridium",0.95539327,"Higher in HC","g__Lachnoclostridium",NA
1.02187375483085,0.624610118634341,0.923471423788928,0.676371896892723,0.498804555415153,0.999624337131013,"5c8a90a830fe77227bc44f8dfed6c377","k__Bacteria;p__Firmicutes;c__Clostridia;o__Clostridiales;f__Lachnospiraceae;g__[Eubacterium] hallii group",0.9999935,"Higher in RA","g__[Eubacterium] hallii group",NA
0.717870485911877,0.610366429842953,0.863177502125699,0.707115776696958,0.479494532456444,0.999624337131013,"eec1a4064b28a928eba1cfa6e82ea4c7","k__Bacteria;p__Firmicutes;c__Clostridia;o__Clostridiales;f__Lachnospiraceae;g__uncultured;s__gut metagenome",0.940832188,"Higher in RA","g__uncultured","s__gut metagenome"
1.0322761034892,0.935151829301561,0.912407673432471,1.02492762449435,0.305397338983599,0.999624337131013,"1cc0c7a55daea5ec986c68863f685be4","k__Bacteria;p__Firmicutes;c__Clostridia;o__Clostridiales;f__Lachnospiraceae;g__Blautia;s__Ruminococcus sp. Marseille-P328",0.88169794,"Higher in RA","g__Blautia","s__Ruminococcus sp. Marseille-P328"
0.770101776118851,-0.275807594618885,0.714727776279579,-0.385891809122859,0.699576797062978,0.999624337131013,"095f79d75191e7e3d8024feca93ae3a9","k__Bacteria;p__Bacteroidetes;c__Bacteroidia;o__Bacteroidales;f__Rikenellaceae;g__Alistipes;s__gut metagenome",0.999821346,"Higher in HC","g__Alistipes","s__gut metagenome"
0.892868544877887,0.253283554171674,0.990134894781382,0.255807118309468,0.798099777134405,0.999624337131013,"0b97cb033da03c20deba053a87873c90","k__Bacteria;p__Firmicutes;c__Negativicutes;o__Acidaminococcales;f__Acidaminococcaceae;g__Phascolarctobacterium;s__uncultured bacterium",0.896297101,"Higher in RA","g__Phascolarctobacterium","s__uncultured bacterium"
0.720658770593146,0.702314711584712,0.933347793913459,0.752468389773503,0.451769432407671,0.999624337131013,"bd74e94f3b69b0a17d3a733ef80c8c82","k__Bacteria;p__Firmicutes;c__Clostridia;o__Clostridiales;f__Lachnospiraceae;g__uncultured;s__gut metagenome",0.934605033,"Higher in RA","g__uncultured","s__gut metagenome"
1.04409285792823,-1.25630199375223,1.24657649437731,-1.00780176701453,0.313549637449325,0.999624337131013,"0844a07d3144ddf4b1e510c27086ccb4","k__Bacteria;p__Firmicutes;c__Clostridia;o__Clostridiales;f__Lachnospiraceae;g__Tyzzerella 4",0.995815067,"Higher in HC","g__Tyzzerella 4",NA
1.0843001172723,0.338714597804125,0.672942770723906,0.503333437165479,0.614729861457669,0.999624337131013,"8525b616d071ca39c8ae675f6e8ace0e","k__Bacteria;p__Firmicutes;c__Clostridia;o__Clostridiales;f__Ruminococcaceae;g__Butyricicoccus",0.999951449,"Higher in RA","g__Butyricicoccus",NA
0.339651591200918,-1.71845839086755,1.91294220040924,-0.898332626307224,0.369008243484129,0.999624337131013,"89ea4ade5d3d17a2cece878317a9c938","k__Bacteria;p__Firmicutes;c__Negativicutes;o__Selenomonadales;f__Veillonellaceae;g__Mitsuokella;s__uncultured bacterium",0.782728356,"Higher in HC","g__Mitsuokella","s__uncultured bacterium"
0.89696299325732,0.377239992858273,0.875500840006496,0.430884786878645,0.666552145651883,0.999624337131013,"0c3c5892d57425e2eb1b466d9345a823","k__Bacteria;p__Firmicutes;c__Clostridia;o__Clostridiales;f__Ruminococcaceae;g__Ruminococcus 2;s__Ruminococcus bromii L2-63",0.87345272,"Higher in RA","g__Ruminococcus 2","s__Ruminococcus bromii L2-63"
0.97655324249985,-0.147887763367223,0.756211643139702,-0.195563986231699,0.844951450744706,0.999624337131013,"4a83b8733a480786835e6d45318a36ba","k__Bacteria;p__Firmicutes;c__Clostridia;o__Clostridiales;f__Lachnospiraceae;g__[Eubacterium] ventriosum group;s__human gut metagenome",0.940221526,"Higher in HC","g__[Eubacterium] ventriosum group","s__human gut metagenome"
0.216890012630255,-1.12720752191097,2.01813386495326,-0.558539520834548,0.576476025364554,0.999624337131013,"0a459aea29ca8f92151a9e61e6da1c01","k__Bacteria;p__Bacteroidetes;c__Bacteroidia;o__Bacteroidales;f__Bacteroidaceae;g__Bacteroides;s__unidentified",0.866315566,"Higher in HC","g__Bacteroides","s__unidentified"
1.13411109545967,-0.0104394762644229,0.888244040138928,-0.0117529370225666,0.990622728888902,0.999624337131013,"48d27d07040da3301f942b87d403bd0a","k__Bacteria;p__Firmicutes;c__Clostridia;o__Clostridiales;f__Lachnospiraceae;g__Coprococcus 2",0.999976472,"Higher in HC","g__Coprococcus 2",NA
1.07309605637141,-0.0106807159791558,1.16574120400035,-0.00916216733397084,0.992689750417737,0.999624337131013,"8dbcd9118702cace63821ccb84c0a5d2","k__Bacteria;p__Firmicutes;c__Clostridia;o__Clostridiales;f__Lachnospiraceae;g__Agathobacter",0.892437302,"Higher in HC","g__Agathobacter",NA
1.0078643033387,0.353079778312449,0.976955465693449,0.361408263437915,0.717794271552702,0.999624337131013,"97501a33457f396dc48a300ca22cc6aa","k__Bacteria;p__Firmicutes;c__Clostridia;o__Clostridiales;f__Lachnospiraceae;g__CAG-56",0.993817271,"Higher in RA","g__CAG-56",NA
0.826015325774211,0.623533473092024,0.794482660789738,0.78482955496123,0.43255350918765,0.999624337131013,"5062bfd9edcf470a79eca69d15b8e923","k__Bacteria;p__Bacteroidetes;c__Bacteroidia;o__Bacteroidales;f__Bacteroidaceae;g__Bacteroides",0.999999998,"Higher in RA","g__Bacteroides",NA
0.348448374397961,-1.24916693784121,1.8464196901751,-0.676534671119519,0.498701240861546,0.999624337131013,"435b5101280a672c7b6ff5f756b38120","k__Bacteria;p__Bacteroidetes;c__Bacteroidia;o__Bacteroidales;f__Prevotellaceae;g__Prevotella 9;s__uncultured organism",0.829004379,"Higher in HC","g__Prevotella 9","s__uncultured organism"
0.861478446761824,0.0113009346035574,0.791915580286949,0.0142703779100577,0.988614272228649,0.999624337131013,"0bf0ecc74e26d6abfd5d05d519fd7dc9","k__Bacteria;p__Firmicutes;c__Clostridia;o__Clostridiales;f__Lachnospiraceae;g__Lachnospira;s__human gut metagenome",0.735191447,"Higher in RA","g__Lachnospira","s__human gut metagenome"
1.07244933238955,-0.446832789475396,0.756998332377315,-0.590269186025999,0.55501019442134,0.999624337131013,"9692bff5bf4548813f22958ca3fb38c9","k__Bacteria;p__Firmicutes;c__Clostridia;o__Clostridiales;f__Lachnospiraceae;g__Roseburia",0.763065973,"Higher in HC","g__Roseburia",NA
0.963956026283004,0.477864083978183,1.02052866418256,0.468251506057353,0.63960474300004,0.999624337131013,"31c91947bfc39e780e3f03bfe02e79d9","k__Bacteria;p__Firmicutes;c__Clostridia;o__Clostridiales;f__Lachnospiraceae;g__Coprococcus 3",0.778844058,"Higher in RA","g__Coprococcus 3",NA
0.387830643245457,-0.720412503309979,1.42641610831974,-0.505050734570431,0.613523202311284,0.999624337131013,"daae6ab4be78f23b5b2d919493594941","k__Bacteria;p__Proteobacteria;c__Gammaproteobacteria;o__Enterobacteriales;f__Enterobacteriaceae;g__Klebsiella",0.898298167,"Higher in HC","g__Klebsiella",NA
0.806575469240177,-0.346640659823097,0.945475670746623,-0.366630967404336,0.713894305727872,0.999624337131013,"5ffe284a2937d58722953b6716def20f","k__Bacteria;p__Firmicutes;c__Clostridia;o__Clostridiales;f__Lachnospiraceae;g__Tyzzerella;s__uncultured organism",0.850563789,"Higher in HC","g__Tyzzerella","s__uncultured organism"
0.984975186755267,0.436660623854517,0.963436075588353,0.453232585864979,0.650381270398511,0.999624337131013,"6e0f12dcfb09bc0a2dda5e763b39f0fa","k__Bacteria;p__Firmicutes;c__Clostridia;o__Clostridiales;f__Lachnospiraceae;g__Lachnospiraceae NK4A136 group;s__gut metagenome",0.911035777,"Higher in RA","g__Lachnospiraceae NK4A136 group","s__gut metagenome"
0.92103994157869,-0.342057402466039,0.868743431180447,-0.393738116674162,0.693774396832339,0.999624337131013,"7782a8314aa1ecd80a502ac3c4004a8c","k__Bacteria;p__Firmicutes;c__Clostridia;o__Clostridiales;f__Lachnospiraceae;g__Lachnospira;s__human gut metagenome",0.746244867,"Higher in HC","g__Lachnospira","s__human gut metagenome"
1.1110956577706,-0.464202158183733,1.02233819531319,-0.454059293012649,0.649786151137698,0.999624337131013,"517175b5344039f82bba31d30cf98d79","k__Bacteria;p__Firmicutes;c__Clostridia;o__Clostridiales;f__Ruminococcaceae;g__Ruminococcus 1;s__uncultured Ruminococcus sp.",0.994113088,"Higher in HC","g__Ruminococcus 1","s__uncultured Ruminococcus sp."
0.445702227268053,-2.10738914732615,2.07417614960935,-1.01601262155245,0.309623376216666,0.999624337131013,"ef0342bd16068b9764af406497544e74","k__Bacteria;p__Bacteroidetes;c__Bacteroidia;o__Bacteroidales;f__Prevotellaceae;g__Prevotella 9;s__uncultured bacterium",0.794825609,"Higher in HC","g__Prevotella 9","s__uncultured bacterium"
1.00425403376295,0.178571263375986,0.740123255735936,0.241272331320579,0.809344053931759,0.999624337131013,"6b600576bdac827881b371e1ffc6a9f2","k__Bacteria;p__Firmicutes;c__Clostridia;o__Clostridiales;f__Lachnospiraceae;g__Blautia;s__Blautia obeum",0.716547933,"Higher in RA","g__Blautia","s__Blautia obeum"
0.795379389412761,-0.981721541731461,1.31183762091946,-0.748355990159345,0.454245460790512,0.999624337131013,"b89e676c00639e5a2ecd4cc8bdb0bca1","k__Bacteria;p__Firmicutes;c__Clostridia;o__Clostridiales;f__Lachnospiraceae;g__Roseburia;s__metagenome",0.784802473,"Higher in HC","g__Roseburia","s__metagenome"
0.714880397427483,0.648826511654527,1.19714459888862,0.541978397811652,0.587833387506641,0.999624337131013,"881b9e0762c7e674b4fc059b8ab6cc85","k__Bacteria;p__Firmicutes;c__Clostridia;o__Clostridiales;f__Lachnospiraceae;g__[Ruminococcus] gnavus group;s__uncultured organism",0.720222652,"Higher in RA","g__[Ruminococcus] gnavus group","s__uncultured organism"
1.0363990174259,0.135687101937321,0.815501735249814,0.166384810813131,0.867854126558651,0.999624337131013,"b13b79c1d25f1d89f01e5efe3477a892","k__Bacteria;p__Firmicutes;c__Clostridia;o__Clostridiales;f__Lachnospiraceae;g__CAG-56",0.993124524,"Higher in RA","g__CAG-56",NA
1.11385908872076,-0.385047312628849,0.578305689858914,-0.665819685645471,0.505526360630154,0.999624337131013,"9443e1b3ae83fcceea60c980397cf346","k__Bacteria;p__Firmicutes;c__Clostridia;o__Clostridiales;f__Ruminococcaceae;g__Ruminococcaceae UCG-002;s__gut metagenome",0.741821545,"Higher in HC","g__Ruminococcaceae UCG-002","s__gut metagenome"
1.07347536745515,-0.486620908971584,0.543150944265837,-0.895922052808612,0.370294395148503,0.999624337131013,"0364202019bbd8ade61e387daa39fbcc","k__Bacteria;p__Proteobacteria;c__Gammaproteobacteria;o__Betaproteobacteriales;f__Burkholderiaceae;g__Sutterella;s__gut metagenome",0.999922123,"Higher in HC","g__Sutterella","s__gut metagenome"
1.00645642521683,-0.7611096748386,0.738216796013808,-1.03101105115517,0.302535637455526,0.999624337131013,"4143a4c93d60a9201afbfca5b6ea359d","k__Bacteria;p__Firmicutes;c__Clostridia;o__Clostridiales;f__Ruminococcaceae;g__Ruminococcus 1;s__Ruminococcus sp. UNK.MGS-30",0.972862366,"Higher in HC","g__Ruminococcus 1","s__Ruminococcus sp. UNK.MGS-30"
1.0165783810094,0.155770366334622,0.664268254110689,0.234499188197944,0.814597463345984,0.999624337131013,"a27b1a00e0620eade8937e40471d3994","k__Bacteria;p__Firmicutes;c__Clostridia;o__Clostridiales;f__Lachnospiraceae;g__Lachnospiraceae ND3007 group",0.999961415,"Higher in RA","g__Lachnospiraceae ND3007 group",NA
0.565530469244283,-0.308321232297038,0.980513548747119,-0.314448721989619,0.753180256524131,0.999624337131013,"1b1a7265e1841e1508911bee52edfcd2","k__Bacteria;p__Tenericutes;c__Mollicutes;o__Mollicutes RF39;f__gut metagenome;g__gut metagenome;s__gut metagenome",0.99999999,"Higher in HC","g__gut metagenome","s__gut metagenome"
0.337220695242326,1.71907013925694,2.13187093292363,0.80636689243632,0.420031330807023,0.999624337131013,"e18eefe97490868ffc66fa000a754464","k__Bacteria;p__Proteobacteria;c__Gammaproteobacteria;o__Enterobacteriales;f__Enterobacteriaceae;g__Escherichia-Shigella",0.99324836,"Higher in RA","g__Escherichia-Shigella",NA
1.06340047319573,-0.032824584593847,0.882456668301868,-0.0371968231108867,0.970328071651362,0.999624337131013,"50ff3ceea9d999c3b0ac7640d4c4abda","k__Bacteria;p__Firmicutes;c__Clostridia;o__Clostridiales;f__Lachnospiraceae;g__Coprococcus 2",0.999972395,"Higher in HC","g__Coprococcus 2",NA
0.920729002420036,0.333322296298681,0.819586102922538,0.406695886021124,0.684231362436902,0.999624337131013,"490a514c7a648ff3f611c4c6ff8ccb83","k__Bacteria;p__Firmicutes;c__Clostridia;o__Clostridiales;f__Lachnospiraceae;g__Agathobacter;s__Eubacterium ramulus",0.987210015,"Higher in RA","g__Agathobacter","s__Eubacterium ramulus"
1.0798720379369,-0.836641988385329,0.77432571495264,-1.08047811435076,0.279929327479062,0.999624337131013,"37c1fc0fcee85431bc2bdd3362fd588e","k__Bacteria;p__Firmicutes;c__Clostridia;o__Clostridiales;f__Ruminococcaceae;g__Ruminococcus 1;s__Ruminococcus sp. UNK.MGS-30",0.997776303,"Higher in HC","g__Ruminococcus 1","s__Ruminococcus sp. UNK.MGS-30"
0.999816761543591,0.643497929717623,0.810384723679505,0.794064733594505,0.427157746985179,0.999624337131013,"f0eb0ac3dadfb370b187e01384b8c631","k__Bacteria;p__Firmicutes;c__Clostridia;o__Clostridiales;f__Lachnospiraceae;g__CAG-56",0.994442412,"Higher in RA","g__CAG-56",NA
0.940756050882785,0.155479759134977,0.691867174694109,0.224724867462773,0.822193317924579,0.999624337131013,"fcaba65d41831a29e0183945788d0170","k__Bacteria;p__Actinobacteria;c__Coriobacteriia;o__Coriobacteriales;f__Coriobacteriaceae;g__Collinsella",0.999999903,"Higher in RA","g__Collinsella",NA
0.811542403945433,-0.0321512732293132,0.625704395464198,-0.0513841255749223,0.959019434018216,0.999624337131013,"b9a781fc112619ff23bef0feb010c8bc","k__Bacteria;p__Firmicutes;c__Clostridia;o__Clostridiales;f__Ruminococcaceae;g__UBA1819;s__uncultured organism",0.719582826,"Higher in HC","g__UBA1819","s__uncultured organism"
0.730817791643795,-0.719294144898549,1.38030183301716,-0.521113663470448,0.602287593201174,0.999624337131013,"2c68f2ad7ec645e7c5bded3189d632f0","k__Bacteria;p__Firmicutes;c__Clostridia;o__Clostridiales;f__Lachnospiraceae",0.999998825,"Higher in HC",NA,NA
0.937392793078672,0.577192310874246,0.869350971343246,0.663934739708658,0.506732080571873,0.999624337131013,"8d4dc68964911d5881bb110ca3bb6039","k__Bacteria;p__Firmicutes;c__Clostridia;o__Clostridiales;f__Lachnospiraceae;g__[Eubacterium] eligens group",0.997140224,"Higher in RA","g__[Eubacterium] eligens group",NA
0.973262486788309,-0.289904497974614,1.01030061468417,-0.286948749472197,0.774151562619174,0.999624337131013,"21cd33ae6544108675738b290559b676","k__Bacteria;p__Firmicutes;c__Clostridia;o__Clostridiales;f__Lachnospiraceae;g__Lachnospiraceae UCG-001;s__metagenome",0.898978998,"Higher in HC","g__Lachnospiraceae UCG-001","s__metagenome"
0.520881784651738,0.940728437271425,1.58285746345853,0.594322899559093,0.552296165318823,0.999624337131013,"0fe496846124516f6e6f0357fb67706d","k__Bacteria;p__Firmicutes;c__Clostridia;o__Clostridiales;f__Lachnospiraceae;g__Lachnoclostridium",0.944740246,"Higher in RA","g__Lachnoclostridium",NA
0.288999028676611,-0.519913555922787,1.90952432475325,-0.27227385856421,0.785411455022923,0.999624337131013,"2a0524d05c257c8087598786cc7c19c7","k__Bacteria;p__Tenericutes;c__Mollicutes;o__Mollicutes RF39;f__gut metagenome;g__gut metagenome;s__gut metagenome",0.999999985,"Higher in HC","g__gut metagenome","s__gut metagenome"
1.05845637821318,-0.608301448484974,0.767646043019359,-0.792424391445256,0.428113261796283,0.999624337131013,"1197e256b584b027e0a9888b9d4cf721","k__Bacteria;p__Firmicutes;c__Clostridia;o__Clostridiales;f__Lachnospiraceae",0.999967884,"Higher in HC",NA,NA
0.225409608683052,-0.709349888661721,2.09735607949489,-0.33821147281417,0.735203830715967,0.999624337131013,"dc5805ef581716e16330e93403107cd7","k__Bacteria;p__Bacteroidetes;c__Bacteroidia;o__Bacteroidales;f__Prevotellaceae;g__Prevotella 9",0.999998403,"Higher in HC","g__Prevotella 9",NA
0.600587985804496,0.335521367672377,1.44939834202069,0.231490100371308,0.816934075361586,0.999624337131013,"bee24aecb3521bcc4017ae4de94d7fb5","k__Bacteria;p__Firmicutes;c__Clostridia;o__Clostridiales;f__Lachnospiraceae",0.999999899,"Higher in RA",NA,NA
0.705646682257422,-0.350118885476109,0.992086396884975,-0.352911688513659,0.724154647781406,0.999624337131013,"38fdde065f794a6f4503b0f11ab10a6e","k__Bacteria;p__Firmicutes;c__Clostridia;o__Clostridiales;f__Lachnospiraceae;g__Sellimonas",0.999672185,"Higher in HC","g__Sellimonas",NA
0.925443580598031,0.735404011931395,0.817760720463663,0.899289967748056,0.36849822963705,0.999624337131013,"d6906ddc1bfd5aa1c6da697124d1489d","k__Bacteria;p__Firmicutes;c__Clostridia;o__Clostridiales;f__Lachnospiraceae;g__Agathobacter;s__Eubacterium ramulus",0.981972933,"Higher in RA","g__Agathobacter","s__Eubacterium ramulus"
1.00674568616183,0.207817217587347,0.835752883003396,0.248658690641337,0.803624805384708,0.999624337131013,"f39a366a5c5fe64b5fc900e4e7704060","k__Bacteria;p__Firmicutes;c__Clostridia;o__Clostridiales;f__Lachnospiraceae;g__Lachnospiraceae NK4A136 group;s__gut metagenome",0.90845944,"Higher in RA","g__Lachnospiraceae NK4A136 group","s__gut metagenome"
0.863788085339423,-0.262341269637361,0.577235821557257,-0.454478498804216,0.649484464011216,0.999624337131013,"86564097fd03e6c017812b70d4834390","k__Bacteria;p__Firmicutes;c__Clostridia;o__Clostridiales;f__Ruminococcaceae;g__Ruminococcaceae UCG-005;s__human gut metagenome",0.980201584,"Higher in HC","g__Ruminococcaceae UCG-005","s__human gut metagenome"
0.857866028300282,0.373813481163666,1.15982105128938,0.322302721396629,0.747223371674284,0.999624337131013,"6468d27bbce73571b61d8081ff8bde0a","k__Bacteria;p__Firmicutes;c__Clostridia;o__Clostridiales;f__Lachnospiraceae;g__[Eubacterium] hallii group",0.999991335,"Higher in RA","g__[Eubacterium] hallii group",NA
0.879634857867206,0.797952595537197,1.07898778001356,0.739538121114932,0.459580300428096,0.999624337131013,"2a61c0b67211e9e49e08641afe4f7485","k__Bacteria;p__Firmicutes;c__Clostridia;o__Clostridiales;f__Lachnospiraceae;g__Coprococcus 3",0.772644095,"Higher in RA","g__Coprococcus 3",NA
0.633356880195337,0.503237240615797,0.99353803936386,0.506510290172693,0.612498467738857,0.999624337131013,"1b6529c77ad2b69f42335431e045f803","k__Bacteria;p__Firmicutes;c__Clostridia;o__Clostridiales;f__Lachnospiraceae;g__uncultured;s__gut metagenome",0.947277953,"Higher in RA","g__uncultured","s__gut metagenome"
0.882068149932853,-0.756091835679954,1.1098973865466,-0.681226791633866,0.49572799795574,0.999624337131013,"ce7d6dca59a60d61e49b0093bd8ef7fa","k__Bacteria;p__Firmicutes;c__Clostridia;o__Clostridiales;f__Lachnospiraceae",0.999874494,"Higher in HC",NA,NA
0.835835363896071,-0.204647020170412,1.15760931288331,-0.176784186074565,0.859677911087829,0.999624337131013,"01486321a13ac2813979dea6115a4958","k__Bacteria;p__Firmicutes;c__Clostridia;o__Clostridiales;f__Ruminococcaceae;g__Ruminococcaceae UCG-014",0.999995064,"Higher in HC","g__Ruminococcaceae UCG-014",NA
0.909011464533639,0.112250812545221,0.859601668091789,0.130584684409005,0.896103859041115,0.999624337131013,"f873368a6dc73bd2313e113f26173a97","k__Bacteria;p__Firmicutes;c__Clostridia;o__Clostridiales;f__Lachnospiraceae;g__[Eubacterium] hallii group",0.999992545,"Higher in RA","g__[Eubacterium] hallii group",NA
0.855445334719753,0.558803450365819,1.15718708347812,0.482898105539028,0.629168087008575,0.999624337131013,"d4a4424bbc1386b39b8095be169527db","k__Bacteria;p__Firmicutes;c__Negativicutes;o__Acidaminococcales;f__Acidaminococcaceae;g__Phascolarctobacterium;s__uncultured bacterium",0.720592893,"Higher in RA","g__Phascolarctobacterium","s__uncultured bacterium"
0.844127157768579,0.560178268759692,0.868925000895031,0.644679653805201,0.519134804095874,0.999624337131013,"8ed11abd6646df187d59ed07077c2df2","k__Bacteria;p__Firmicutes;c__Clostridia;o__Clostridiales;f__Lachnospiraceae;g__Lachnoclostridium;s__human gut metagenome",0.97921724,"Higher in RA","g__Lachnoclostridium","s__human gut metagenome"
0.717920407657269,0.402551772254034,1.04599387951878,0.384850982530829,0.700347824168325,0.999624337131013,"b28c5f4a668b2b375f2c2b91f50875bd","k__Bacteria;p__Firmicutes;c__Clostridia;o__Clostridiales;f__Clostridiaceae 1;g__Clostridium sensu stricto 1;s__uncultured bacterium",0.991161396,"Higher in RA","g__Clostridium sensu stricto 1","s__uncultured bacterium"
0.719928322107546,-0.908600523213884,1.136771360373,-0.799281680456614,0.424127098942427,0.999624337131013,"215ba19ec47f8fde88bd882b98759b54","k__Bacteria;p__Bacteroidetes;c__Bacteroidia;o__Bacteroidales;f__Tannerellaceae;g__Parabacteroides;s__bacterium NLAE-zl-P241",0.888781924,"Higher in HC","g__Parabacteroides","s__bacterium NLAE-zl-P241"
1.0421473611527,-0.716882420576031,0.677713526310156,-1.05779565073628,0.29014861608994,0.999624337131013,"35e2a27dedf18dda75fe7a6f498d31d4","k__Bacteria;p__Firmicutes;c__Clostridia;o__Clostridiales;f__Ruminococcaceae;g__Ruminococcaceae NK4A214 group;s__gut metagenome",0.99747962,"Higher in HC","g__Ruminococcaceae NK4A214 group","s__gut metagenome"
0.560088271219286,-0.951241855112134,1.91265721792704,-0.497340478051317,0.618948971811147,0.999624337131013,"926ca924d7bf69c0cfa597d831be3384","k__Bacteria;p__Firmicutes;c__Clostridia;o__Clostridiales;f__Lachnospiraceae;g__Lachnospira;s__uncultured bacterium",0.939624072,"Higher in HC","g__Lachnospira","s__uncultured bacterium"
0.435701046852914,1.62461984336291,1.54457046415529,1.05182630450686,0.292879248207842,0.999624337131013,"a6de9d5c223f4fbcd1d97f45200c7ffb","k__Bacteria;p__Firmicutes;c__Clostridia;o__Clostridiales;f__Lachnospiraceae;g__[Ruminococcus] gnavus group;s__uncultured bacterium",0.866408512,"Higher in RA","g__[Ruminococcus] gnavus group","s__uncultured bacterium"
0.985525811621938,-0.321992655265452,0.903009619506182,-0.356577215026276,0.721408337404728,0.999624337131013,"17d1bde4502c3ca815e18a03ee44786f","k__Bacteria;p__Firmicutes;c__Clostridia;o__Clostridiales;f__Ruminococcaceae;g__[Eubacterium] coprostanoligenes group",0.999994255,"Higher in HC","g__[Eubacterium] coprostanoligenes group",NA
0.91631055104889,0.351545885896591,0.9686457910529,0.362925115809843,0.716660824375531,0.999624337131013,"20f1992f7fce3732bdd4d7f8a63a86b9","k__Bacteria;p__Firmicutes;c__Clostridia;o__Clostridiales;f__Ruminococcaceae;g__Ruminococcaceae UCG-002",0.999718708,"Higher in RA","g__Ruminococcaceae UCG-002",NA
0.864619289273293,-0.0881024816771454,0.830350000704787,-0.106102826040062,0.915500768949152,0.999624337131013,"294f5db0b7b9d1965289368e0ee2ec55","k__Bacteria;p__Firmicutes;c__Clostridia;o__Clostridiales;f__Lachnospiraceae;g__[Eubacterium] ventriosum group;s__human gut metagenome",0.922159151,"Higher in HC","g__[Eubacterium] ventriosum group","s__human gut metagenome"
0.605621071726054,-0.177233561890928,0.953464654052526,-0.185883725356393,0.852535945057327,0.999624337131013,"78f01df170de04a7e760aeb7f22e17ea","k__Bacteria;p__Firmicutes;c__Clostridia;o__Clostridiales;f__Lachnospiraceae;g__Lachnoclostridium;s__[Clostridium] scindens",0.987432462,"Higher in HC","g__Lachnoclostridium","s__[Clostridium] scindens"
0.922042963128652,0.418364290863636,0.819595420473333,0.510452206555793,0.60973468976719,0.999624337131013,"13ef65da65611e7bb6718730f9ec897a","k__Bacteria;p__Firmicutes;c__Clostridia;o__Clostridiales;f__Lachnospiraceae;g__[Ruminococcus] gauvreauii group;s__unidentified",0.849327467,"Higher in RA","g__[Ruminococcus] gauvreauii group","s__unidentified"
0.838947951427927,0.0370687701819507,0.960365316847117,0.0385986140187232,0.969210407323696,0.999624337131013,"f39534964fef2e178844db5cd54c592e","k__Bacteria;p__Firmicutes;c__Clostridia;o__Clostridiales;f__Lachnospiraceae;g__[Eubacterium] eligens group",0.999365104,"Higher in RA","g__[Eubacterium] eligens group",NA
0.874465466405811,-0.393224030752529,1.08018944514154,-0.36403246904621,0.715833763616172,0.999624337131013,"a744079433a65400bba19fb9251d7264","k__Bacteria;p__Firmicutes;c__Clostridia;o__Clostridiales;f__Ruminococcaceae;g__Ruminococcaceae UCG-002",0.999726341,"Higher in HC","g__Ruminococcaceae UCG-002",NA
0.755838149820964,-0.776923478688712,1.00725300643253,-0.771329024313765,0.440511932883471,0.999624337131013,"65a546421755d8bddfb107634476a406","k__Bacteria;p__Bacteroidetes;c__Bacteroidia;o__Bacteroidales;f__Bacteroidaceae;g__Bacteroides;s__Bacteroides thetaiotaomicron",0.820372424,"Higher in HC","g__Bacteroides","s__Bacteroides thetaiotaomicron"
0.365809311395422,-0.69525082588738,2.15786408538142,-0.322193983669962,0.747305742016859,0.999624337131013,"3940db36de219fddf559fc7d4d8e36fc","k__Bacteria;p__Firmicutes;c__Clostridia;o__Clostridiales;f__Lachnospiraceae;g__Lachnoclostridium;s__human gut metagenome",0.792781335,"Higher in HC","g__Lachnoclostridium","s__human gut metagenome"
0.435158170636633,-0.064402029847051,1.94191178592084,-0.0331642406797134,0.973543614230105,0.999624337131013,"5fcbf3c9acdd3b347d62e2dab97d47f5","k__Bacteria;p__Firmicutes;c__Clostridia;o__Clostridiales;f__Ruminococcaceae;g__Ruminococcus 2;s__uncultured bacterium",0.821290252,"Higher in HC","g__Ruminococcus 2","s__uncultured bacterium"
0.55962082560352,-0.756568655505717,1.70236447568571,-0.444422252879174,0.656737327763897,0.999624337131013,"b8c219023b9d645f3f6513d165af7bcb","k__Bacteria;p__Firmicutes;c__Clostridia;o__Clostridiales;f__Ruminococcaceae;g__Ruminococcaceae UCG-014;s__gut metagenome",0.9896132,"Higher in HC","g__Ruminococcaceae UCG-014","s__gut metagenome"
0.783085162388198,-0.812648063046522,1.36008278877511,-0.59749896826383,0.550174295624386,0.999624337131013,"eb6805d6c4146b4ef995042ab463e924","k__Bacteria;p__Firmicutes;c__Clostridia;o__Clostridiales;f__Lachnospiraceae;g__Tyzzerella 4",0.996491122,"Higher in HC","g__Tyzzerella 4",NA
0.394770574881603,-1.0557307035411,1.86664269638953,-0.56557728245641,0.571681174621139,0.999624337131013,"d354e9f5133ac17d9c7ed94f20edcddd","k__Bacteria;p__Bacteroidetes;c__Bacteroidia;o__Bacteroidales;f__Prevotellaceae;g__Prevotella 9",0.9999987,"Higher in HC","g__Prevotella 9",NA
0.561961342660571,0.217040944320727,1.35180921339715,0.160555899582379,0.872443191198078,0.999624337131013,"8120b5cf29a523b1d09566d739942ad7","k__Bacteria;p__Bacteroidetes;c__Bacteroidia;o__Bacteroidales;f__Bacteroidaceae;g__Bacteroides",1,"Higher in RA","g__Bacteroides",NA
0.909631732855467,0.262315464307219,0.776658498718622,0.337748785006541,0.735552507684076,0.999624337131013,"56d5c5c65cf1cd2792804f58c8df3c74","k__Bacteria;p__Firmicutes;c__Clostridia;o__Clostridiales;f__Christensenellaceae;g__Christensenellaceae R-7 group;s__uncultured bacterium",0.964481242,"Higher in RA","g__Christensenellaceae R-7 group","s__uncultured bacterium"
0.684486804212009,-0.932114244338829,1.34366121566944,-0.693712249389016,0.487862682547337,0.999624337131013,"15058a9801fdb8907ac13a3a3bcdad40","k__Bacteria;p__Firmicutes;c__Clostridia;o__Clostridiales;f__Lachnospiraceae",0.999999859,"Higher in HC",NA,NA
0.900357523140933,-0.652846289451294,1.2600583477765,-0.518107983335302,0.604382930506904,0.999624337131013,"6e5ba1e5c318cde57353ee984e4b80cf","k__Bacteria;p__Firmicutes;c__Clostridia;o__Clostridiales;f__Lachnospiraceae;g__Agathobacter",0.88654845,"Higher in HC","g__Agathobacter",NA
0.425391497929381,1.4548525013487,1.55197079645979,0.937422601422247,0.348541219514453,0.999624337131013,"fe5398590a16eb9e9ef3297947779f45","k__Bacteria;p__Firmicutes;c__Clostridia;o__Clostridiales;f__Lachnospiraceae;g__[Ruminococcus] gnavus group",0.81224113,"Higher in RA","g__[Ruminococcus] gnavus group",NA
0.285504364827748,0.247852405790663,1.54850571093519,0.160059084083698,0.872834531734674,0.999624337131013,"b521c3bb88c8a30b40a52caf50301420","k__Bacteria;p__Bacteroidetes;c__Bacteroidia;o__Bacteroidales;f__Bacteroidaceae;g__Bacteroides;s__Bacteroides ovatus V975",0.725921042,"Higher in RA","g__Bacteroides","s__Bacteroides ovatus V975"
0.850175635291599,0.860013555244659,0.969416509011214,0.887145563594595,0.37500053585502,0.999624337131013,"311741ada0befb4cdfccc2021c5c417f","k__Bacteria;p__Firmicutes;c__Clostridia;o__Clostridiales;f__Lachnospiraceae;g__Lachnospiraceae NK4A136 group;s__gut metagenome",0.854960918,"Higher in RA","g__Lachnospiraceae NK4A136 group","s__gut metagenome"
0.576027657664689,-0.680249604293332,1.54439632367238,-0.440463107731171,0.659601726576623,0.999624337131013,"f727179712e78225bfbb31d0beed7f69","k__Bacteria;p__Firmicutes;c__Clostridia;o__Clostridiales;f__Lachnospiraceae;g__Anaerostipes",0.999734319,"Higher in HC","g__Anaerostipes",NA
0.62506570323251,0.752301441550595,1.71330352413622,0.43909408400352,0.660593365581735,0.999624337131013,"d1e96c46619f4199dd75bf40a675a7bd","k__Bacteria;p__Firmicutes;c__Clostridia;o__Clostridiales;f__Lachnospiraceae;g__Coprococcus 2",0.999950218,"Higher in RA","g__Coprococcus 2",NA
0.833297509092884,-0.673128035794217,1.13740814160672,-0.591808701881936,0.553978695452148,0.999624337131013,"ac3d045268a6fea586c8c883c671a4e5","k__Bacteria;p__Firmicutes;c__Clostridia;o__Clostridiales;f__Lachnospiraceae;g__Roseburia;s__metagenome",0.964408424,"Higher in HC","g__Roseburia","s__metagenome"
0.2661965979554,-1.00311817593417,2.0342483541503,-0.493114901082551,0.621931402590305,0.999624337131013,"05b4a87d63649a8b4915ad4551e90b3c","k__Bacteria;p__Bacteroidetes;c__Bacteroidia;o__Bacteroidales;f__Prevotellaceae;g__Prevotella 9;s__uncultured bacterium",0.828548952,"Higher in HC","g__Prevotella 9","s__uncultured bacterium"
0.81269379063626,0.231711905024665,1.08873946564307,0.212825852590733,0.831462798211632,0.999624337131013,"3c2b1aa0f4f0b1925d3f7a67f08eca56","k__Bacteria;p__Firmicutes;c__Clostridia;o__Clostridiales;f__Lachnospiraceae",0.99998929,"Higher in RA",NA,NA
0.643730857081568,0.0200860474355033,1.34536692547743,0.0149297913120433,0.98808819253876,0.999624337131013,"b196a513218277a6dffbd1c0644bd723","k__Bacteria;p__Firmicutes;c__Clostridia;o__Clostridiales;f__Lachnospiraceae;g__[Eubacterium] eligens group",0.997314621,"Higher in RA","g__[Eubacterium] eligens group",NA
0.804679864354117,-0.338817665531496,0.979192932473697,-0.346017270238618,0.729329735741364,0.999624337131013,"2cf2521055071196ab5c98b7d394e247","k__Bacteria;p__Firmicutes;c__Clostridia;o__Clostridiales;f__Ruminococcaceae;g__Ruminococcaceae UCG-002",0.999852848,"Higher in HC","g__Ruminococcaceae UCG-002",NA
0.629832697108518,0.140335886487215,1.16476486277277,0.120484306294354,0.904099510842529,0.999624337131013,"b52ab742ff550f4bbc398e3aabbfc45f","k__Bacteria;p__Firmicutes;c__Clostridia;o__Clostridiales;f__Lachnospiraceae;g__[Eubacterium] eligens group",0.999631417,"Higher in RA","g__[Eubacterium] eligens group",NA
0.916406864214584,-0.939441908633181,0.953304534084647,-0.985458345202589,0.324398982611169,0.999624337131013,"cb16b99c18b01f7e4ffbfdc0d897b2cb","k__Bacteria;p__Firmicutes;c__Clostridia;o__Clostridiales;f__Ruminococcaceae;g__Faecalibacterium",0.99997126,"Higher in HC","g__Faecalibacterium",NA
0.595761883834368,-1.29445215910872,1.54210170278223,-0.839407774969244,0.401240522352275,0.999624337131013,"c9e3bc49cba8171858d519047af2066a","k__Bacteria;p__Firmicutes;c__Clostridia;o__Clostridiales;f__Lachnospiraceae;g__Lachnoclostridium;s__human gut metagenome",0.88069065,"Higher in HC","g__Lachnoclostridium","s__human gut metagenome"
0.844963679234034,-0.949396499599929,1.42377311001929,-0.666817270897232,0.504888859482295,0.999624337131013,"02183cfd7eac06aa3a71ed6980f902b2","k__Bacteria;p__Firmicutes;c__Clostridia;o__Clostridiales;f__Lachnospiraceae;g__Coprococcus 2",0.999860189,"Higher in HC","g__Coprococcus 2",NA
0.809070570344663,0.602271863890787,0.726953169385889,0.828487843858733,0.407394276472257,0.999624337131013,"512a7cf82fc2aa51889a31fe8d3d7d9d","k__Bacteria;p__Firmicutes;c__Clostridia;o__Clostridiales;f__Ruminococcaceae;g__Butyricicoccus",0.999958063,"Higher in RA","g__Butyricicoccus",NA
0.437050812530137,-0.609523984766766,1.42022801786293,-0.429173327874448,0.667797091804839,0.999624337131013,"9ba02eba8e667a488ec033446e71cb4b","k__Bacteria;p__Firmicutes;c__Clostridia;o__Clostridiales;f__Lachnospiraceae;g__Eisenbergiella",0.9993112,"Higher in HC","g__Eisenbergiella",NA
0.720096614051888,0.986508590162016,0.964061947440805,1.02328340287758,0.306173868746328,0.999624337131013,"a9e1734dabab7d1618be689001578603","k__Bacteria;p__Firmicutes;c__Clostridia;o__Clostridiales;f__Clostridiaceae 1;g__Clostridium sensu stricto 1;s__uncultured bacterium",0.99206736,"Higher in RA","g__Clostridium sensu stricto 1","s__uncultured bacterium"
0.909006933440038,0.384130074704505,0.826708572407756,0.464649923232007,0.642182174891819,0.999624337131013,"55f998727780440977181c5631dbf1f5","k__Bacteria;p__Firmicutes;c__Clostridia;o__Clostridiales;f__Christensenellaceae;g__Christensenellaceae R-7 group;s__uncultured bacterium",0.896688806,"Higher in RA","g__Christensenellaceae R-7 group","s__uncultured bacterium"
0.861701820610726,-0.418645070748032,0.609367823085997,-0.687015386910166,0.492073032206054,0.999624337131013,"ef578d26eda3aaa8ae118a5b8cabcc7b","k__Bacteria;p__Firmicutes;c__Clostridia;o__Clostridiales;f__Ruminococcaceae;g__Ruminococcaceae UCG-005;s__human gut metagenome",0.978992999,"Higher in HC","g__Ruminococcaceae UCG-005","s__human gut metagenome"
0.901677847383854,-1.17687324045459,1.10686284000329,-1.06325119781877,0.287668050140294,0.999624337131013,"b7e81914b1a3bbab80b3672f14f820ac","k__Bacteria;p__Firmicutes;c__Clostridia;o__Clostridiales;f__Lachnospiraceae",0.99839332,"Higher in HC",NA,NA
0.413554259230622,-0.769505100101876,1.01194888118103,-0.760418944486401,0.447004202852109,0.999624337131013,"e936d68208f6404d24754482fa20e1ca","k__Bacteria;p__Bacteroidetes;c__Bacteroidia;o__Bacteroidales;f__Bacteroidaceae;g__Bacteroides;s__Bacteroides thetaiotaomicron",0.903100782,"Higher in HC","g__Bacteroides","s__Bacteroides thetaiotaomicron"
0.839241745425028,0.450698256393269,0.877946449585384,0.513355064658117,0.60770297220238,0.999624337131013,"eeca2aa554db1c598ac6f41422b25545","k__Bacteria;p__Firmicutes;c__Clostridia;o__Clostridiales;f__Lachnospiraceae;g__Coprococcus 3",0.78327738,"Higher in RA","g__Coprococcus 3",NA
0.354558434797545,-0.985868863186306,1.45595018593016,-0.677130902357395,0.498322903645617,0.999624337131013,"8cc27d366ee8ce4ec0e1e0e88b3b99c5","k__Bacteria;p__Bacteroidetes;c__Bacteroidia;o__Bacteroidales;f__Bacteroidaceae;g__Bacteroides;s__Bacteroides eggerthii DSM 20697",0.919650264,"Higher in HC","g__Bacteroides","s__Bacteroides eggerthii DSM 20697"
0.224827122002971,-0.94556336554441,2.17953165419308,-0.433837867748006,0.664406180981378,0.999624337131013,"a39f17d0ccaae55d84e969c4d65878ff","k__Bacteria;p__Firmicutes;c__Erysipelotrichia;o__Erysipelotrichales;f__Erysipelotrichaceae;g__Holdemanella;s__uncultured bacterium",0.873139565,"Higher in HC","g__Holdemanella","s__uncultured bacterium"
0.876088045585311,-0.193977374139466,1.2183338440694,-0.159215288226382,0.873499259241803,0.999624337131013,"ba1114b2193ba4752c3b3853e8990a6a","k__Bacteria;p__Firmicutes;c__Clostridia;o__Clostridiales;f__Lachnospiraceae;g__Agathobacter",0.91077732,"Higher in HC","g__Agathobacter",NA
0.723525468507047,0.934258327127115,1.32795742742006,0.703530329991212,0.481725312107769,0.999624337131013,"30ea0ab062bbf7897acdd7bba09a8707","k__Bacteria;p__Firmicutes;c__Clostridia;o__Clostridiales;f__Lachnospiraceae;g__Fusicatenibacter",0.925097753,"Higher in RA","g__Fusicatenibacter",NA
0.243413179678924,-0.778559472781915,2.18588643941272,-0.356175626850538,0.721709043599169,0.999624337131013,"45ea05a7945228936d38b3bb43a8ade5","k__Bacteria;p__Firmicutes;c__Erysipelotrichia;o__Erysipelotrichales;f__Erysipelotrichaceae;g__Holdemanella",0.999999999,"Higher in HC","g__Holdemanella",NA
0.866670949965974,0.0886940635307219,0.839034429931359,0.105709682900591,0.91581269755735,0.999624337131013,"6c885c4c133e6d4753e50d66672d7e98","k__Bacteria;p__Firmicutes;c__Clostridia;o__Clostridiales;f__Christensenellaceae;g__Christensenellaceae R-7 group;s__uncultured bacterium",0.908791941,"Higher in RA","g__Christensenellaceae R-7 group","s__uncultured bacterium"
0.730935176996909,-0.585483267945755,1.19686552886613,-0.489180491730281,0.624713919545457,0.999624337131013,"ee71ca50bd8b897a0c4afb43a56529c6","k__Bacteria;p__Firmicutes;c__Clostridia;o__Clostridiales;f__Ruminococcaceae;g__Ruminococcus 1;s__uncultured Ruminococcus sp.",0.994227574,"Higher in HC","g__Ruminococcus 1","s__uncultured Ruminococcus sp."
0.786003344967184,0.195708819398827,0.900995943030066,0.217213874172014,0.828041672774952,0.999624337131013,"a85cca16cc5ea7e39d1b151ab7963754","k__Bacteria;p__Firmicutes;c__Clostridia;o__Clostridiales;f__Lachnospiraceae;g__Lachnoclostridium;s__human gut metagenome",0.987562517,"Higher in RA","g__Lachnoclostridium","s__human gut metagenome"
0.898822158704688,0.250222100925836,0.7820302733686,0.319964724444749,0.748995071728818,0.999624337131013,"c3fb0f264dacd170942f6c6ac39aa78a","k__Bacteria;p__Firmicutes;c__Clostridia;o__Clostridiales;f__Christensenellaceae;g__Christensenellaceae R-7 group;s__uncultured bacterium",0.95829598,"Higher in RA","g__Christensenellaceae R-7 group","s__uncultured bacterium"
0.839495017823331,-0.148325774859625,0.888468247909294,-0.166945498850025,0.867412932568987,0.999624337131013,"ec7eeb26525baa984c060ed56d8a7b78","k__Bacteria;p__Firmicutes;c__Clostridia;o__Clostridiales;f__Lachnospiraceae;g__Lachnospira;s__uncultured bacterium",0.785548312,"Higher in HC","g__Lachnospira","s__uncultured bacterium"
0.875527858863576,0.461733935986034,0.863793044562433,0.534542317621847,0.59296637967768,0.999624337131013,"1b80affc569648503f962870448e3ace","k__Bacteria;p__Firmicutes;c__Clostridia;o__Clostridiales;f__Lachnospiraceae;g__Lachnospiraceae NK4A136 group;s__gut metagenome",0.89006269,"Higher in RA","g__Lachnospiraceae NK4A136 group","s__gut metagenome"
0.393571359601538,-1.84981685426437,2.31476388320135,-0.799138464051916,0.424210128535156,0.999624337131013,"a0f72ec708750b9d3c81401adc2fb592","k__Bacteria;p__Firmicutes;c__Clostridia;o__Clostridiales;f__Ruminococcaceae;g__Ruminococcus 2",0.999163546,"Higher in HC","g__Ruminococcus 2",NA
0.442112379850139,-0.0967970303813429,1.35000643453421,-0.071701162235379,0.942839731215186,0.999624337131013,"c03254fae78754f11d7e23385262f277","k__Bacteria;p__Bacteroidetes;c__Bacteroidia;o__Bacteroidales;f__Tannerellaceae;g__Parabacteroides;s__Parabacteroides distasonis CL03T12C09",0.774238819,"Higher in HC","g__Parabacteroides","s__Parabacteroides distasonis CL03T12C09"
0.240723846075049,-0.517102306680754,2.18601847286502,-0.236549833910156,0.813006042375386,0.999624337131013,"c78bd3aa934521776afbf2e52db078e4","k__Bacteria;p__Bacteroidetes;c__Bacteroidia;o__Bacteroidales;f__Bacteroidaceae;g__Bacteroides",1,"Higher in HC","g__Bacteroides",NA
0.791564865082914,0.713653477193735,0.706395811669327,1.01027421936047,0.312363929138318,0.999624337131013,"781981b9469e9ffd8c739ee51981e954","k__Bacteria;p__Bacteroidetes;c__Bacteroidia;o__Bacteroidales;f__Bacteroidaceae;g__Bacteroides;s__Bacteroides thetaiotaomicron",0.912108652,"Higher in RA","g__Bacteroides","s__Bacteroides thetaiotaomicron"
0.689435619805524,0.17001215597625,1.01401375068487,0.167662574458605,0.866848740583979,0.999624337131013,"3fa49934a5dc17ad8ce1201123d8df92","k__Bacteria;p__Bacteroidetes;c__Bacteroidia;o__Bacteroidales;f__Tannerellaceae;g__Parabacteroides",1,"Higher in RA","g__Parabacteroides",NA
0.782609411971154,0.362070167760513,1.13312515188182,0.319532372182552,0.749322847500278,0.999624337131013,"72856001ec2fcd0c25b7a135ef349484","k__Bacteria;p__Firmicutes;c__Clostridia;o__Clostridiales;f__Lachnospiraceae;g__Dorea",0.783247556,"Higher in RA","g__Dorea",NA
0.805297815134458,-0.884245206925647,1.58185578221477,-0.558992303133734,0.576166973100013,0.999624337131013,"06df272a1a9b53d65ca06a4d878f269e","k__Bacteria;p__Firmicutes;c__Clostridia;o__Clostridiales;f__Lachnospiraceae",0.999979934,"Higher in HC",NA,NA
0.882877486680885,-0.0830190539606979,0.78799751292182,-0.105354461910509,0.916094549029046,0.999624337131013,"9300126f43100a5d1594615c17d5d68b","k__Bacteria;p__Firmicutes;c__Clostridia;o__Clostridiales;f__Ruminococcaceae;g__Ruminococcus 1;s__uncultured Ruminococcus sp.",0.997546557,"Higher in HC","g__Ruminococcus 1","s__uncultured Ruminococcus sp."
0.84062409840734,0.266836758690424,0.907590568271376,0.294005654111908,0.76875358286418,0.999624337131013,"efd76adf7a36a6978f5a4484a857d410","k__Bacteria;p__Firmicutes;c__Clostridia;o__Clostridiales;f__Lachnospiraceae;g__Roseburia",0.750830211,"Higher in RA","g__Roseburia",NA
0.586560485620518,-0.648165635536288,1.23210392592116,-0.526064094026565,0.598843675110691,0.999624337131013,"492dc631e7e87e82500cdef76a423832","k__Bacteria;p__Firmicutes;c__Clostridia;o__Clostridiales;f__Lachnospiraceae;g__Lachnospiraceae UCG-001;s__metagenome",0.970666846,"Higher in HC","g__Lachnospiraceae UCG-001","s__metagenome"
0.866603339677623,0.157561552708527,0.771960957026903,0.204105597924736,0.838270979908259,0.999624337131013,"7c6d0c89018471ea21fa112937b195c2","k__Bacteria;p__Firmicutes;c__Clostridia;o__Clostridiales;f__Ruminococcaceae;g__Butyricicoccus",0.999947934,"Higher in RA","g__Butyricicoccus",NA
0.780678669642981,0.237455056985876,0.671627837581621,0.353551541045258,0.723674996148316,0.999624337131013,"22dc8bfe413a1edc53d7561ec160833b","k__Bacteria;p__Bacteroidetes;c__Bacteroidia;o__Bacteroidales;f__Bacteroidaceae;g__Bacteroides",0.999999999,"Higher in RA","g__Bacteroides",NA
0.806762530691745,-1.09873584444499,1.26524571532922,-0.868397206276326,0.385176923730664,0.999624337131013,"2db6abd4b2fc48aa74bbd2bba216c871","k__Bacteria",1,"Higher in HC",NA,NA
0.83132720248216,-0.459863590250657,0.818094525764873,-0.562115471706293,0.574037347706006,0.999624337131013,"9ebf47008f8fc814d9e5d5df0c51d546","k__Bacteria;p__Firmicutes;c__Clostridia;o__Clostridiales;f__Lachnospiraceae;g__[Eubacterium] ventriosum group",0.999959662,"Higher in HC","g__[Eubacterium] ventriosum group",NA
0.862429078800888,1.26538296082473,1.17004237462176,1.08148472933195,0.279481549863879,0.999624337131013,"2e5fdcbdeac89ca109d8a5c0b5f63e0a","k__Bacteria;p__Firmicutes;c__Clostridia;o__Clostridiales;f__Ruminococcaceae;g__Ruminococcus 2;s__uncultured bacterium",0.817365183,"Higher in RA","g__Ruminococcus 2","s__uncultured bacterium"
0.632177367277696,-0.301686504962046,1.20337514667212,-0.250700295578106,0.802045832137717,0.999624337131013,"582a59726ea6b50b57690ce9a5ec8875","k__Bacteria;p__Firmicutes;c__Clostridia;o__Clostridiales;f__Ruminococcaceae;g__Ruminococcaceae UCG-014",0.999755971,"Higher in HC","g__Ruminococcaceae UCG-014",NA
0.61336115238077,0.502442426683697,1.31460458166732,0.382200422614111,0.702312708388247,0.999624337131013,"7f8e18b4bbfca38059942847ffe5a1b2","k__Bacteria;p__Firmicutes;c__Clostridia;o__Clostridiales;f__Lachnospiraceae",0.999666918,"Higher in RA",NA,NA
0.59869559303577,-1.12857544806621,1.25212157147659,-0.901330568672587,0.36741258531028,0.999624337131013,"e1cae978d6a824f68136b469144df64b","k__Bacteria;p__Bacteroidetes;c__Bacteroidia;o__Bacteroidales;f__Tannerellaceae;g__Parabacteroides",1,"Higher in HC","g__Parabacteroides",NA
0.885288218266937,-0.743734985384593,1.11049277394744,-0.669734196235113,0.503027248340285,0.999624337131013,"b93521ea5c144d0ecc18a9d7fbdb24a1","k__Bacteria;p__Firmicutes;c__Clostridia;o__Clostridiales;f__Ruminococcaceae;g__Ruminococcaceae UCG-014;s__uncultured bacterium",0.727090704,"Higher in HC","g__Ruminococcaceae UCG-014","s__uncultured bacterium"
0.342399709665106,-0.460721051794131,1.60373569562782,-0.287279913423497,0.773898001499456,0.999624337131013,"fcfcc801b808329b3caa02a6c0431b52","k__Bacteria;p__Bacteroidetes;c__Bacteroidia;o__Bacteroidales;f__Bacteroidaceae;g__Bacteroides",1,"Higher in HC","g__Bacteroides",NA
0.708963017363618,0.18801541904777,0.742454857719461,0.253234815683316,0.800086764071676,0.999624337131013,"3b7ba24f276f5924cb9f183fd7a589c7","k__Bacteria;p__Firmicutes;c__Clostridia;o__Clostridiales;f__Ruminococcaceae;g__Flavonifractor;s__uncultured bacterium",0.769865023,"Higher in RA","g__Flavonifractor","s__uncultured bacterium"
0.839279976381573,0.409666875510965,0.916957806562878,0.446767422207309,0.655042995545895,0.999624337131013,"3d425b722dafcc58a716630354398454","k__Bacteria;p__Firmicutes;c__Clostridia;o__Clostridiales;f__Lachnospiraceae;g__[Eubacterium] hallii group",0.999992135,"Higher in RA","g__[Eubacterium] hallii group",NA
0.39242066129123,0.734230133738863,1.08656163874011,0.675737213206069,0.499207504615822,0.999624337131013,"844e03e657f6bd7600832d530c1296cd","k__Bacteria;p__Firmicutes;c__Negativicutes;o__Veillonellales;f__Veillonellaceae;g__Veillonella",0.999999989,"Higher in RA","g__Veillonella",NA
0.782906967294255,0.237803155566882,0.303811628660268,0.782732236470124,0.433784367757578,0.999624337131013,"f657e0c76cef3619662281a7cf32b398","k__Bacteria;p__Firmicutes;c__Erysipelotrichia;o__Erysipelotrichales;f__Erysipelotrichaceae;g__Holdemania;s__Holdemania sp. Marseille-P2844",0.966196729,"Higher in RA","g__Holdemania","s__Holdemania sp. Marseille-P2844"
0.819264922041176,0.3626125777737,0.734890660951631,0.49342384798324,0.621713135231887,0.999624337131013,"28e839b2cf95c0b7fe5e5710c4653475","k__Bacteria;p__Bacteroidetes;c__Bacteroidia;o__Bacteroidales;f__Bacteroidaceae;g__Bacteroides",0.999999997,"Higher in RA","g__Bacteroides",NA
0.541186700767969,0.570694970375609,1.46250054047054,0.390218638956533,0.696374880071912,0.999624337131013,"5b7f1df567841710b05245a20d1009cf","k__Bacteria;p__Proteobacteria;c__Gammaproteobacteria;o__Enterobacteriales;f__Enterobacteriaceae;g__Escherichia-Shigella;s__Streptomyces sp. Q1",0.957193697,"Higher in RA","g__Escherichia-Shigella","s__Streptomyces sp. Q1"
0.762529601569174,1.01435045838602,1.28119605377636,0.791721497577351,0.428523084556927,0.999624337131013,"c9ae9d1a0328f386c3c9b3e18103efc5","k__Bacteria;p__Firmicutes;c__Clostridia;o__Clostridiales;f__Lachnospiraceae;g__[Eubacterium] eligens group",0.99940619,"Higher in RA","g__[Eubacterium] eligens group",NA
0.477831560725276,1.4138133848242,1.60007781609418,0.883590392044397,0.376917367472222,0.999624337131013,"de5c61ba5ba871ed4662657f2507c118","k__Bacteria;p__Firmicutes;c__Clostridia;o__Clostridiales;f__Lachnospiraceae;g__Blautia",0.884402792,"Higher in RA","g__Blautia",NA
0.472727689037382,-2.00913047858138,1.93990052674315,-1.03568737205018,0.30034801551967,0.999624337131013,"42ce9b82d7c07ca57532ae0341b3a2ea","k__Bacteria;p__Firmicutes;c__Clostridia;o__Clostridiales;f__Lachnospiraceae",0.999991296,"Higher in HC",NA,NA
0.335732595725439,0.129597223769697,0.657567941029501,0.19708567842708,0.843760490587308,0.999624337131013,"bc6f1e6ee5b75aaff170faabf01aee78","k__Bacteria;p__Firmicutes;c__Erysipelotrichia;o__Erysipelotrichales;f__Erysipelotrichaceae;g__Erysipelatoclostridium;s__uncultured bacterium",0.710741471,"Higher in RA","g__Erysipelatoclostridium","s__uncultured bacterium"
0.830644794707313,0.245789438503097,0.906618632233629,0.271105655414943,0.786309772020591,0.999624337131013,"0cb00b5840bf4620b4e61b66ac43b2fc","k__Bacteria;p__Firmicutes;c__Clostridia;o__Clostridiales;f__Lachnospiraceae;g__Blautia;s__Blautia sp. Marseille-P3387",0.91462988,"Higher in RA","g__Blautia","s__Blautia sp. Marseille-P3387"
0.809217707290054,0.599222283700822,1.0029738594222,0.597445564579346,0.550209940373073,0.999624337131013,"fab2376ec6c182f03c4cac6f3f87423f","k__Bacteria;p__Firmicutes;c__Clostridia;o__Clostridiales;f__Lachnospiraceae;g__Lachnospiraceae NK4A136 group;s__gut metagenome",0.891060871,"Higher in RA","g__Lachnospiraceae NK4A136 group","s__gut metagenome"
0.829184657810842,-0.273424996907378,0.827013708632445,-0.330617248605849,0.740933615763685,0.999624337131013,"eab4573a9246082405a1510bfd858466","k__Bacteria;p__Firmicutes;c__Clostridia;o__Clostridiales;f__Christensenellaceae;g__Christensenellaceae R-7 group;s__uncultured prokaryote",0.935573372,"Higher in HC","g__Christensenellaceae R-7 group","s__uncultured prokaryote"
0.502778971326888,0.0553835458082878,1.73494064824622,0.0319224440699299,0.974533899979713,0.999624337131013,"e49285ae6a752cf664daddec104eec62","k__Bacteria;p__Firmicutes;c__Clostridia;o__Clostridiales;f__Lachnospiraceae;g__Coprococcus 2",0.999957605,"Higher in RA","g__Coprococcus 2",NA
0.74364029108508,0.146438351148939,1.20027950935896,0.122003541681011,0.902896213370918,0.999624337131013,"cf232949be08b1700e16265d2317c128","k__Bacteria;p__Firmicutes;c__Clostridia;o__Clostridiales;f__Lachnospiraceae;g__Lachnospiraceae UCG-006;s__uncultured organism",0.906159164,"Higher in RA","g__Lachnospiraceae UCG-006","s__uncultured organism"
0.846446379812765,-0.291598131930301,0.627613959641687,-0.464613840165024,0.642208019214496,0.999624337131013,"84c68929da2cfbc5c86f0350a8e5a1c8","k__Bacteria;p__Firmicutes;c__Clostridia;o__Clostridiales;f__Lachnospiraceae",0.999712161,"Higher in HC",NA,NA
0.733116383124143,0.206957327388436,0.936791451735087,0.220921451626312,0.825153594085552,0.999624337131013,"b797f008721d04c66d97bac33255706b","k__Bacteria;p__Firmicutes;c__Clostridia;o__Clostridiales;f__Lachnospiraceae;g__Roseburia;s__metagenome",0.966170897,"Higher in RA","g__Roseburia","s__metagenome"
0.774664214576253,0.15138374349208,1.2464789274448,0.121449099667017,0.903335328755679,0.999624337131013,"ed7a290fa933b605d57b58620e2f6ca9","k__Bacteria;p__Firmicutes;c__Clostridia;o__Clostridiales;f__Ruminococcaceae;g__Ruminococcus 1;s__uncultured Ruminococcus sp.",0.994246174,"Higher in RA","g__Ruminococcus 1","s__uncultured Ruminococcus sp."
0.271919139222711,0.22814090629775,1.77307625508428,0.128669540096518,0.897619138497754,0.999624337131013,"e9f048ab826e5100a8005178251a5d16","k__Bacteria;p__Bacteroidetes;c__Bacteroidia;o__Bacteroidales;f__Prevotellaceae;g__Prevotella 9",0.999999386,"Higher in RA","g__Prevotella 9",NA
0.714900803457903,0.314073182073314,0.500823281879,0.627113781322161,0.530584654078258,0.999624337131013,"f35d69c73316c7b2c2544e37acf7165b","k__Bacteria;p__Bacteroidetes;c__Bacteroidia;o__Bacteroidales;f__Bacteroidaceae;g__Bacteroides;s__uncultured bacterium",0.989694501,"Higher in RA","g__Bacteroides","s__uncultured bacterium"
0.392091303930581,-1.12926758358997,1.74917190401409,-0.645601259086356,0.518537621726687,0.999624337131013,"a6cb92d606d4ec112f81d195aceb8263","k__Bacteria;p__Firmicutes;c__Negativicutes;o__Selenomonadales;f__Selenomonadaceae;g__Megamonas;s__uncultured bacterium",0.931252453,"Higher in HC","g__Megamonas","s__uncultured bacterium"
0.302949387525703,0.591768833017632,1.08577405439742,0.545020237517142,0.585739598973703,0.999624337131013,"b1bc3f9b2ee240636821337d89ab1620","k__Bacteria;p__Firmicutes;c__Bacilli;o__Lactobacillales;f__Enterococcaceae;g__Enterococcus",0.999657484,"Higher in RA","g__Enterococcus",NA
0.482429675748515,1.03209785785108,1.39246033694098,0.741204492846412,0.458569459682494,0.999624337131013,"ab0e9a4e5a0d61bcd202987d2c9c7599","k__Bacteria;p__Firmicutes;c__Clostridia;o__Clostridiales;f__Lachnospiraceae;g__Lachnoclostridium",0.908040159,"Higher in RA","g__Lachnoclostridium",NA
0.473516832869445,-1.41128454276505,1.6802173785325,-0.839941641359325,0.40094110829035,0.999624337131013,"ae62432b2230f018d6a13b98d0e3991a","k__Bacteria;p__Firmicutes;c__Clostridia;o__Clostridiales;f__Lachnospiraceae;g__Lachnoclostridium 12",0.915932285,"Higher in HC","g__Lachnoclostridium 12",NA
0.8064170415717,-0.395294507773385,0.913303209297267,-0.432818481036042,0.665146646021559,0.999624337131013,"993b5e64c4c43223aba524c6c9e6a532","k__Bacteria;p__Firmicutes;c__Clostridia;o__Clostridiales;f__Lachnospiraceae;g__Agathobacter",0.780470816,"Higher in HC","g__Agathobacter",NA
0.660667435629203,-0.277471649546842,1.15015134813346,-0.241247945322276,0.809362953036405,0.999624337131013,"72278ebafa8035f8fa81fe5dac55b432","k__Bacteria;p__Firmicutes;c__Clostridia;o__Clostridiales;f__Lachnospiraceae;g__Lachnoclostridium",0.905182802,"Higher in HC","g__Lachnoclostridium",NA
0.618670054896143,-0.341377610149932,1.63256068062383,-0.209105618064674,0.834365789071556,0.999624337131013,"154ec3ac83b7d949ae293bf938a9c39c","k__Bacteria;p__Firmicutes;c__Clostridia;o__Clostridiales;f__Lachnospiraceae;g__Roseburia",0.782628321,"Higher in HC","g__Roseburia",NA
0.834162545265744,-0.467943982903866,0.730804905611679,-0.640313138719559,0.521969040624908,0.999624337131013,"3b52070af4d1b2660475ccd04d8cd0f5","k__Bacteria;p__Firmicutes;c__Clostridia;o__Clostridiales;f__Lachnospiraceae;g__Lachnospiraceae UCG-010;s__uncultured organism",0.98086287,"Higher in HC","g__Lachnospiraceae UCG-010","s__uncultured organism"
0.834634927299563,-1.04819168403152,1.18651715441422,-0.883418903917162,0.377009980743604,0.999624337131013,"62190ffd9d90006dafd12b3c042d9270","k__Bacteria;p__Firmicutes;c__Clostridia;o__Clostridiales;f__Ruminococcaceae;g__Ruminococcaceae UCG-002",0.998887585,"Higher in HC","g__Ruminococcaceae UCG-002",NA
0.732112331593502,-1.08057582081637,1.1931605977981,-0.905641556392746,0.365125605653671,0.999624337131013,"72bf9d68f520aefdcee74762f3d35a57","k__Bacteria;p__Firmicutes;c__Clostridia;o__Clostridiales;f__Lachnospiraceae",0.99978474,"Higher in HC",NA,NA
0.82173479578152,-0.24332232991173,0.915541087630771,-0.265768880500379,0.79041721128651,0.999624337131013,"31ba76c0bdd5ac79df2780bf1a9dd195","k__Bacteria;p__Firmicutes;c__Clostridia;o__Clostridiales;f__Ruminococcaceae;g__Ruminococcus 1;s__metagenome",0.995305489,"Higher in HC","g__Ruminococcus 1","s__metagenome"
0.779770550925246,0.172616998246592,0.713385080525536,0.241968893040809,0.808804266848076,0.999624337131013,"f58e7b79448a7910a3d3dad2092bfd32","k__Bacteria;p__Bacteroidetes;c__Bacteroidia;o__Bacteroidales;f__Bacteroidaceae;g__Bacteroides;s__uncultured organism",0.740531668,"Higher in RA","g__Bacteroides","s__uncultured organism"
0.253613297057605,0.730387429341792,1.8501896463312,0.394763548044981,0.69301739898969,0.999624337131013,"567b7f087970f22f4c9a2c11d9363c5c","k__Bacteria;p__Firmicutes;c__Clostridia;o__Clostridiales;f__Lachnospiraceae;g__Blautia",0.970688443,"Higher in RA","g__Blautia",NA
0.655516786030616,0.575167381884459,1.06847529998853,0.538306671095376,0.590365346520938,0.999624337131013,"6c812c5057f5da5e4af3cf88e18d9726","k__Bacteria;p__Firmicutes;c__Clostridia;o__Clostridiales;f__Lachnospiraceae;g__Lachnospiraceae NK4A136 group;s__gut metagenome",0.888123829,"Higher in RA","g__Lachnospiraceae NK4A136 group","s__gut metagenome"
0.73138149356117,-0.24830313512696,1.38405750672415,-0.179402325351824,0.857621805642574,0.999624337131013,"ba20d0d31d4d11a62b3ba3fe95e21a95","k__Bacteria;p__Firmicutes;c__Clostridia;o__Clostridiales;f__Ruminococcaceae;g__Ruminococcaceae UCG-014",0.999991039,"Higher in HC","g__Ruminococcaceae UCG-014",NA
0.811219871593828,-0.272186827966417,0.824669844849221,-0.330055512113677,0.741358017474702,0.999624337131013,"6bdec2d98a47a59e3358c754aff2f83c","k__Bacteria;p__Firmicutes;c__Clostridia;o__Clostridiales;f__Ruminococcaceae;g__Ruminococcus 1;s__uncultured Ruminococcus sp.",0.998320813,"Higher in HC","g__Ruminococcus 1","s__uncultured Ruminococcus sp."
0.550839217252256,1.03850258541942,1.43844983059912,0.721959545149293,0.470319350148011,0.999624337131013,"4940364682b4dcf6fa4065e7906fc34c","k__Bacteria;p__Firmicutes;c__Clostridia;o__Clostridiales;f__Lachnospiraceae;g__[Eubacterium] eligens group",0.997052067,"Higher in RA","g__[Eubacterium] eligens group",NA
0.678718899190738,1.01136189438616,1.25104353173517,0.808414630451284,0.418851932449066,0.999624337131013,"2df8d263f3fc7133fda2d8f15bd6fe29","k__Bacteria;p__Firmicutes;c__Clostridia;o__Clostridiales;f__Lachnospiraceae;g__Lachnoclostridium;s__human gut metagenome",0.984216552,"Higher in RA","g__Lachnoclostridium","s__human gut metagenome"
0.49472916695101,0.266968894842126,1.73566117648133,0.153813946212329,0.877756437212803,0.999624337131013,"7ff0f5c201b8e04c92401d66fa293095","k__Bacteria;p__Firmicutes;c__Clostridia;o__Clostridiales;f__Ruminococcaceae;g__Ruminococcaceae UCG-014",0.999775046,"Higher in RA","g__Ruminococcaceae UCG-014",NA
0.749467458383988,-0.65990023229022,0.656331053417962,-1.00543807710098,0.314685952638875,0.999624337131013,"ba2c8ba252dccc835a226c6caf926f7e","k__Bacteria;p__Firmicutes;c__Clostridia;o__Clostridiales;f__Lachnospiraceae;g__uncultured;s__uncultured Eubacterium sp.",0.993691639,"Higher in HC","g__uncultured","s__uncultured Eubacterium sp."
0.703643358239818,0.237989986843751,1.15566793450217,0.205932846052592,0.836843367858454,0.999624337131013,"b30050863135894f72c0bae2388296b6","k__Bacteria;p__Firmicutes;c__Clostridia;o__Clostridiales;f__Lachnospiraceae",0.999986821,"Higher in RA",NA,NA
0.817144423798216,-0.558138281143386,0.582164080067112,-0.958730193520431,0.337694683673183,0.999624337131013,"17f7bea8a76c1363c85b3b631267646e","k__Bacteria;p__Firmicutes;c__Clostridia;o__Clostridiales;f__Ruminococcaceae;g__Ruminococcaceae UCG-005",0.998705266,"Higher in HC","g__Ruminococcaceae UCG-005",NA
0.562221478482542,-0.960104269806962,1.70191406443357,-0.564132049832084,0.572664267660886,0.999624337131013,"91955be64098373e710c9fad94062cb6","k__Bacteria;p__Firmicutes;c__Clostridia;o__Clostridiales;f__Lachnospiraceae;g__Coprococcus 2",0.999880289,"Higher in HC","g__Coprococcus 2",NA
0.775481172697489,-0.366308134417227,0.82034454309587,-0.446529616732537,0.655214723953292,0.999624337131013,"956f6af570a7baf7b91e8639f250e276","k__Bacteria;p__Firmicutes;c__Clostridia;o__Clostridiales;f__Lachnospiraceae;g__Roseburia;s__gut metagenome",0.999678069,"Higher in HC","g__Roseburia","s__gut metagenome"
0.309750655380994,-1.38402357218933,2.39614352767538,-0.57760462017567,0.563531086957724,0.999624337131013,"913639465f5841097da26acbf026c44f","k__Bacteria;p__Firmicutes;c__Clostridia;o__Clostridiales;f__Lachnospiraceae",0.99997495,"Higher in HC",NA,NA
0.506900858467808,0.372168791291345,1.05600438524144,0.352431103973357,0.724514978847667,0.999624337131013,"e1100d1540f96ed2052e23feb35cbf13","k__Bacteria;p__Bacteroidetes;c__Bacteroidia;o__Bacteroidales;f__Rikenellaceae;g__Alistipes;s__Alistipes sp. AL-1",0.759102004,"Higher in RA","g__Alistipes","s__Alistipes sp. AL-1"
0.569016815753995,-0.200451476335118,0.849057429159626,-0.236087064844977,0.813365111021322,0.999624337131013,"3f63d75e04c9ba8048965480a10b2f80","k__Bacteria;p__Bacteroidetes;c__Bacteroidia;o__Bacteroidales;f__Bacteroidaceae;g__Bacteroides;s__Bacteroides salyersiae CL02T12C01",0.997877599,"Higher in HC","g__Bacteroides","s__Bacteroides salyersiae CL02T12C01"
0.742687400554869,0.579779021080212,1.03554476153404,0.559878281090754,0.57556246397025,0.999624337131013,"5eb3c7bb9a87d2d1ab892c4dfd5592b1","k__Bacteria;p__Firmicutes;c__Clostridia;o__Clostridiales;f__Lachnospiraceae;g__Blautia;s__Ruminococcus sp. Marseille-P328",0.8724692,"Higher in RA","g__Blautia","s__Ruminococcus sp. Marseille-P328"
0.838971236507969,-1.02365766513639,1.10000371557981,-0.930594734033992,0.352063239507693,0.999624337131013,"69ec4fe65752639686dda27902887fc3","k__Bacteria;p__Firmicutes;c__Clostridia;o__Clostridiales;f__Lachnospiraceae",0.998435181,"Higher in HC",NA,NA
0.685203399459226,-0.0273269867974225,1.05466408955337,-0.0259106070530901,0.979328639683073,0.999624337131013,"f8cb23376c126c0b335aa36afee67733","k__Bacteria;p__Firmicutes;c__Clostridia;o__Clostridiales;f__Lachnospiraceae",0.99998192,"Higher in HC",NA,NA
0.79093785444687,0.525092923517152,1.014297699141,0.517691131471408,0.604673786880121,0.999624337131013,"7e86a84613ff98e9a391b05f522b5003","k__Bacteria;p__Firmicutes;c__Clostridia;o__Clostridiales;f__Lachnospiraceae;g__Coprococcus 2",0.999975938,"Higher in RA","g__Coprococcus 2",NA
0.38963444763555,1.10589485324159,1.62059509530729,0.682400469089345,0.494985759228527,0.999624337131013,"5ed6c2a51a04ee451176c98251b50cb4","k__Bacteria;p__Firmicutes;c__Clostridia;o__Clostridiales;f__Lachnospiraceae;g__Lachnoclostridium;s__Lachnospiraceae bacterium 2_1_46FAA",0.994467561,"Higher in RA","g__Lachnoclostridium","s__Lachnospiraceae bacterium 2_1_46FAA"
0.778152373172252,-0.581595869979764,0.930050182166245,-0.625338160383054,0.531749139476077,0.999624337131013,"502e18e899ea36f20b6f9065a6c0c979","k__Bacteria;p__Firmicutes;c__Clostridia;o__Clostridiales;f__Lachnospiraceae;g__Agathobacter",0.765986797,"Higher in HC","g__Agathobacter",NA
0.643194035440005,0.581238045540592,1.06400317108815,0.546274730503071,0.584877103597848,0.999624337131013,"a438d7843e9aecd30dcf0ea8d7857c40","k__Bacteria;p__Firmicutes;c__Clostridia;o__Clostridiales;f__Lachnospiraceae;g__[Eubacterium] eligens group",0.999603254,"Higher in RA","g__[Eubacterium] eligens group",NA
0.751580159138198,-0.620654703327347,1.00832169268095,-0.615532431596442,0.538203158168646,0.999624337131013,"66d7daf684f4b54a526dc8f5d90a970e","k__Bacteria;p__Firmicutes;c__Clostridia;o__Clostridiales;f__Lachnospiraceae;g__Lachnospiraceae NK4A136 group;s__gut metagenome",0.927540498,"Higher in HC","g__Lachnospiraceae NK4A136 group","s__gut metagenome"
0.686441404610775,0.759255610947341,1.10321689679178,0.688219708341401,0.491314434785257,0.999624337131013,"64c31b8bb9ac027270a8320db7734677","k__Bacteria;p__Firmicutes;c__Clostridia;o__Clostridiales;f__Lachnospiraceae;g__[Eubacterium] eligens group",0.997202386,"Higher in RA","g__[Eubacterium] eligens group",NA
0.631653913077832,-0.196488698451604,0.844078248498234,-0.232784932914919,0.815928413347852,0.999624337131013,"cd1de685c6d7668068d3319b462f199d","k__Bacteria;p__Firmicutes;c__Clostridia;o__Clostridiales;f__Lachnospiraceae;g__[Eubacterium] ventriosum group;s__human gut metagenome",0.926150527,"Higher in HC","g__[Eubacterium] ventriosum group","s__human gut metagenome"
0.593214719865958,-0.234332942237089,1.30748795924853,-0.179223786023827,0.857761987556169,0.999624337131013,"cfa5a28489e96a85a4cf72a00ff4f079","k__Bacteria;p__Firmicutes;c__Negativicutes;o__Acidaminococcales;f__Acidaminococcaceae;g__Phascolarctobacterium",1,"Higher in HC","g__Phascolarctobacterium",NA
0.798196592873864,-0.566783947304637,0.942567810192552,-0.601319015115583,0.547627526933625,0.999624337131013,"a430bba4b97b27309bbde31ca2b935a8","k__Bacteria;p__Proteobacteria;c__Gammaproteobacteria;o__Betaproteobacteriales;f__Burkholderiaceae;g__Parasutterella;s__uncultured organism",0.879914042,"Higher in HC","g__Parasutterella","s__uncultured organism"
0.631677573761287,-0.0740207960922326,1.04809027727584,-0.0706244468602694,0.943696653210215,0.999624337131013,"3510bcb64745b70b4d541649da1fdbe6","k__Bacteria;p__Firmicutes;c__Clostridia;o__Clostridiales;f__Lachnospiraceae;g__[Eubacterium] eligens group",0.999335549,"Higher in HC","g__[Eubacterium] eligens group",NA
0.446460169415486,1.13024155400612,1.0913134028844,1.03567091819712,0.300355694238237,0.999624337131013,"cb4cb1bab39b0e13dd967b09cc4d8595","k__Bacteria;p__Firmicutes;c__Clostridia;o__Clostridiales;f__Lachnospiraceae;g__Blautia",0.951198729,"Higher in RA","g__Blautia",NA
0.665245510244997,0.604193318367491,0.927221183479237,0.651617250697789,0.514648116403521,0.999624337131013,"a2a75bf6e3ca3c40cf2e677aa4e7c80c","k__Bacteria;p__Firmicutes;c__Clostridia;o__Clostridiales;f__Lachnospiraceae;g__[Eubacterium] ventriosum group",0.999939998,"Higher in RA","g__[Eubacterium] ventriosum group",NA
0.524595367274129,-0.451504299837633,1.18071764469447,-0.382398198135226,0.702166026690093,0.999624337131013,"de9ab24e702235a48906b2cf6240bb30","k__Bacteria;p__Firmicutes;c__Clostridia;o__Clostridiales;f__Ruminococcaceae;g__Ruminococcaceae UCG-014",0.999691866,"Higher in HC","g__Ruminococcaceae UCG-014",NA
0.321083597708329,-0.193496765864133,1.13438863997522,-0.170573610353115,0.864559049672944,0.999624337131013,"2f849ddbf84185154ae310f83290a386","k__Bacteria;p__Proteobacteria;c__Gammaproteobacteria;o__Pasteurellales;f__Pasteurellaceae",1,"Higher in HC",NA,NA
0.281234505099287,-0.378960334077562,2.28612262773774,-0.165765532207066,0.868341472105138,0.999624337131013,"a0b9af35a7eb7d0c048a7721746396c6","k__Bacteria;p__Bacteroidetes;c__Bacteroidia;o__Bacteroidales;f__Bacteroidaceae;g__Bacteroides;s__Bacteroides massiliensis B84634 = Timone 84634 = DSM 17679 = JCM 13223",0.953444791,"Higher in HC","g__Bacteroides","s__Bacteroides massiliensis B84634 = Timone 84634 = DSM 17679 = JCM 13223"
0.69728701481258,-1.21625792235761,1.2462303493797,-0.975949528883641,0.329089476103252,0.999624337131013,"4ae9077a02437a1908231e1153f9ee77","k__Bacteria;p__Firmicutes;c__Clostridia;o__Clostridiales;f__Ruminococcaceae;g__Ruminococcaceae UCG-002",0.999879462,"Higher in HC","g__Ruminococcaceae UCG-002",NA
0.268055263715621,0.509443116656585,2.10478474923359,0.242040482686928,0.80874879498232,0.999624337131013,"6017faf85af68463cf391dccf45ac5cd","k__Bacteria;p__Firmicutes;c__Bacilli;o__Lactobacillales;f__Enterococcaceae;g__Enterococcus",0.993178828,"Higher in RA","g__Enterococcus",NA
0.764678243636874,-0.643447770277785,0.809674046216575,-0.794699760087991,0.42678817195289,0.999624337131013,"37533c6acc09af49e9c6c3b9e5a20460","k__Bacteria;p__Firmicutes;c__Clostridia;o__Clostridiales;f__Ruminococcaceae;g__Ruminococcus 1;s__Ruminococcus sp. UNK.MGS-30",0.997399601,"Higher in HC","g__Ruminococcus 1","s__Ruminococcus sp. UNK.MGS-30"
0.394685517874652,-1.49947908502815,1.57458697628176,-0.95229994126398,0.340944887609893,0.999624337131013,"1574ef5e996187cadafce07c2b61e8d1","k__Bacteria;p__Firmicutes;c__Clostridia;o__Clostridiales;f__Lachnospiraceae;g__Eisenbergiella;s__uncultured organism",0.81547475,"Higher in HC","g__Eisenbergiella","s__uncultured organism"
0.773771654285481,-0.389176677415754,0.669905100612033,-0.580942997836854,0.561278871848947,0.999624337131013,"13c47e2fbec7baa5a97caee194ebb1d4","k__Bacteria;p__Firmicutes;c__Clostridia;o__Clostridiales;f__Lachnospiraceae;g__Lachnospiraceae UCG-010;s__uncultured organism",0.89163688,"Higher in HC","g__Lachnospiraceae UCG-010","s__uncultured organism"
0.746029448453214,-0.549671665667016,1.07893740871193,-0.509456490458729,0.610432288510992,0.999624337131013,"0fc4f65dfa923ba2215e504b426e3382","k__Bacteria;p__Firmicutes;c__Clostridia;o__Clostridiales;f__Lachnospiraceae;g__Roseburia",0.971493924,"Higher in HC","g__Roseburia",NA
0.743527397325141,-0.529345501468595,0.915109174755954,-0.578450654928428,0.562959903134303,0.999624337131013,"a1e79fb8a7d788fc9633c10667c826fc","k__Bacteria;p__Firmicutes;c__Clostridia;o__Clostridiales;f__Lachnospiraceae;g__GCA-900066575",0.998731324,"Higher in HC","g__GCA-900066575",NA
0.65974428807642,-1.40663335896134,1.30886919726887,-1.07469360719655,0.282511926828918,0.999624337131013,"9e3c31c594dd69028cba8bb73c246715","k__Bacteria;p__Firmicutes;c__Clostridia;o__Clostridiales;f__Lachnospiraceae",0.998050177,"Higher in HC",NA,NA
0.223708502491492,-0.630506139808586,2.72383700501226,-0.231477191420912,0.816944102920643,0.999624337131013,"c210f4abb7d40e391acefbaa60128a29","k__Bacteria;p__Firmicutes;c__Negativicutes;o__Veillonellales;f__Veillonellaceae;g__Dialister;s__gut metagenome",0.999735727,"Higher in HC","g__Dialister","s__gut metagenome"
0.591100036301795,0.0762741728349205,0.380735589803549,0.200333708950814,0.841219600941617,0.999624337131013,"653b41e3ad01c57ddd3062e2ed77715c","k__Bacteria;p__Firmicutes;c__Erysipelotrichia;o__Erysipelotrichales;f__Erysipelotrichaceae;g__Holdemania;s__Holdemania massiliensis AP2",0.997764165,"Higher in RA","g__Holdemania","s__Holdemania massiliensis AP2"
0.741848997561649,-1.27736471512895,1.23097429344678,-1.03768593863343,0.299416293467132,0.999624337131013,"07281e5bccc24c4bd4885db9bb856a0a","k__Bacteria;p__Firmicutes;c__Clostridia;o__Clostridiales;f__Ruminococcaceae;g__Ruminococcaceae UCG-014;s__uncultured Acetivibrio sp.",0.810022339,"Higher in HC","g__Ruminococcaceae UCG-014","s__uncultured Acetivibrio sp."
0.618278009647602,0.56786545390092,1.00063244877821,0.567506535086179,0.570370087883128,0.999624337131013,"b164a244404845ce648d64f9d403d77a","k__Bacteria;p__Bacteroidetes;c__Bacteroidia;o__Bacteroidales;f__Tannerellaceae;g__Parabacteroides;s__bacterium NLAE-zl-P241",0.92223653,"Higher in RA","g__Parabacteroides","s__bacterium NLAE-zl-P241"
0.214201200069326,-0.929573414043007,2.47371507552544,-0.375780308427622,0.707080228283795,0.999624337131013,"1d9ecc6328f5698b26a303d6377518f8","k__Bacteria;p__Bacteroidetes;c__Bacteroidia;o__Bacteroidales;f__Prevotellaceae;g__Prevotella 2;s__uncultured organism",0.977260754,"Higher in HC","g__Prevotella 2","s__uncultured organism"
0.745905654109602,0.883405934172794,0.991358452478043,0.891106473107274,0.372872052585586,0.999624337131013,"a549fd67dc46be15f58d2833e835ef48","k__Bacteria;p__Firmicutes;c__Clostridia;o__Clostridiales;f__Lachnospiraceae;g__Dorea;s__Dorea formicigenerans ATCC 27755",0.989552586,"Higher in RA","g__Dorea","s__Dorea formicigenerans ATCC 27755"
0.596002076488335,1.06248146035517,1.54344888397113,0.688381371996923,0.49121265130582,0.999624337131013,"afebd8b1d1b40318c5e7cb3b2470235d","k__Bacteria;p__Firmicutes;c__Clostridia;o__Clostridiales;f__Lachnospiraceae;g__[Eubacterium] eligens group",0.999678629,"Higher in RA","g__[Eubacterium] eligens group",NA
0.741972100650035,-0.405415739126041,1.38501761843486,-0.292715221618755,0.769739834092759,0.999624337131013,"4147ac6a3eb8aab5e82e3b741ddd3644","k__Bacteria;p__Firmicutes;c__Clostridia;o__Clostridiales;f__Ruminococcaceae;g__Ruminococcaceae UCG-014;s__uncultured bacterium",0.718936278,"Higher in HC","g__Ruminococcaceae UCG-014","s__uncultured bacterium"
0.484911947137876,0.949117277059865,1.52097499735612,0.624018986971974,0.532615115791369,0.999624337131013,"f56f366d9e8cd59271b1f5097c46e83a","k__Bacteria;p__Firmicutes;c__Clostridia;o__Clostridiales;f__Lachnospiraceae;g__Lachnoclostridium;s__Lachnospiraceae bacterium 2_1_46FAA",0.994321734,"Higher in RA","g__Lachnoclostridium","s__Lachnospiraceae bacterium 2_1_46FAA"
0.504676180462881,0.959488182506606,1.17795854787222,0.814534759512345,0.415338667785477,0.999624337131013,"27b6b6073f2196bfbb34a865b70ee6c7","k__Bacteria;p__Firmicutes;c__Clostridia;o__Clostridiales;f__Lachnospiraceae;g__Sellimonas",0.999745033,"Higher in RA","g__Sellimonas",NA
0.683504534768216,0.0738727451026001,0.378285960030363,0.195282809588467,0.845171553957939,0.999624337131013,"8eabd26080ede084fb11157fd70a17b9","k__Bacteria;p__Patescibacteria;c__Saccharimonadia;o__Saccharimonadales;f__Saccharimonadaceae;g__TM7 phylum sp. oral clone DR034;s__TM7 phylum sp. oral clone DR034",0.905329344,"Higher in RA","g__TM7 phylum sp. oral clone DR034","s__TM7 phylum sp. oral clone DR034"
0.555923805227894,0.347349750143487,1.23220476597083,0.281892879930404,0.778025649232698,0.999624337131013,"495b7d0d1820f100e6c5860aa087d5eb","k__Bacteria;p__Firmicutes;c__Clostridia;o__Clostridiales;f__Lachnospiraceae",0.999976957,"Higher in RA",NA,NA
0.65427777553795,0.924454156723293,0.921102922579828,1.00363828412799,0.315552994356377,0.999624337131013,"4e990fd86bfae2c2fa478c7af36bcf5f","k__Bacteria;p__Firmicutes;c__Clostridia;o__Clostridiales;f__Peptostreptococcaceae;g__Intestinibacter;s__uncultured bacterium",0.927717395,"Higher in RA","g__Intestinibacter","s__uncultured bacterium"
0.661790076137639,0.605747299493509,1.0530972591626,0.575205465803973,0.565152346642946,0.999624337131013,"023ecefb14aa9227ac8eebeff5a0c1ed","k__Bacteria;p__Firmicutes;c__Clostridia;o__Clostridiales;f__Lachnospiraceae;g__Coprococcus 3",0.779350754,"Higher in RA","g__Coprococcus 3",NA
0.671748590845132,-0.405549571192743,0.551672922754698,-0.735126837778607,0.462262250953594,0.999624337131013,"1f838e1e2f95dc97688d8a25c85190a7","k__Bacteria;p__Bacteroidetes;c__Bacteroidia;o__Bacteroidales;f__Bacteroidaceae;g__Bacteroides;s__Bacteroides sp. HPS0048",0.996315414,"Higher in HC","g__Bacteroides","s__Bacteroides sp. HPS0048"
0.638294963455508,-0.37293577592333,1.12914007286666,-0.330283004637786,0.741186133419363,0.999624337131013,"f3487ec689574cc99922e397022f6478","k__Bacteria;p__Actinobacteria;c__Coriobacteriia;o__Coriobacteriales;f__Coriobacteriaceae;g__Collinsella;s__uncultured bacterium",0.788105131,"Higher in HC","g__Collinsella","s__uncultured bacterium"
0.451168477273505,-0.391666319660032,1.1239711448698,-0.348466525540034,0.727489849067444,0.999624337131013,"82c9caf82cb53861b8c088ed1a5f721d","k__Bacteria;p__Proteobacteria;c__Gammaproteobacteria;o__Betaproteobacteriales;f__Burkholderiaceae;g__Parasutterella",1,"Higher in HC","g__Parasutterella",NA
0.603957142286677,0.49552445953519,0.667808064183726,0.742016285983127,0.458077468300474,0.999624337131013,"61cfff4fa82de873d460403dfb5e4932","k__Bacteria;p__Firmicutes;c__Clostridia;o__Clostridiales;f__Ruminococcaceae;g__Ruminococcaceae UCG-005",0.997913768,"Higher in RA","g__Ruminococcaceae UCG-005",NA
0.216685383510969,-0.646501434139444,2.47838948324723,-0.260855462190062,0.794203971976915,0.999624337131013,"fa245fb92a6e856fb3f765798747bc55","k__Bacteria;p__Bacteroidetes;c__Bacteroidia;o__Bacteroidales;f__Prevotellaceae;g__Prevotella 9;s__uncultured bacterium",0.851041619,"Higher in HC","g__Prevotella 9","s__uncultured bacterium"
0.566736892545063,0.295444306147623,1.47517284735926,0.200277755028167,0.841263359009137,0.999624337131013,"e4431de37ea25c71077330decc9a3032","k__Bacteria;p__Firmicutes;c__Clostridia;o__Clostridiales;f__Ruminococcaceae;g__Ruminococcus 2;s__uncultured bacterium",0.868651432,"Higher in RA","g__Ruminococcus 2","s__uncultured bacterium"
0.712680312093986,-0.705512935306049,0.780399185576782,-0.904041096332789,0.365973610303811,0.999624337131013,"2b727e07c3fdb18122e4d559490575a5","k__Bacteria;p__Firmicutes;c__Clostridia;o__Clostridiales;f__Lachnospiraceae;g__Roseburia;s__gut metagenome",0.999522129,"Higher in HC","g__Roseburia","s__gut metagenome"
0.567930480298342,-1.16661522928427,1.40615813792403,-0.829647247930871,0.406738254978555,0.999624337131013,"20766ea20a65d53dd27d86fe3e918d3c","k__Bacteria;p__Proteobacteria;c__Gammaproteobacteria;o__Enterobacteriales;f__Enterobacteriaceae;g__Escherichia-Shigella;s__Streptomyces sp. Q1",0.88360937,"Higher in HC","g__Escherichia-Shigella","s__Streptomyces sp. Q1"
0.590982085894746,-0.160619099156648,0.938733906082874,-0.171101840591734,0.864143688632706,0.999624337131013,"79e172d18cbdef41a7575055d691fe5c","k__Bacteria;p__Proteobacteria;c__Gammaproteobacteria;o__Pasteurellales;f__Pasteurellaceae",1,"Higher in HC",NA,NA
0.708981165975621,0.52850639213959,1.30217219478733,0.405865210649737,0.684841641145251,0.999624337131013,"0693ecd64867ea5ae60230da2f4ba1c4","k__Bacteria;p__Firmicutes;c__Clostridia;o__Clostridiales;f__Lachnospiraceae",0.999990764,"Higher in RA",NA,NA
0.518718015240309,1.0654629618933,1.37314425498977,0.775929373786909,0.437790687879769,0.999624337131013,"e977ebe32e82afdfd83147ba98ca88d6","k__Bacteria;p__Firmicutes;c__Clostridia;o__Clostridiales;f__Lachnospiraceae;g__Lachnoclostridium;s__human gut metagenome",0.98165724,"Higher in RA","g__Lachnoclostridium","s__human gut metagenome"
0.732991862705707,-0.46626157620654,0.884333587541047,-0.527246259528617,0.598022588190899,0.999624337131013,"9244d187ee61ceb51abad8d14e804769","k__Bacteria;p__Firmicutes;c__Clostridia;o__Clostridiales;f__Lachnospiraceae;g__Lachnospiraceae FCS020 group;s__uncultured organism",0.906845445,"Higher in HC","g__Lachnospiraceae FCS020 group","s__uncultured organism"
0.618214852986183,-0.605096169619699,1.36393005199439,-0.443641643304878,0.657301692964916,0.999624337131013,"25066aa54100cfc699dcb1b53db1a8e6","k__Bacteria;p__Firmicutes;c__Clostridia;o__Clostridiales;f__Lachnospiraceae;g__Agathobacter",0.926485155,"Higher in HC","g__Agathobacter",NA
0.674680652969201,0.0328660256175457,0.849308741160121,0.0386973829712997,0.969131659934566,0.999624337131013,"99fa3d98b240deadb86cf393d3c147d6","k__Bacteria;p__Bacteroidetes;c__Bacteroidia;o__Bacteroidales;f__Bacteroidaceae;g__Bacteroides",0.999999997,"Higher in RA","g__Bacteroides",NA
0.348778668175247,1.20415342661148,1.30982187350552,0.919326093851808,0.35792503328434,0.999624337131013,"e0697d9b68747d53b489df4483c89225","k__Bacteria;p__Firmicutes;c__Bacilli;o__Lactobacillales;f__Enterococcaceae;g__Enterococcus",0.999535527,"Higher in RA","g__Enterococcus",NA
0.422190389471462,1.50383475406477,1.57937905191311,0.952168355179313,0.341011606957802,0.999624337131013,"9db793cd0792a44d308446dcbc9f800d","k__Bacteria;p__Firmicutes;c__Bacilli;o__Lactobacillales;f__Streptococcaceae;g__Streptococcus;s__Streptococcus salivarius subsp. salivarius",0.702373774,"Higher in RA","g__Streptococcus","s__Streptococcus salivarius subsp. salivarius"
0.546778122604148,0.804230235142599,1.27188820711973,0.632312046483887,0.52718299343075,0.999624337131013,"6a3d4f2304ba2768ae4c3f348aa78bbb","k__Bacteria;p__Firmicutes;c__Clostridia;o__Clostridiales;f__Lachnospiraceae",0.999990665,"Higher in RA",NA,NA
0.450614051031525,0.0768476330316839,1.48698851394257,0.0516800448094462,0.958783637923393,0.999624337131013,"c25f8b821001f4b767a6d9d7ab162244","k__Bacteria;p__Firmicutes;c__Clostridia;o__Clostridiales;f__Lachnospiraceae;g__Lachnoclostridium;s__human gut metagenome",0.906077692,"Higher in RA","g__Lachnoclostridium","s__human gut metagenome"
0.622780796317999,0.486428519023348,0.95472734759134,0.50949469526619,0.610405515687749,0.999624337131013,"807fac95a4c2910e32b2caf377682642","k__Bacteria;p__Firmicutes;c__Clostridia;o__Clostridiales;f__Lachnospiraceae;g__Dorea;s__Dorea formicigenerans ATCC 27755",0.988963074,"Higher in RA","g__Dorea","s__Dorea formicigenerans ATCC 27755"
0.791291582629624,0.246449416561316,0.65301866307845,0.3774002651004,0.705876169902494,0.999624337131013,"97230537ce63dd49afbfd4d3dc79b893","k__Bacteria;p__Firmicutes;c__Clostridia;o__Clostridiales;f__Lachnospiraceae",0.997049436,"Higher in RA",NA,NA
0.711355033156732,-0.762428215244169,0.908217060399174,-0.839477971168116,0.401201145795199,0.999624337131013,"096668def0a2785f8e179ebd6918562d","k__Bacteria;p__Firmicutes;c__Clostridia;o__Clostridiales;f__Ruminococcaceae;g__Ruminococcus 1;s__metagenome",0.996703679,"Higher in HC","g__Ruminococcus 1","s__metagenome"
0.512545141210081,-1.01150933447386,1.06713734245419,-0.947871744556897,0.34319475089163,0.999624337131013,"d5d2d49e9d0de21cf4bc6fb3a2ee54ff","k__Bacteria;p__Bacteroidetes;c__Bacteroidia;o__Bacteroidales;f__Bacteroidaceae;g__Bacteroides;s__Bacteroides salyersiae CL02T12C01",0.9645792,"Higher in HC","g__Bacteroides","s__Bacteroides salyersiae CL02T12C01"
0.494312872510386,-0.0447475980408978,1.24661000729079,-0.0358954266203477,0.971365742547424,0.999624337131013,"9862a361cd1e01cde129dac4207c039e","k__Bacteria;p__Firmicutes;c__Clostridia;o__Clostridiales;f__Lachnospiraceae;g__Lachnoclostridium;s__bacterium NLAE-zl-P408",0.822189886,"Higher in HC","g__Lachnoclostridium","s__bacterium NLAE-zl-P408"
0.436114389994803,0.0895786556948849,0.506064836941717,0.177010234965607,0.859500350189071,0.999624337131013,"75cc011463eb6eb170ea6750630cdcfb","k__Bacteria;p__Firmicutes;c__Erysipelotrichia;o__Erysipelotrichales;f__Erysipelotrichaceae;g__Coprobacillus",0.999792108,"Higher in RA","g__Coprobacillus",NA
0.37008501546944,0.764858809610267,2.13894436803071,0.357587051370794,0.720652369934139,0.999624337131013,"62d6d61a00b96346a462ebed72264451","k__Bacteria;p__Firmicutes;c__Clostridia;o__Clostridiales;f__Lachnospiraceae;g__Blautia",0.826891182,"Higher in RA","g__Blautia",NA
0.649415782979475,-0.816704478415941,1.0783456738879,-0.757367974103679,0.448829437476136,0.999624337131013,"02ca144c66bb3cae7fb0779b6adb25a5","k__Bacteria;p__Firmicutes;c__Clostridia;o__Clostridiales;f__Lachnospiraceae;g__Roseburia;s__metagenome",0.970858252,"Higher in HC","g__Roseburia","s__metagenome"
0.564917803921456,-0.0583683199193997,1.03797883641698,-0.0562326685974468,0.955156456549929,0.999624337131013,"adb5fe68713b8bcce34747afc45072f2","k__Bacteria;p__Firmicutes;c__Clostridia;o__Clostridiales;f__Lachnospiraceae;g__Coprococcus 3",0.772813607,"Higher in HC","g__Coprococcus 3",NA
0.395138771933331,0.0609981851957254,0.697268147389014,0.08748167462423,0.930288651112582,0.999624337131013,"c44f7bd52b1bc48fc6a269eb8c10dcc7","k__Bacteria;p__Firmicutes;c__Erysipelotrichia;o__Erysipelotrichales;f__Erysipelotrichaceae;g__Absiella;s__Absiella dolichum",0.999999698,"Higher in RA","g__Absiella","s__Absiella dolichum"
0.4051978738611,0.946396699137478,1.15674000679407,0.818158526184664,0.413266673541724,0.999624337131013,"ea5b3ae17114ad06c119a7fbd8f2cc59","k__Bacteria;p__Firmicutes;c__Clostridia;o__Clostridiales;f__Lachnospiraceae;g__Blautia",0.949106834,"Higher in RA","g__Blautia",NA
0.631494864878761,0.56142287689239,1.10966299024065,0.505939985229782,0.612898781201811,0.999624337131013,"c08a9dd34aee472585aadba3b669d5ec","k__Bacteria;p__Firmicutes;c__Clostridia;o__Clostridiales;f__Lachnospiraceae;g__Lachnospira;s__uncultured bacterium",0.800137038,"Higher in RA","g__Lachnospira","s__uncultured bacterium"
0.231574272509641,-1.24995627460531,2.59863421917394,-0.481005085433937,0.630512884389368,0.999624337131013,"6b00f2eb505cac55202e35d6bb15e284","k__Bacteria;p__Firmicutes;c__Clostridia;o__Clostridiales;f__Lachnospiraceae;g__Lachnoclostridium",0.951062431,"Higher in HC","g__Lachnoclostridium",NA
0.686438823033425,0.195241645926509,1.07270630885115,0.182008481087065,0.855576070128537,0.999624337131013,"74ff61dd01d93aa51c0b1b68ecff18d8","k__Bacteria;p__Firmicutes;c__Clostridia;o__Clostridiales;f__Ruminococcaceae;g__Ruminococcus 1;s__Ruminococcus sp. UNK.MGS-30",0.9680297,"Higher in RA","g__Ruminococcus 1","s__Ruminococcus sp. UNK.MGS-30"
0.476496137383297,-0.854818131103342,1.48141507392773,-0.577028103836509,0.563920470656055,0.999624337131013,"9a9cf0b083588347f4e7a1702b411b5d","k__Bacteria;p__Firmicutes;c__Clostridia;o__Clostridiales;f__Lachnospiraceae;g__Lachnospiraceae UCG-003",0.999788562,"Higher in HC","g__Lachnospiraceae UCG-003",NA
0.444386537470362,0.148753517747019,0.56576567506654,0.262924253454442,0.792608962243114,0.999624337131013,"5f2c47dc83b6647a7fd8d7d7c491044b","k__Bacteria;p__Actinobacteria;c__Actinobacteria;o__Actinomycetales;f__Actinomycetaceae;g__Actinomyces",0.999999994,"Higher in RA","g__Actinomyces",NA
0.650634446105607,-0.0409684227058507,0.958879508375714,-0.0427253083917174,0.965920504807654,0.999624337131013,"86b749236ce607d8655b814cc89cdabc","k__Bacteria;p__Firmicutes;c__Clostridia;o__Clostridiales;f__Lachnospiraceae;g__CAG-56",0.994839118,"Higher in HC","g__CAG-56",NA
0.47259050973951,0.773460587737527,1.05989448315119,0.729752442373262,0.465541519066784,0.999624337131013,"c070031fba62400e478f8eeae5d03eb8","k__Bacteria;p__Proteobacteria;c__Gammaproteobacteria;o__Pasteurellales;f__Pasteurellaceae",1,"Higher in RA",NA,NA
0.530099542325098,-0.820404838945079,1.26081095582968,-0.650696153258922,0.515242646850472,0.999624337131013,"22bec847fa4c4239aadb236532b3f78c","k__Bacteria;p__Firmicutes;c__Clostridia;o__Clostridiales;f__Lachnospiraceae",0.998664546,"Higher in HC",NA,NA
0.598739048292429,0.338671956964569,0.896955529932347,0.377579429149752,0.705743048539371,0.999624337131013,"a2f75e9c0387efa5894e53dd422fdc02","k__Bacteria;p__Firmicutes;c__Clostridia;o__Clostridiales;f__Lachnospiraceae;g__Lachnospiraceae ND3007 group",0.999961801,"Higher in RA","g__Lachnospiraceae ND3007 group",NA
0.661924194764022,0.548335101735096,1.08100080429242,0.507247635300338,0.611981075350228,0.999624337131013,"37f3fcc5634ec1ced6a23c2d3b759ac1","k__Bacteria;p__Firmicutes;c__Clostridia;o__Clostridiales;f__Ruminococcaceae;g__Ruminococcus 1;s__Ruminococcus sp. UNK.MGS-30",0.997734489,"Higher in RA","g__Ruminococcus 1","s__Ruminococcus sp. UNK.MGS-30"
0.424541191475804,-0.138280542042309,1.12554320133168,-0.122856716542469,0.902220561086495,0.999624337131013,"d3d725f1c3bad325573e51c805721759","k__Bacteria;p__Firmicutes;c__Clostridia;o__Clostridiales;f__Lachnospiraceae;g__Lachnoclostridium;s__[Clostridium] scindens",0.991806556,"Higher in HC","g__Lachnoclostridium","s__[Clostridium] scindens"
0.662944340377789,0.616019438691085,0.800931395410685,0.769128844518843,0.441816826270401,0.999624337131013,"dc7392a1f24a938a3df6bc62c20666b2","k__Bacteria;p__Actinobacteria;c__Coriobacteriia;o__Coriobacteriales;f__Coriobacteriaceae;g__Collinsella",0.999999901,"Higher in RA","g__Collinsella",NA
0.629397828683183,-0.292606616964408,1.00548308759374,-0.291010978279762,0.771042923255841,0.999624337131013,"f9ee7dd1c1775d7e283311be8e3d0ba3","k__Bacteria;p__Firmicutes;c__Clostridia;o__Clostridiales;f__Lachnospiraceae;g__CAG-56",0.995208737,"Higher in HC","g__CAG-56",NA
0.524255351930342,0.689647893874594,1.16375416224997,0.592606167389551,0.553444750690814,0.999624337131013,"7f3fad2da39e85087f2ca9dacb8b474e","k__Bacteria;p__Firmicutes;c__Clostridia;o__Clostridiales;f__Lachnospiraceae;g__[Eubacterium] eligens group",0.997551896,"Higher in RA","g__[Eubacterium] eligens group",NA
0.367275956760285,0.178888076571196,1.20453798398583,0.148511777087554,0.881938892247627,0.999624337131013,"d074635adbff018a84160fee70c0b3db","k__Bacteria;p__Firmicutes;c__Clostridia;o__Clostridiales;f__Lachnospiraceae;g__Blautia",0.999047005,"Higher in RA","g__Blautia",NA
0.217342956492144,-0.243398415404645,2.58868987897129,-0.0940237829883926,0.92509026433066,0.999624337131013,"9b418d33e5d9365cbab7f03e17578316","k__Bacteria;p__Firmicutes;c__Clostridia;o__Clostridiales;f__Lachnospiraceae;g__Agathobacter",0.893955408,"Higher in HC","g__Agathobacter",NA
0.439282093321818,0.334314139097515,1.68027359624619,0.198964109085799,0.842290820053419,0.999624337131013,"78a899270a0e9bcb753014c32f539126","k__Bacteria;p__Firmicutes;c__Clostridia;o__Clostridiales;f__Ruminococcaceae",0.89256599,"Higher in RA",NA,NA
0.562210338389298,0.0162172777039314,1.08076877591933,0.0150053166461406,0.98802793879038,0.999624337131013,"63aeefca74f78da6055eb50bce37db81","k__Bacteria;p__Firmicutes;c__Clostridia;o__Clostridiales;f__Lachnospiraceae;g__[Ruminococcus] torques group",0.972849456,"Higher in RA","g__[Ruminococcus] torques group",NA
0.62313889790197,0.510117224298711,0.942910839808315,0.541002608902463,0.588505784492023,0.999624337131013,"5f4e222446880aa6e85c972ad98467ea","k__Bacteria;p__Firmicutes;c__Clostridia;o__Clostridiales;f__Christensenellaceae;g__Christensenellaceae R-7 group;s__uncultured bacterium",0.928597951,"Higher in RA","g__Christensenellaceae R-7 group","s__uncultured bacterium"
0.36978903540844,-0.570695283057297,2.07258985209519,-0.275353699372974,0.783044512141172,0.999624337131013,"4b4caa4fbba4ff86d9034abe96f0433d","k__Bacteria;p__Firmicutes;c__Clostridia;o__Clostridiales;f__Lachnospiraceae;g__Roseburia",0.767094219,"Higher in HC","g__Roseburia",NA
0.599877636515732,-0.193875096915681,1.44452784649249,-0.134213471471967,0.893233773598177,0.999624337131013,"b71300c97330581d2052fcb5089ea01c","k__Bacteria;p__Firmicutes;c__Clostridia;o__Clostridiales;f__Ruminococcaceae;g__Ruminococcaceae UCG-014",0.999988471,"Higher in HC","g__Ruminococcaceae UCG-014",NA
0.607009796582324,0.823392421725179,0.984576049192318,0.836291338186255,0.402991024834593,0.999624337131013,"90c8d1ca6465ca4447a0f22945c51b4a","k__Bacteria;p__Firmicutes;c__Clostridia;o__Clostridiales;f__Ruminococcaceae;g__Butyricicoccus",0.999914904,"Higher in RA","g__Butyricicoccus",NA
0.46453656661964,0.251167894561961,1.51817060963694,0.165441151980953,0.868596765327143,0.999624337131013,"bbab714f1e844360112646b52969a478","k__Bacteria;p__Firmicutes;c__Clostridia;o__Clostridiales;f__Lachnospiraceae",0.999831442,"Higher in RA",NA,NA
0.486035220724502,-0.905062027896414,1.55982801995668,-0.580231933467609,0.561758221690922,0.999624337131013,"bf5051ffa54ca3152695f97a67a84907","k__Bacteria;p__Firmicutes;c__Clostridia;o__Clostridiales;f__Lachnospiraceae",0.999999144,"Higher in HC",NA,NA
0.680006799601195,-0.648569959552349,0.716318251314674,-0.905421519502001,0.365242119507321,0.999624337131013,"a1dc4f2db269f46053f91e26c76bd995","k__Bacteria;p__Firmicutes;c__Clostridia;o__Clostridiales;f__Lachnospiraceae;g__Coprococcus 1",0.999991664,"Higher in HC","g__Coprococcus 1",NA
0.382611808374097,0.543085259490024,1.06178856983402,0.511481546250702,0.609013906967584,0.999624337131013,"830ac3a3c72cb51ee8c2f3d62a48aee7","k__Bacteria;p__Bacteroidetes;c__Bacteroidia;o__Bacteroidales;f__Bacteroidaceae;g__Bacteroides;s__Bacteroides ovatus V975",0.836379732,"Higher in RA","g__Bacteroides","s__Bacteroides ovatus V975"
0.615391730666738,-0.462753946303834,1.0751685444613,-0.430401306555793,0.666903745080015,0.999624337131013,"6fb2b6581581d43684273a22487338a9","k__Bacteria;p__Firmicutes;c__Clostridia;o__Clostridiales;f__Lachnospiraceae;g__Lachnospiraceae FCS020 group;s__uncultured Clostridium sp.",0.986346276,"Higher in HC","g__Lachnospiraceae FCS020 group","s__uncultured Clostridium sp."
0.643691996161481,0.245269235814179,0.946475294681174,0.2591396069105,0.795527526364476,0.999624337131013,"3889edcb75ffc3883c72e1f37ef48acd","k__Bacteria;p__Firmicutes;c__Clostridia;o__Clostridiales;f__Christensenellaceae;g__Christensenellaceae R-7 group;s__uncultured bacterium",0.972566522,"Higher in RA","g__Christensenellaceae R-7 group","s__uncultured bacterium"
0.613427183546551,0.910893488227032,0.949706286391965,0.959131787668389,0.33749235846974,0.999624337131013,"1332e1426e757b23ad43dedc6299dd94","k__Bacteria;p__Firmicutes;c__Clostridia;o__Clostridiales;f__Lachnospiraceae;g__Lachnospiraceae ND3007 group",0.999963594,"Higher in RA","g__Lachnospiraceae ND3007 group",NA
0.39454932506095,-0.587699681775081,1.92342836638132,-0.305547995468509,0.759948821371832,0.999624337131013,"6504344eef1841d240f6b365750d6d37","k__Bacteria;p__Firmicutes;c__Clostridia;o__Clostridiales;f__Ruminococcaceae;g__Ruminococcaceae UCG-014",0.999994708,"Higher in HC","g__Ruminococcaceae UCG-014",NA
0.575466487333716,0.218135866786698,1.51219951144535,0.144250718992896,0.885302491748613,0.999624337131013,"bcc11d6e33ced42b6ec14c73ba774c34","k__Bacteria;p__Firmicutes;c__Clostridia;o__Clostridiales;f__Ruminococcaceae;g__Ruminococcus 2;s__uncultured bacterium",0.776860476,"Higher in RA","g__Ruminococcus 2","s__uncultured bacterium"
0.644066406297624,0.481860264984887,1.06378386325624,0.452968203061393,0.650571637958148,0.999624337131013,"1761c584e2b32c1c3263a962796899b4","k__Bacteria;p__Firmicutes;c__Clostridia;o__Clostridiales;f__Lachnospiraceae;g__Roseburia",0.974974702,"Higher in RA","g__Roseburia",NA
0.23918219626132,-0.740900386792285,2.60098886356108,-0.28485334834456,0.775756498455739,0.999624337131013,"6d5b0c6a41b6e0924c67ee7f29fe1a0b","k__Bacteria;p__Firmicutes;c__Clostridia;o__Clostridiales;f__Lachnospiraceae;g__Fusicatenibacter;s__uncultured organism",0.812976093,"Higher in HC","g__Fusicatenibacter","s__uncultured organism"
0.668381930952424,-0.60408632077805,0.958545198940779,-0.630211618028637,0.528556138989912,0.999624337131013,"75038b08150097a317d5d66148cb0d3e","k__Bacteria;p__Firmicutes;c__Clostridia;o__Clostridiales;f__Ruminococcaceae;g__Butyricicoccus;s__uncultured bacterium",0.783946418,"Higher in HC","g__Butyricicoccus","s__uncultured bacterium"
0.300834677603908,-0.825756339610282,1.90844534185181,-0.432685349431612,0.665243374676099,0.999624337131013,"57f41cbe39ef0a1ebb6e860c63a25470","k__Bacteria;p__Bacteroidetes;c__Bacteroidia;o__Bacteroidales;f__Bacteroidaceae;g__Bacteroides",1,"Higher in HC","g__Bacteroides",NA
0.354640465773115,0.227606727881361,1.65499040762488,0.13752752090449,0.890613840879684,0.999624337131013,"8a450325dc36204811e67fc5a8909a18","k__Bacteria;p__Firmicutes;c__Clostridia;o__Clostridiales;f__Lachnospiraceae;g__Hungatella",0.982308119,"Higher in RA","g__Hungatella",NA
0.609973186923539,-0.258645601442863,0.768419428882209,-0.336594302175707,0.736422752030694,0.999624337131013,"24b6a5eeb666f2b5b6b5a4ff427a961d","k__Bacteria;p__Firmicutes;c__Clostridia;o__Clostridiales;f__Ruminococcaceae;g__Ruminococcaceae UCG-002",0.998647708,"Higher in HC","g__Ruminococcaceae UCG-002",NA
0.493735353655022,-0.889980842654967,1.27999030010154,-0.695302802360583,0.486865558426381,0.999624337131013,"bda8471652521360ac3fb106d77f4934","k__Bacteria;p__Bacteroidetes;c__Bacteroidia;o__Bacteroidales;f__Tannerellaceae;g__Parabacteroides;s__Parabacteroides distasonis CL03T12C09",0.975012907,"Higher in HC","g__Parabacteroides","s__Parabacteroides distasonis CL03T12C09"
0.404031634373615,0.158920049759941,1.20975140480157,0.131365873293619,0.895485883838877,0.999624337131013,"6bb18bb1dfbe41a4a303daaeab730316","k__Bacteria;p__Bacteroidetes;c__Bacteroidia;o__Bacteroidales;f__Barnesiellaceae;g__Barnesiella;s__uncultured bacterium",0.822033712,"Higher in RA","g__Barnesiella","s__uncultured bacterium"
0.555363415307953,0.643064205101193,1.29640378957105,0.496036968014395,0.619868328968271,0.999624337131013,"e426fc933681d4daf5884ef73264eb8a","k__Bacteria;p__Proteobacteria;c__Gammaproteobacteria;o__Enterobacteriales;f__Enterobacteriaceae;g__Escherichia-Shigella;s__Streptomyces sp. Q1",0.883046636,"Higher in RA","g__Escherichia-Shigella","s__Streptomyces sp. Q1"
0.548854060174206,-1.57072148458658,1.6020051182779,-0.980472201159412,0.326853085131968,0.999624337131013,"8b03490b84e7df65008e48d4587e5ed1","k__Bacteria;p__Firmicutes;c__Clostridia;o__Clostridiales;f__Ruminococcaceae;g__Ruminococcaceae UCG-014",0.996373296,"Higher in HC","g__Ruminococcaceae UCG-014",NA
0.326420090576396,-0.824725303522892,1.48009539228474,-0.557210912095204,0.577383335050047,0.999624337131013,"8380a759ee294a0fd7c74bc5e97e7ab8","k__Bacteria;p__Bacteroidetes;c__Bacteroidia;o__Bacteroidales;f__Bacteroidaceae;g__Bacteroides",0.999999999,"Higher in HC","g__Bacteroides",NA
0.431361781398998,0.519907310506708,0.839807255641492,0.619079326850508,0.53586410155116,0.999624337131013,"0802523ecdbe68ee9610551fbcef28b4","k__Bacteria;p__Firmicutes;c__Clostridia;o__Clostridiales;f__Ruminococcaceae;g__CAG-352;s__uncultured Ruminococcus sp.",0.869770424,"Higher in RA","g__CAG-352","s__uncultured Ruminococcus sp."
0.602747899550142,-0.0065770665407364,0.236362952516242,-0.0278261312558466,0.977800824300921,0.999624337131013,"3a8515985c2481956df197adb06ab705","k__Bacteria;p__Firmicutes;c__Erysipelotrichia;o__Erysipelotrichales;f__Erysipelotrichaceae;g__Solobacterium;s__unidentified",0.993193111,"Higher in HC","g__Solobacterium","s__unidentified"
0.642006723104641,-0.184097859063854,0.922588231258946,-0.199544989656585,0.841836454242815,0.999624337131013,"0ba06f997eee789324d2753da18c00a1","k__Bacteria;p__Firmicutes;c__Clostridia;o__Clostridiales;f__Lachnospiraceae;g__Lachnospiraceae FCS020 group;s__uncultured organism",0.905476876,"Higher in HC","g__Lachnospiraceae FCS020 group","s__uncultured organism"
0.678658643193505,-0.48064655357931,0.663381523931862,-0.724540157118815,0.468734182917876,0.999624337131013,"0eaabedfe8229a76bfa59f3172d85c26","k__Bacteria;p__Firmicutes;c__Clostridia;o__Clostridiales;f__Ruminococcaceae;g__Ruminococcaceae UCG-005",0.998904014,"Higher in HC","g__Ruminococcaceae UCG-005",NA
0.327944029451862,-1.60404384313688,2.13011537839918,-0.753031436420284,0.451431023515507,0.999624337131013,"1038ab4159f6430116d1357faedca54c","k__Bacteria;p__Bacteroidetes;c__Bacteroidia;o__Bacteroidales;f__Bacteroidaceae;g__Bacteroides",1,"Higher in HC","g__Bacteroides",NA
0.59760056756478,-0.147635063566232,0.976537973391629,-0.151182102067652,0.879832068491138,0.999624337131013,"6a134b336e63a10b76731a287fa0b16c","k__Bacteria;p__Firmicutes;c__Clostridia;o__Clostridiales;f__Lachnospiraceae;g__Lachnospiraceae NK4A136 group;s__gut metagenome",0.92734108,"Higher in HC","g__Lachnospiraceae NK4A136 group","s__gut metagenome"
0.428243981601147,0.716792700775644,1.20364686061266,0.595517443057008,0.551497642946583,0.999624337131013,"4f5cd307d4740d15adde6c098f025cd7","k__Bacteria;p__Proteobacteria;c__Gammaproteobacteria;o__Enterobacteriales;f__Enterobacteriaceae",0.999838193,"Higher in RA",NA,NA
0.362112551380624,-0.170007734896665,1.27786468968477,-0.133040482508835,0.894161364638247,0.999624337131013,"85e61b1fce9ded987793fff47bc695b4","k__Bacteria;p__Actinobacteria;c__Coriobacteriia;o__Coriobacteriales;f__Coriobacteriaceae;g__Collinsella;s__uncultured bacterium",0.700058028,"Higher in HC","g__Collinsella","s__uncultured bacterium"
0.363044733363447,-0.999164186274215,1.9146391367969,-0.521855093772797,0.601771226686144,0.999624337131013,"19ee76b8cff1d919749e7f02ab5e6fff","k__Bacteria;p__Firmicutes;c__Clostridia;o__Clostridiales;f__Ruminococcaceae;g__Ruminococcaceae UCG-014",0.999997596,"Higher in HC","g__Ruminococcaceae UCG-014",NA
0.476443363947447,0.690629358855321,1.08518021310379,0.63641904866659,0.524503328475988,0.999624337131013,"ea27fc09a93dabee8ef4ec8879e69548","k__Bacteria;p__Firmicutes;c__Clostridia;o__Clostridiales;f__Clostridiaceae 1;g__Clostridium sensu stricto 1",0.999589826,"Higher in RA","g__Clostridium sensu stricto 1",NA
0.308643036616852,-0.202863855942149,1.73272548923177,-0.11707789676026,0.90679832509199,0.999624337131013,"db602c12e3b6da2b6658a29d4bc9930d","k__Bacteria;p__Bacteroidetes;c__Bacteroidia;o__Bacteroidales;f__Bacteroidaceae;g__Bacteroides;s__Bacteroides fragilis",0.883170982,"Higher in HC","g__Bacteroides","s__Bacteroides fragilis"
0.452915721064088,-1.53830313394329,1.50844354692329,-1.01979496487018,0.307825711674894,0.999624337131013,"ef7c8b4b7a6ef3efae8639ddfb6de161","k__Bacteria;p__Firmicutes;c__Clostridia;o__Clostridiales;f__Lachnospiraceae;g__Lachnospiraceae UCG-001;s__metagenome",0.7500457,"Higher in HC","g__Lachnospiraceae UCG-001","s__metagenome"
0.587470895996102,-0.401994618358109,1.28275284612871,-0.313384312162167,0.753988701473504,0.999624337131013,"aaf2df5d93d7e039ba04842083d8f1e0","k__Bacteria;p__Firmicutes;c__Clostridia;o__Clostridiales;f__Ruminococcaceae;g__Ruminococcaceae UCG-014;s__gut metagenome",0.996041519,"Higher in HC","g__Ruminococcaceae UCG-014","s__gut metagenome"
0.644890946895983,-0.296383385342368,1.34362770748893,-0.220584454823628,0.825416006181244,0.999624337131013,"0854117436b2ba38d0106009a6419e84","k__Bacteria;p__Firmicutes;c__Clostridia;o__Clostridiales;f__Lachnospiraceae;g__Agathobacter;s__metagenome",0.723271474,"Higher in HC","g__Agathobacter","s__metagenome"
0.438118489546982,0.841502824563659,1.30167212080815,0.646478334375945,0.517969623806595,0.999624337131013,"08b090d2174aca6c78b3d06735d86959","k__Bacteria;p__Firmicutes;c__Clostridia;o__Clostridiales;f__Lachnospiraceae",0.999985688,"Higher in RA",NA,NA
0.565633846273124,-0.595133557748349,0.914267168716042,-0.650940532606163,0.515084875299316,0.999624337131013,"0a42fb8a150678a69e63760d0c1c29cb","k__Bacteria;p__Firmicutes;c__Clostridia;o__Clostridiales;f__Ruminococcaceae;g__Ruminococcaceae NK4A214 group",0.999993868,"Higher in HC","g__Ruminococcaceae NK4A214 group",NA
0.42415603817027,0.263238085061234,1.32096538002493,0.199277050740169,0.842046030002983,0.999624337131013,"5c583e8680affc25e371e3babd7f5869","k__Bacteria;p__Firmicutes;c__Clostridia;o__Clostridiales;f__Lachnospiraceae;g__Blautia",0.987124998,"Higher in RA","g__Blautia",NA
0.649644550269233,0.241990427520683,0.863129377644394,0.280364026284345,0.779198233581141,0.999624337131013,"0c6462390be4bae8424775511068cebc","k__Bacteria;p__Firmicutes;c__Clostridia;o__Clostridiales;f__Ruminococcaceae;g__Ruminococcus 1;s__uncultured Ruminococcus sp.",0.998274798,"Higher in RA","g__Ruminococcus 1","s__uncultured Ruminococcus sp."
0.672302059269944,-0.0130164859122082,0.763534974495569,-0.0170476616618742,0.986398592778493,0.999624337131013,"706a7558c0e9ecbc36fa29c66e501495","k__Bacteria;p__Firmicutes;c__Clostridia;o__Clostridiales;f__Ruminococcaceae;g__Ruminococcaceae UCG-002",0.999382212,"Higher in HC","g__Ruminococcaceae UCG-002",NA
0.486877109442213,-0.246569002398887,1.3394479351086,-0.184082558146536,0.853948689237631,0.999624337131013,"f5a4cae9d70efa7e5d01319cc32343bf","k__Bacteria;p__Firmicutes;c__Erysipelotrichia;o__Erysipelotrichales;f__Erysipelotrichaceae;g__Erysipelotrichaceae UCG-003",0.999999639,"Higher in HC","g__Erysipelotrichaceae UCG-003",NA
0.575392729341884,0.428482752880282,1.15499674009858,0.370981785492929,0.710651098296736,0.999624337131013,"a2ffad925ddd28c8e99073c5f607ee0f","k__Bacteria;p__Firmicutes;c__Clostridia;o__Clostridiales;f__Lachnospiraceae",0.999980219,"Higher in RA",NA,NA
0.609740992367584,0.637305399104636,1.07361088027285,0.593609296268185,0.552773461853556,0.999624337131013,"a8c7ccc5473fb94152f25eec7dbb3e2d","k__Bacteria;p__Firmicutes;c__Clostridia;o__Clostridiales;f__Lachnospiraceae",0.999986277,"Higher in RA",NA,NA
0.494701707170737,1.11810795819303,1.42207002377204,0.786253798689354,0.431718813688477,0.999624337131013,"a8c7b3d7c1d651a3f8d0878e94e82f59","k__Bacteria;p__Firmicutes;c__Clostridia;o__Clostridiales;f__Lachnospiraceae;g__[Eubacterium] eligens group",0.999324801,"Higher in RA","g__[Eubacterium] eligens group",NA
0.396627788287702,-0.372103060140103,1.11598888549084,-0.333429001827777,0.738810474144511,0.999624337131013,"901dd116d9f9293d5ec22b1e2cc8df29","k__Bacteria;p__Proteobacteria;c__Gammaproteobacteria;o__Enterobacteriales;f__Enterobacteriaceae;g__Citrobacter",0.744561392,"Higher in HC","g__Citrobacter",NA
0.240085807363864,-1.44315076702679,2.0270909465659,-0.711931928595326,0.476506929537382,0.999624337131013,"dcc2ddbdb038c4edb5752fb330eca38d","k__Bacteria;p__Firmicutes;c__Clostridia;o__Clostridiales;f__Lachnospiraceae;g__Tyzzerella 3;s__unidentified",0.98250547,"Higher in HC","g__Tyzzerella 3","s__unidentified"
0.403567171624819,0.726945093544324,1.77494007558233,0.40956035842834,0.682128481535309,0.999624337131013,"3ef75ee1f372fd4fbe4c700aebe64894","k__Bacteria;p__Firmicutes;c__Clostridia;o__Clostridiales;f__Lachnospiraceae;g__[Eubacterium] eligens group",0.999598355,"Higher in RA","g__[Eubacterium] eligens group",NA
0.525831884616292,0.0525062052706657,1.2459774692359,0.042140573619574,0.966386635811787,0.999624337131013,"7753b355b5953bcb21774a952ea85964","k__Bacteria;p__Firmicutes;c__Clostridia;o__Clostridiales;f__Lachnospiraceae;g__Lachnospiraceae UCG-004;s__uncultured Clostridium sp.",0.857983036,"Higher in RA","g__Lachnospiraceae UCG-004","s__uncultured Clostridium sp."
0.545294996635537,-0.883430829790591,0.900024370137756,-0.981563232177118,0.326315068657577,0.999624337131013,"976a857f0d188e39682ba645ce3c77f2","k__Bacteria;p__Firmicutes;c__Negativicutes;o__Selenomonadales;f__Veillonellaceae;g__Allisonella;s__uncultured bacterium",0.990847977,"Higher in HC","g__Allisonella","s__uncultured bacterium"
0.462299532184693,-0.778506606758148,0.773604522882101,-1.00633667944156,0.314253641939956,0.999624337131013,"af7442d14f9669114239088bb34fb2ae","k__Bacteria;p__Proteobacteria;c__Deltaproteobacteria;o__Desulfovibrionales;f__Desulfovibrionaceae;g__Bilophila;s__gut metagenome",0.999999308,"Higher in HC","g__Bilophila","s__gut metagenome"
0.228957135586941,-0.887485704816687,2.26935034079867,-0.391074788613003,0.69574195541657,0.999624337131013,"614b167699e8275555ddbac326b16632","k__Bacteria;p__Firmicutes;c__Clostridia;o__Clostridiales;f__Lachnospiraceae;g__Roseburia;s__uncultured Roseburia sp.",0.995252564,"Higher in HC","g__Roseburia","s__uncultured Roseburia sp."
0.612362858879836,0.556023234852944,0.821887094692323,0.6765202160293,0.498710415202614,0.999624337131013,"7be59e5a6135e5e3038993755401930f","k__Bacteria;p__Firmicutes;c__Clostridia;o__Clostridiales;f__Ruminococcaceae;g__Subdoligranulum",0.999996619,"Higher in RA","g__Subdoligranulum",NA
0.630213569412341,-1.10751237880816,1.05376524052788,-1.05100485023909,0.293256362219115,0.999624337131013,"840c8ce35394877349cc71f08727e15f","k__Bacteria;p__Firmicutes;c__Clostridia;o__Clostridiales;f__Lachnospiraceae;g__Marvinbryantia",0.971619057,"Higher in HC","g__Marvinbryantia",NA
0.608377087604575,-0.190126726227192,1.00196022999855,-0.189754763247905,0.84950130545329,0.999624337131013,"bc0cb09192181f80733ccdfaa9cd44ad","k__Bacteria;p__Firmicutes;c__Clostridia;o__Clostridiales;f__Lachnospiraceae;g__[Eubacterium] ventriosum group;s__uncultured bacterium",0.971963452,"Higher in HC","g__[Eubacterium] ventriosum group","s__uncultured bacterium"
0.211048325946095,0.309561911709547,2.18604507961314,0.141608201311351,0.887389488511508,0.999624337131013,"9edf790008e65af3fac9f1032be0252c","k__Bacteria;p__Bacteroidetes;c__Bacteroidia;o__Bacteroidales;f__Prevotellaceae;g__Prevotellaceae NK3B31 group",0.999999846,"Higher in RA","g__Prevotellaceae NK3B31 group",NA
0.618093315946509,-0.367238116479789,0.399980218081026,-0.918140697661692,0.358545210610653,0.999624337131013,"e962a82c741e6d2a0381fbd0e24eea12","k__Bacteria;p__Firmicutes;c__Clostridia;o__Clostridiales;f__Lachnospiraceae;g__uncultured;s__bacterium enrichment culture clone LA92",0.99826097,"Higher in HC","g__uncultured","s__bacterium enrichment culture clone LA92"
0.396949561240237,-1.32350002004085,1.75449584873896,-0.754347763770493,0.450640428823599,0.999624337131013,"3afc7ef8a9a389b049d2b9ffc3d6c9ed","k__Bacteria;p__Firmicutes;c__Clostridia;o__Clostridiales;f__Lachnospiraceae",0.999751486,"Higher in HC",NA,NA
0.451893547176879,0.514683723417372,1.35912721966078,0.378686936713569,0.704920355146538,0.999624337131013,"245ec6db9728d7f26aab939abe2b058a","k__Bacteria;p__Firmicutes;c__Clostridia;o__Clostridiales;f__Lachnospiraceae;g__[Eubacterium] eligens group",0.999657497,"Higher in RA","g__[Eubacterium] eligens group",NA
0.464132021976399,-0.32171945617593,1.58748878037343,-0.202659357441412,0.839401291983027,0.999624337131013,"09a402dea446c395cd7694927b39a9e7","k__Bacteria;p__Firmicutes;c__Clostridia;o__Clostridiales;f__Lachnospiraceae",0.998018899,"Higher in HC",NA,NA
0.552105281381107,0.282515456181181,0.994685826190031,0.284024813405965,0.776391365014157,0.999624337131013,"af1f84e9e4caa5bed974f0815738b04e","k__Bacteria;p__Firmicutes;c__Clostridia;o__Clostridiales;f__Ruminococcaceae;g__Butyricicoccus",0.999926506,"Higher in RA","g__Butyricicoccus",NA
0.371901842216382,1.11950124330543,1.81243089186023,0.617679409644363,0.536786687416713,0.999624337131013,"5b4ebcf35a9a8d2dc630201f69e1d8fd","k__Bacteria;p__Firmicutes;c__Clostridia;o__Clostridiales;f__Lachnospiraceae;g__[Ruminococcus] gnavus group",0.771464004,"Higher in RA","g__[Ruminococcus] gnavus group",NA
0.575318978918786,0.472081282018946,1.17123453654778,0.403062979521087,0.686901893964633,0.999624337131013,"df135fb3979779d9396e7f7967f97891","k__Bacteria;p__Firmicutes;c__Clostridia;o__Clostridiales;f__Ruminococcaceae;g__Ruminococcus 1;s__Ruminococcus sp. UNK.MGS-30",0.972504733,"Higher in RA","g__Ruminococcus 1","s__Ruminococcus sp. UNK.MGS-30"
0.477523503555417,0.491212000951114,1.36419709135519,0.360074071454839,0.718791742097559,0.999624337131013,"0ed98f69d10c6abd13a68a63730b4d2f","k__Bacteria;p__Firmicutes;c__Clostridia;o__Clostridiales;f__Lachnospiraceae;g__Lachnospiraceae UCG-006;s__uncultured organism",0.897120208,"Higher in RA","g__Lachnospiraceae UCG-006","s__uncultured organism"
0.488229350437901,-0.4529985152226,1.38998566586967,-0.325901573192968,0.744498825391361,0.999624337131013,"096d43bbe4fa0f39e0bd9a5461dbfc50","k__Bacteria;p__Firmicutes;c__Clostridia;o__Clostridiales;f__Ruminococcaceae;g__Ruminococcus 1;s__uncultured Ruminococcus sp.",0.994423969,"Higher in HC","g__Ruminococcus 1","s__uncultured Ruminococcus sp."
0.471333730125595,-0.120310179469337,1.83288779989364,-0.0656396858969319,0.947664692450976,0.999624337131013,"01aa5ce7bc19094ae7dad1fcaaa63bc8","k__Bacteria;p__Firmicutes;c__Clostridia;o__Clostridiales;f__Ruminococcaceae;g__Ruminococcaceae UCG-014;s__uncultured Ruminococcaceae bacterium",0.713896607,"Higher in HC","g__Ruminococcaceae UCG-014","s__uncultured Ruminococcaceae bacterium"
0.647869023705032,-0.925838569618105,0.856979478817326,-1.08035092146641,0.279985942004805,0.999624337131013,"6c56cb38eed2b2a455339b5b9d6aed3a","k__Bacteria;p__Firmicutes;c__Clostridia;o__Clostridiales;f__Ruminococcaceae;g__[Eubacterium] coprostanoligenes group;s__uncultured organism",0.9390417,"Higher in HC","g__[Eubacterium] coprostanoligenes group","s__uncultured organism"
0.585391400303239,1.4025928260982,1.29650231991751,1.08182824245732,0.279328854692049,0.999624337131013,"0e3c1ad90339de995baa21001f4ab35d","k__Bacteria;p__Firmicutes;c__Clostridia;o__Clostridiales;f__Clostridiaceae 1;g__Clostridium sensu stricto 1",0.999572084,"Higher in RA","g__Clostridium sensu stricto 1",NA
0.636070908270305,-0.379593608957388,0.967449574544569,-0.392365265276057,0.694788346893353,0.999624337131013,"54330aa15389db6f1ee603bddd479bec","k__Bacteria;p__Firmicutes;c__Clostridia;o__Clostridiales;f__Ruminococcaceae;g__Ruminococcus 1;s__Ruminococcus sp. UNK.MGS-30",0.997698071,"Higher in HC","g__Ruminococcus 1","s__Ruminococcus sp. UNK.MGS-30"
0.24640862289371,0.179802557100108,1.25040186430707,0.143795816555143,0.885661706449207,0.999624337131013,"df6808f99462c9bc772846cae1c1dc77","k__Bacteria;p__Tenericutes;c__Mollicutes;o__Mollicutes RF39;f__gut metagenome;g__gut metagenome;s__gut metagenome",0.960360699,"Higher in RA","g__gut metagenome","s__gut metagenome"
0.503478270827325,-0.549542890715973,1.48431458081583,-0.370233438260727,0.711208563848389,0.999624337131013,"7dc2e03edfbab4d0465c67458369e71f","k__Bacteria;p__Bacteroidetes;c__Bacteroidia;o__Bacteroidales;f__Bacteroidaceae;g__Bacteroides;s__Bacteroides stercoris CC31F",0.815139568,"Higher in HC","g__Bacteroides","s__Bacteroides stercoris CC31F"
0.5069021801238,-0.619559075584127,1.08156998070206,-0.572833091375152,0.56675771100285,0.999624337131013,"badec21198ea212cfe6a822f22bd9283","k__Bacteria;p__Firmicutes;c__Clostridia;o__Clostridiales;f__Lachnospiraceae;g__[Eubacterium] xylanophilum group;s__uncultured organism",0.804132136,"Higher in HC","g__[Eubacterium] xylanophilum group","s__uncultured organism"
0.51016578676339,0.788258800210982,1.1049261367347,0.713404067479537,0.47559575687425,0.999624337131013,"4f1fd7f74e61a57bdef7eb4a3549d2a4","k__Bacteria;p__Firmicutes;c__Clostridia;o__Clostridiales;f__Lachnospiraceae;g__Anaerostipes",0.999934721,"Higher in RA","g__Anaerostipes",NA
0.499597985057506,0.787429999670554,1.20004522782234,0.656166935557474,0.511716720615162,0.999624337131013,"76ca24abc30342e50aee351a6d7db5da","k__Bacteria;p__Firmicutes;c__Clostridia;o__Clostridiales;f__Lachnospiraceae;g__[Ruminococcus] gauvreauii group;s__unidentified",0.836865867,"Higher in RA","g__[Ruminococcus] gauvreauii group","s__unidentified"
0.526100505189564,0.36560139508371,1.34771339374416,0.271275329592157,0.786179279423482,0.999624337131013,"2cdcfa38dc79c3fc479b97c02a28acdd","k__Bacteria;p__Firmicutes;c__Clostridia;o__Clostridiales;f__Lachnospiraceae",0.999994351,"Higher in RA",NA,NA
0.519637149034029,0.714724571736491,1.33908816251347,0.533739743016585,0.593521608390916,0.999624337131013,"8089e46899ce40ae370852b561aee612","k__Bacteria;p__Firmicutes;c__Clostridia;o__Clostridiales;f__Lachnospiraceae",0.999993177,"Higher in RA",NA,NA
0.232359786850752,-0.38616590164497,2.59136392938654,-0.149020327583392,0.881537592968178,0.999624337131013,"7a388f4bd696bad440e13ecc6d8fae06","k__Bacteria;p__Firmicutes;c__Clostridia;o__Clostridiales;f__Ruminococcaceae;g__Faecalibacterium;s__metagenome",0.938535123,"Higher in HC","g__Faecalibacterium","s__metagenome"
0.250955206982793,-1.31429977927358,2.4780204549637,-0.530382942013623,0.595846450467466,0.999624337131013,"2d754c187aa6b6bfc042ff36affe2721","k__Bacteria;p__Firmicutes;c__Clostridia;o__Clostridiales;f__Ruminococcaceae;g__Ruminococcus 2",0.999467511,"Higher in HC","g__Ruminococcus 2",NA
0.416898677805009,-0.214202934192553,1.40242653096936,-0.152737365888604,0.878605392751979,0.999624337131013,"f335611811696b617ccad19b838e5720","k__Bacteria;p__Firmicutes;c__Clostridia;o__Clostridiales;f__Ruminococcaceae;g__Ruminococcaceae UCG-014",0.999737469,"Higher in HC","g__Ruminococcaceae UCG-014",NA
0.358142475954919,-0.81882043196158,1.99075939836103,-0.411310594658353,0.680844801900649,0.999624337131013,"235184b5c8b5b6023245ba9ea7bf373d","k__Bacteria;p__Firmicutes;c__Clostridia;o__Clostridiales;f__Lachnospiraceae;g__Anaerostipes",0.999834065,"Higher in HC","g__Anaerostipes",NA
0.484188127258147,0.811026487693989,1.25942635671439,0.643964995150495,0.519598133394164,0.999624337131013,"137b1da6f50aebe3a526759bb305e621","k__Bacteria;p__Firmicutes;c__Clostridia;o__Clostridiales;f__Lachnospiraceae;g__[Ruminococcus] gauvreauii group;s__unidentified",0.857763585,"Higher in RA","g__[Ruminococcus] gauvreauii group","s__unidentified"
0.567161172223721,-0.193654150271167,1.02236506636482,-0.18941780841528,0.849765368016376,0.999624337131013,"10c08b5c967d0af28b3f72c8e4c5cc91","k__Bacteria;p__Bacteroidetes;c__Bacteroidia;o__Bacteroidales;f__Bacteroidaceae;g__Bacteroides;s__Bacteroides salyersiae CL02T12C01",0.989789133,"Higher in HC","g__Bacteroides","s__Bacteroides salyersiae CL02T12C01"
0.432981949618784,-0.820993600569408,1.41261178998926,-0.581188410281957,0.56111347789728,0.999624337131013,"ff88d2813deedc68531b7fefef30e211","k__Bacteria;p__Firmicutes;c__Clostridia;o__Clostridiales;f__Lachnospiraceae;g__Anaerostipes",0.999952011,"Higher in HC","g__Anaerostipes",NA
0.244944327720648,0.212893045975291,1.47023043753893,0.144802502070125,0.884866806682304,0.999624337131013,"fd8f9ad0fd2e42e1659c96fc835ba0a2","k__Bacteria;p__Firmicutes;c__Clostridia;o__Clostridiales;f__Lachnospiraceae;g__Hungatella",0.995906487,"Higher in RA","g__Hungatella",NA
0.260083230075491,-0.335661472842559,0.806419190572569,-0.416236960586509,0.67723661637419,0.999624337131013,"31cf9c022fc9b75b68e1a3864bdd5908","k__Bacteria;p__Firmicutes;c__Erysipelotrichia;o__Erysipelotrichales;f__Erysipelotrichaceae;g__Erysipelatoclostridium",0.997236004,"Higher in HC","g__Erysipelatoclostridium",NA
0.408401009258923,-0.850966751566341,0.955484126054699,-0.890613175417239,0.373136728432373,0.999624337131013,"c2a4e0ae7891fb083cd61042ff8933fd","k__Bacteria;p__Firmicutes;c__Negativicutes;o__Selenomonadales;f__Veillonellaceae;g__Allisonella;s__uncultured bacterium",0.962587583,"Higher in HC","g__Allisonella","s__uncultured bacterium"
0.274351151457697,0.180759127475138,1.28117064550528,0.141089032994389,0.887799607388392,0.999624337131013,"e1a221adfe18da1b5319dd9c6aa88dd1","k__Bacteria;p__Proteobacteria;c__Gammaproteobacteria;o__Pasteurellales;f__Pasteurellaceae;g__Haemophilus",0.737528479,"Higher in RA","g__Haemophilus",NA
0.533544203471533,-0.916022818070769,1.14013962569319,-0.803430384689802,0.421726018794395,0.999624337131013,"80efd3a90cc1372dc8abca3ef0a63b4e","k__Bacteria;p__Firmicutes;c__Clostridia;o__Clostridiales;f__Lachnospiraceae",0.999612862,"Higher in HC",NA,NA
0.475938720431271,0.277444968178469,1.33771354768755,0.207402375985559,0.835695627175266,0.999624337131013,"028c093ed08852d618a5503b93d56ce9","k__Bacteria;p__Bacteroidetes;c__Bacteroidia;o__Bacteroidales;f__Bacteroidaceae;g__Bacteroides;s__Bacteroides dorei",0.711298066,"Higher in RA","g__Bacteroides","s__Bacteroides dorei"
0.472198330898402,-0.799037506853591,1.17084297321972,-0.682446344326006,0.494956759593069,0.999624337131013,"c3ce272ed21e2ac4e4b387dc8954a4b8","k__Bacteria;p__Firmicutes;c__Clostridia;o__Clostridiales;f__Ruminococcaceae;g__Ruminococcaceae UCG-014;s__gut metagenome",0.997603249,"Higher in HC","g__Ruminococcaceae UCG-014","s__gut metagenome"
0.555721205542303,-0.273048546845356,0.725332877380755,-0.376445843502034,0.706585469940079,0.999624337131013,"8640bc41d47acbb62bf4705bca41f778","k__Bacteria;p__Firmicutes;c__Clostridia;o__Clostridiales;f__Lachnospiraceae;g__uncultured",0.812491609,"Higher in HC","g__uncultured",NA
0.558980811411686,1.1200794517789,1.24560215467373,0.899227291455909,0.368531606364237,0.999624337131013,"7245dc0d603a6c9abb1b12232a781182","k__Bacteria;p__Firmicutes;c__Clostridia;o__Clostridiales;f__Lachnospiraceae;g__Dorea;s__Dorea formicigenerans ATCC 27755",0.99029174,"Higher in RA","g__Dorea","s__Dorea formicigenerans ATCC 27755"
0.549911141400849,0.457542759554297,1.24884187994445,0.366373651382231,0.714086278137347,0.999624337131013,"ba42a5d8705cb3fbb07ad8f2323b4226","k__Bacteria;p__Firmicutes;c__Clostridia;o__Clostridiales;f__Lachnospiraceae;g__Agathobacter",0.747686031,"Higher in RA","g__Agathobacter",NA
0.454496849119252,0.144754679982032,0.655477719875473,0.220838444378449,0.825218228215523,0.999624337131013,"81d6920cf865bb04df2c87805d54dab3","k__Bacteria;p__Bacteroidetes;c__Bacteroidia;o__Bacteroidales;f__Bacteroidaceae;g__Bacteroides;s__Bacteroides sp. HPS0048",0.939221729,"Higher in RA","g__Bacteroides","s__Bacteroides sp. HPS0048"
0.365837413809975,0.124048133856227,1.45058880208561,0.0855157117426214,0.931851405061837,0.999624337131013,"559d67799c71fc99fc6941cbe466d201","k__Bacteria;p__Proteobacteria;c__Gammaproteobacteria;o__Pasteurellales;f__Pasteurellaceae",1,"Higher in RA",NA,NA
0.4880108473888,0.349616280896555,1.15836202095005,0.3018195301412,0.762789641864288,0.999624337131013,"109c18e063d9a6f3e6cf70bd35095684","k__Bacteria;p__Firmicutes;c__Clostridia;o__Clostridiales;f__Lachnospiraceae;g__[Eubacterium] hallii group",0.999994708,"Higher in RA","g__[Eubacterium] hallii group",NA
0.398070359934488,-0.119528188513291,1.70834957692912,-0.0699670548273567,0.944219881790833,0.999624337131013,"7d6635362909b54931639cc1508e2a6d","k__Bacteria;p__Firmicutes;c__Clostridia;o__Clostridiales;f__Ruminococcaceae;g__Ruminococcus 1;s__Ruminococcus sp. UNK.MGS-30",0.997731425,"Higher in HC","g__Ruminococcus 1","s__Ruminococcus sp. UNK.MGS-30"
0.23396007363502,-0.427661647907547,2.19111274650784,-0.195180119594096,0.845251942019005,0.999624337131013,"f3d93f1270577732361ffc61981c583f","k__Bacteria;p__Bacteroidetes;c__Bacteroidia;o__Bacteroidales;f__Bacteroidaceae;g__Bacteroides;s__Bacteroides uniformis CL03T12C37",0.894138213,"Higher in HC","g__Bacteroides","s__Bacteroides uniformis CL03T12C37"
0.29584012182136,-1.0192792494707,2.38427033628129,-0.427501543747112,0.669014060959984,0.999624337131013,"9b576633a065217a577901401871ebda","k__Bacteria;p__Firmicutes;c__Clostridia;o__Clostridiales;f__Lachnospiraceae;g__Agathobacter",0.90802413,"Higher in HC","g__Agathobacter",NA
0.345247808766179,-0.912209613035419,1.23142806461417,-0.740773772539633,0.458830620175938,0.999624337131013,"14fe7c7c700c73ff4f0387d99e3323c7","k__Bacteria;p__Firmicutes;c__Clostridia;o__Clostridiales;f__Lachnospiraceae;g__Eisenbergiella",0.999470645,"Higher in HC","g__Eisenbergiella",NA
0.57022831659956,-0.277889166658056,0.944424623212133,-0.294241763533136,0.768573169693344,0.999624337131013,"b16af05d4c80a3f1111d6942e9755806","k__Bacteria;p__Firmicutes;c__Clostridia;o__Clostridiales;f__Lachnospiraceae;g__Roseburia;s__gut metagenome",0.999602147,"Higher in HC","g__Roseburia","s__gut metagenome"
0.512065560529057,-0.415564353727457,1.3390285353201,-0.31034764589846,0.756296602340857,0.999624337131013,"2dfbe6c406bc550e59a0216310e887f5","k__Bacteria;p__Firmicutes;c__Clostridia;o__Clostridiales;f__Lachnospiraceae;g__Lachnospiraceae NK4A136 group;s__metagenome",0.967972693,"Higher in HC","g__Lachnospiraceae NK4A136 group","s__metagenome"
0.449110854154014,-0.222875721812765,1.23237298985723,-0.180850865482361,0.856484636449453,0.999624337131013,"af035c98c32422ab1399178955d84610","k__Bacteria;p__Firmicutes;c__Clostridia;o__Clostridiales;f__Lachnospiraceae;g__Dorea;s__Dorea formicigenerans ATCC 27755",0.987770621,"Higher in HC","g__Dorea","s__Dorea formicigenerans ATCC 27755"
0.525321280228511,-0.989565256479906,1.52795841920769,-0.647638865063512,0.517218553798116,0.999624337131013,"6d04c0a083e59ccada5dbb7c60e7cda6","k__Bacteria;p__Firmicutes;c__Clostridia;o__Clostridiales;f__Ruminococcaceae;g__Ruminococcus 1;s__gut metagenome",0.999752801,"Higher in HC","g__Ruminococcus 1","s__gut metagenome"
0.500871209581585,-0.922025542103016,0.932964558663332,-0.988274992379144,0.323017989396795,0.999624337131013,"992671ae84e4f1858f1e3e310dcd3e16","k__Bacteria;p__Firmicutes;c__Clostridia;o__Clostridiales;f__Lachnospiraceae;g__Lachnoclostridium;s__Clostridiales bacterium VE202-15",0.968176386,"Higher in HC","g__Lachnoclostridium","s__Clostridiales bacterium VE202-15"
0.407511931325432,-0.79232343682808,1.53936803292887,-0.514706957582178,0.606757810802517,0.999624337131013,"6d79fc24e52b3c7f9452aaa9e000593e","k__Bacteria;p__Firmicutes;c__Clostridia;o__Clostridiales;f__Lachnospiraceae;g__Lachnospiraceae UCG-003",0.999855577,"Higher in HC","g__Lachnospiraceae UCG-003",NA
0.588665831954832,-0.696613503217446,0.748731296143599,-0.930391859944163,0.352168231627588,0.999624337131013,"885bf93e500878be66fd978563c698bb","k__Bacteria;p__Firmicutes;c__Clostridia;o__Clostridiales;f__Lachnospiraceae;g__Coprococcus 1",0.999994883,"Higher in HC","g__Coprococcus 1",NA
0.410635854624978,-1.17001459080039,2.14971259874119,-0.544265587635073,0.58625872391501,0.999624337131013,"6c185fa4f23f16f97a9f1088ff499157","k__Bacteria;p__Firmicutes;c__Clostridia;o__Clostridiales;f__Lachnospiraceae;g__Roseburia",0.807250959,"Higher in HC","g__Roseburia",NA
0.329181026238061,0.981083691028428,1.61211907931496,0.608567756325619,0.54281098207433,0.999624337131013,"710dc4fb1215cba1b12916e50dbd4d1a","k__Bacteria;p__Firmicutes;c__Clostridia;o__Clostridiales;f__Lachnospiraceae;g__Blautia",0.953890587,"Higher in RA","g__Blautia",NA
0.304339096243886,-0.338998813387324,1.78237404800514,-0.190195101733409,0.849156249316724,0.999624337131013,"c5791772d9c1e07ef7df2d6ea0da0c28","k__Bacteria;p__Firmicutes;c__Clostridia;o__Clostridiales;f__Ruminococcaceae;g__Ruminococcaceae UCG-014;s__uncultured bacterium",0.73693147,"Higher in HC","g__Ruminococcaceae UCG-014","s__uncultured bacterium"
0.54958799549682,0.0703678140199388,1.32574133086309,0.0530780872420472,0.957669690684449,0.999624337131013,"c56e0542610aa3a66239ed7939cae732","k__Bacteria;p__Firmicutes;c__Clostridia;o__Clostridiales;f__Lachnospiraceae;g__Agathobacter",0.794647636,"Higher in RA","g__Agathobacter",NA
0.399944425212009,0.365341804954679,1.38061866740727,0.264621805846484,0.791300820158829,0.999624337131013,"b675589b6f236ce033bf8ac240683844","k__Bacteria;p__Firmicutes;c__Clostridia;o__Clostridiales;f__Lachnospiraceae;g__[Eubacterium] eligens group",0.999648183,"Higher in RA","g__[Eubacterium] eligens group",NA
0.399720762749898,0.642326259540811,1.58041361848882,0.406429210699285,0.684427260411784,0.999624337131013,"7f16d6f521cfcaaf70f816fae986e43f","k__Bacteria;p__Firmicutes;c__Clostridia;o__Clostridiales;f__Lachnospiraceae;g__[Ruminococcus] gauvreauii group;s__unidentified",0.869005072,"Higher in RA","g__[Ruminococcus] gauvreauii group","s__unidentified"
0.390146036485218,-0.494260371515578,1.80246217812439,-0.274214004329288,0.78392016656063,0.999624337131013,"be5777c72b7566e8d600d7b42517c94e","k__Bacteria;p__Firmicutes;c__Clostridia;o__Clostridiales;f__Ruminococcaceae;g__Faecalibacterium;s__uncultured bacterium",0.832838573,"Higher in HC","g__Faecalibacterium","s__uncultured bacterium"
0.285301687074768,-0.277050062580791,1.89600657607439,-0.146122943916372,0.883824334191165,0.999624337131013,"1ebf8f8aa281b1d7294ba3e64836d80c","k__Bacteria;p__Firmicutes;c__Clostridia;o__Clostridiales;f__Ruminococcaceae;g__Ruminococcaceae UCG-002;s__uncultured bacterium",0.709138782,"Higher in HC","g__Ruminococcaceae UCG-002","s__uncultured bacterium"
0.502889968278788,0.708624979878624,1.03646625617643,0.683693246794908,0.494168888751308,0.999624337131013,"9ef5554206f21f79acf2100a89dce0db","k__Bacteria;p__Firmicutes;c__Clostridia;o__Clostridiales;f__Christensenellaceae;g__Christensenellaceae R-7 group;s__uncultured bacterium",0.956863794,"Higher in RA","g__Christensenellaceae R-7 group","s__uncultured bacterium"
0.286717960154717,0.394505376777003,1.00668172107807,0.391886897831544,0.695141784284004,0.999624337131013,"ab638628df554f461fbe4da6a36a9c4c","k__Bacteria;p__Firmicutes;c__Clostridia;o__Clostridiales;f__Ruminococcaceae;g__CAG-352;s__uncultured Ruminococcus sp.",0.885506259,"Higher in RA","g__CAG-352","s__uncultured Ruminococcus sp."
0.291763133881352,0.65780303888709,1.12761399074296,0.583358351605481,0.559652088683011,0.999624337131013,"8992cfc8639b3b876c5e4bdc4cf266b0","k__Bacteria;p__Firmicutes;c__Bacilli;o__Lactobacillales;f__Streptococcaceae;g__Streptococcus;s__Streptococcus anginosus C238",0.981776106,"Higher in RA","g__Streptococcus","s__Streptococcus anginosus C238"
0.336491545056648,0.552344966076208,1.21639972342961,0.454081791895582,0.649769958053024,0.999624337131013,"759463dac6fd7a42320ce0161b84cb89","k__Bacteria;p__Firmicutes;c__Clostridia;o__Clostridiales;f__Lachnospiraceae;g__uncultured;s__Coprococcus sp. HPP0074",0.945536744,"Higher in RA","g__uncultured","s__Coprococcus sp. HPP0074"
0.305834043370157,-0.788317535333458,1.2309347997004,-0.640421844865651,0.521898384717617,0.999624337131013,"2e68420dbad09b5db8cf0d2b46c9a12e","k__Bacteria;p__Tenericutes;c__Mollicutes;o__Mollicutes RF39",0.999981263,"Higher in HC",NA,NA
0.519160955935781,1.26597166721668,1.42414136529419,0.888936799441374,0.374037046801275,0.999624337131013,"bfd59673ae1a52a705cc616728d01b3c","k__Bacteria;p__Firmicutes;c__Negativicutes;o__Selenomonadales;f__Selenomonadaceae;g__Megamonas;s__uncultured bacterium",0.99408993,"Higher in RA","g__Megamonas","s__uncultured bacterium"
0.313379946032996,0.807531412510537,1.70125247564063,0.474668765555477,0.63502308408917,0.999624337131013,"5ed102e67bc80c840c65619674d63ea0","k__Bacteria;p__Firmicutes;c__Clostridia;o__Clostridiales;f__Lachnospiraceae;g__[Ruminococcus] gnavus group",0.800800976,"Higher in RA","g__[Ruminococcus] gnavus group",NA
0.400586529411239,-0.714667290710759,0.699394712670772,-1.02183685087018,0.306858124750377,0.999624337131013,"0896845e120ceb25ef3995763f3b99d5","k__Bacteria;p__Bacteroidetes;c__Bacteroidia;o__Bacteroidales;f__Tannerellaceae;g__Parabacteroides;s__uncultured bacterium",0.719352214,"Higher in HC","g__Parabacteroides","s__uncultured bacterium"
0.465360772036543,-0.505904791490539,0.481134591846102,-1.05148289078404,0.293036863288263,0.999624337131013,"04efd70be70fc91eb221b4dfadf35845","k__Bacteria;p__Firmicutes;c__Clostridia;o__Clostridiales;f__Ruminococcaceae;g__Ruminiclostridium 5;s__uncultured organism",0.999982621,"Higher in HC","g__Ruminiclostridium 5","s__uncultured organism"
0.516914731190724,0.0105595211019589,0.873922639443695,0.0120829014209778,0.990359474087587,0.999624337131013,"5d28ef919c92524d191cdd6d394ca1ff","k__Bacteria;p__Bacteroidetes;c__Bacteroidia;o__Bacteroidales;f__Bacteroidaceae;g__Bacteroides",0.999999999,"Higher in RA","g__Bacteroides",NA
0.481707265073466,0.359666343162086,1.49442676706079,0.240671775352011,0.809809516047044,0.999624337131013,"da50f7924567e7609dbd30cc028d93e4","k__Bacteria;p__Firmicutes;c__Clostridia;o__Clostridiales;f__Lachnospiraceae;g__Lachnospira;s__uncultured bacterium",0.806542839,"Higher in RA","g__Lachnospira","s__uncultured bacterium"
0.226547580140083,-0.0937341483560083,1.82011650131121,-0.0514989827785652,0.95892791240271,0.999624337131013,"de6e6f0a49f8cd2314e919ac7f951808","k__Bacteria;p__Bacteroidetes;c__Bacteroidia;o__Bacteroidales;f__Bacteroidaceae;g__Bacteroides;s__Bacteroides ovatus V975",0.955233942,"Higher in HC","g__Bacteroides","s__Bacteroides ovatus V975"
0.516956420474089,0.225245997430798,1.16368897766352,0.193562027100275,0.84651883377938,0.999624337131013,"a72328c81a57d896451d4557e68940f5","k__Bacteria;p__Firmicutes;c__Clostridia;o__Clostridiales;f__Lachnospiraceae;g__Coprococcus 3",0.78590877,"Higher in RA","g__Coprococcus 3",NA
0.457275634203764,-0.920838795002153,1.16018338760355,-0.793701069021697,0.427369477763558,0.999624337131013,"28d6c999a91851563d06c03979eaeb6c","k__Bacteria;p__Firmicutes;c__Clostridia;o__Clostridiales;f__Lachnospiraceae;g__Lachnospiraceae NK4A136 group;s__metagenome",0.779027707,"Higher in HC","g__Lachnospiraceae NK4A136 group","s__metagenome"
0.229139162860296,0.199223664752417,2.4757295578147,0.0804706895886761,0.935862906936506,0.999624337131013,"cb5e22f0461c1b37b8d03aec694e03ec","k__Bacteria;p__Firmicutes;c__Clostridia;o__Clostridiales;f__Lachnospiraceae;g__Roseburia",0.929897655,"Higher in RA","g__Roseburia",NA
0.294069885824178,0.81733254335286,1.35518659149848,0.603114396556348,0.546432589792363,0.999624337131013,"afe6bc5afecd429343b33db953bc48be","k__Bacteria;p__Firmicutes;c__Clostridia;o__Clostridiales;f__Lachnospiraceae;g__Blautia",0.999039166,"Higher in RA","g__Blautia",NA
0.525458763129157,-1.25639698952717,1.30833917280512,-0.960299145391648,0.336904680062278,0.999624337131013,"40831d67b5f8626a84cc9a368935dbf2","k__Bacteria;p__Firmicutes;c__Negativicutes;o__Selenomonadales;f__Selenomonadaceae;g__Megamonas;s__uncultured bacterium",0.977737703,"Higher in HC","g__Megamonas","s__uncultured bacterium"
0.388055003241538,-0.510320934392518,1.52790611278838,-0.334000191583236,0.738379414099921,0.999624337131013,"b6397474666a0d657864d74b3c6a7730","k__Bacteria;p__Firmicutes;c__Clostridia;o__Clostridiales;f__Ruminococcaceae;g__Ruminococcus 1",0.999923752,"Higher in HC","g__Ruminococcus 1",NA
0.393570120277097,-0.00175030879135897,1.15473853476661,-0.00151576200036724,0.998790597365163,0.999624337131013,"23730748ef25114830af649eb9034cc4","k__Bacteria;p__Firmicutes;c__Clostridia;o__Clostridiales;f__Ruminococcaceae;g__Ruminococcaceae UCG-013;s__uncultured Clostridium sp.",0.72091906,"Higher in HC","g__Ruminococcaceae UCG-013","s__uncultured Clostridium sp."
0.344051875895472,-0.595221250997617,1.09580667381357,-0.543180896066421,0.587005258606433,0.999624337131013,"8054505273eae48ddee09eaef863d23b","k__Bacteria;p__Firmicutes;c__Clostridia;o__Clostridiales;f__Ruminococcaceae;g__Ruminococcaceae NK4A214 group",0.999995312,"Higher in HC","g__Ruminococcaceae NK4A214 group",NA
0.310101804389183,0.535225277089793,1.31305970382788,0.40761686275916,0.683554982307287,0.999624337131013,"a5da6d25b5502b6211cda4509786c11b","k__Bacteria;p__Firmicutes;c__Clostridia;o__Clostridiales;f__Lachnospiraceae;g__Blautia",0.945380384,"Higher in RA","g__Blautia",NA
0.445513826060757,0.369319934198864,1.25655118158219,0.293915552038106,0.768822433909662,0.999624337131013,"17b5a35d65992381dd953948058fa0d4","k__Bacteria;p__Firmicutes;c__Clostridia;o__Clostridiales;f__Lachnospiraceae;g__[Eubacterium] eligens group",0.997252835,"Higher in RA","g__[Eubacterium] eligens group",NA
0.367891128462499,-0.341739479422309,1.65247310183183,-0.206804866622929,0.836162255298986,0.999624337131013,"f71c51667a62f3a8f94a9c69514562df","k__Bacteria;p__Firmicutes;c__Clostridia;o__Clostridiales;f__Ruminococcaceae;g__Ruminococcaceae UCG-014",0.99974116,"Higher in HC","g__Ruminococcaceae UCG-014",NA
0.460634214766383,0.354114717015118,0.760117646718582,0.465868301497573,0.6413097718326,0.999624337131013,"87ea0980c714579dd4f1e05958a74d85","k__Bacteria;p__Bacteroidetes;c__Bacteroidia;o__Bacteroidales;f__Bacteroidaceae;g__Bacteroides",0.999999999,"Higher in RA","g__Bacteroides",NA
0.46853635656749,-0.860949529437642,1.14949240116645,-0.748982358268739,0.453867838635262,0.999624337131013,"fbaebd8112b03caae20c09f4319681ab","k__Bacteria;p__Firmicutes;c__Clostridia;o__Clostridiales;f__Lachnospiraceae;g__Roseburia;s__metagenome",0.963084933,"Higher in HC","g__Roseburia","s__metagenome"
0.55377669569466,-0.873429041216801,0.817604542130234,-1.06827811761065,0.28539507623003,0.999624337131013,"0e73e4c771fb298ac0a4ca63f5a9de22","k__Bacteria;p__Bacteroidetes;c__Bacteroidia;o__Bacteroidales;f__Odoribacteraceae;g__Butyricimonas;s__uncultured bacterium",0.993439213,"Higher in HC","g__Butyricimonas","s__uncultured bacterium"
0.37959199336505,1.19133513607638,1.24043855461187,0.960414469259339,0.336846658746317,0.999624337131013,"0df72937aa0fcebdb73c76ccd60e49e8","k__Bacteria;p__Firmicutes;c__Clostridia;o__Clostridiales;f__Lachnospiraceae;g__uncultured;s__Coprococcus sp. HPP0074",0.934025657,"Higher in RA","g__uncultured","s__Coprococcus sp. HPP0074"
0.32164551040763,0.408670561614741,1.40117943681366,0.291661832080603,0.770545194520027,0.999624337131013,"7c37e1730cc652a6f775507bf47c8b24","k__Bacteria;p__Firmicutes;c__Clostridia;o__Clostridiales;f__Clostridiaceae 1;g__Clostridium sensu stricto 1;s__Clostridium paraputrificum",0.954801507,"Higher in RA","g__Clostridium sensu stricto 1","s__Clostridium paraputrificum"
0.286751616620649,0.854430088663582,1.9168262564207,0.445752496242964,0.655776039441284,0.999624337131013,"50df80b932455998bca9ec7689b3f79b","k__Bacteria;p__Firmicutes;c__Clostridia;o__Clostridiales;f__Lachnospiraceae;g__Blautia",0.967174014,"Higher in RA","g__Blautia",NA
0.550015011143978,0.542557890816497,1.24968679221557,0.434155097258086,0.664175817667309,0.999624337131013,"c61cdb01c7e43b47b9350eaa08e53694","k__Bacteria;p__Firmicutes;c__Clostridia;o__Clostridiales;f__Ruminococcaceae;g__Ruminococcus 1;s__Ruminococcus sp. UNK.MGS-30",0.997403565,"Higher in RA","g__Ruminococcus 1","s__Ruminococcus sp. UNK.MGS-30"
0.388228837948723,0.821933365029906,1.31387055640724,0.625581691454802,0.531589350646961,0.999624337131013,"ec25bed0d0bc77243a8bbdefeba24d16","k__Bacteria;p__Firmicutes;c__Clostridia;o__Clostridiales;f__Lachnospiraceae;g__Anaerostipes",0.999929683,"Higher in RA","g__Anaerostipes",NA
0.299407348346943,-1.44175610955818,1.9693025733504,-0.732115079251281,0.464098330751098,0.999624337131013,"a8cae9a7f07ef691c0603fa49e56b25a","k__Bacteria;p__Firmicutes;c__Negativicutes;o__Selenomonadales;f__Veillonellaceae;g__Mitsuokella;s__uncultured bacterium",0.8507506,"Higher in HC","g__Mitsuokella","s__uncultured bacterium"
0.532883173840692,0.187475949710241,1.09122439526582,0.171803297766791,0.863592172833643,0.999624337131013,"7b9b5b50614e892158f3a665f991f918","k__Bacteria;p__Bacteroidetes;c__Bacteroidia;o__Bacteroidales;f__Bacteroidaceae;g__Bacteroides",0.998692006,"Higher in RA","g__Bacteroides",NA
0.257562600280376,-1.22217080775604,2.03068697782851,-0.601850911095594,0.547273382671643,0.999624337131013,"aa7d920b66f60fae9fff4a80aa1e49f1","k__Bacteria;p__Bacteroidetes;c__Bacteroidia;o__Bacteroidales;f__Prevotellaceae;g__Prevotella 9",0.999996214,"Higher in HC","g__Prevotella 9",NA
0.484675234178334,0.32389694045006,1.08167795816487,0.299439346068926,0.764604844722521,0.999624337131013,"96b42aa13f020ef475fd78857045df24","k__Bacteria;p__Firmicutes;c__Clostridia;o__Clostridiales;f__Ruminococcaceae;g__Ruminococcus 1;s__Ruminococcus sp. UNK.MGS-30",0.972274823,"Higher in RA","g__Ruminococcus 1","s__Ruminococcus sp. UNK.MGS-30"
0.300997991034529,0.75848216462529,1.33267524928832,0.569142531183301,0.569259417216618,0.999624337131013,"c2a020488f0a9a82a6488697c7b1c713","k__Bacteria;p__Firmicutes;c__Clostridia;o__Clostridiales;f__Lachnospiraceae;g__Blautia",0.956136832,"Higher in RA","g__Blautia",NA
0.42706924706394,-1.14101385829609,1.62295973457907,-0.703045081147392,0.482027655576074,0.999624337131013,"936075fd849ad10f4ce82d0dbc5b7be7","k__Bacteria;p__Firmicutes;c__Clostridia;o__Clostridiales;f__Ruminococcaceae;g__Ruminococcaceae UCG-014;s__uncultured Acetivibrio sp.",0.870825232,"Higher in HC","g__Ruminococcaceae UCG-014","s__uncultured Acetivibrio sp."
0.312810160760822,0.715345178079057,1.74703534027509,0.409462339763784,0.682200398831134,0.999624337131013,"ba7ee9aa54dba052a7eb45cf4979ab5e","k__Bacteria;p__Proteobacteria;c__Gammaproteobacteria;o__Enterobacteriales;f__Enterobacteriaceae;g__Escherichia-Shigella",0.993609729,"Higher in RA","g__Escherichia-Shigella",NA
0.45830724882051,0.483927781452685,1.6351250153249,0.29595766495966,0.767262412251042,0.999624337131013,"49780df26cba8b7451aec39c1e76825d","k__Bacteria;p__Firmicutes;c__Clostridia;o__Clostridiales;f__Ruminococcaceae;g__Faecalibacterium;s__human gut metagenome",0.751525628,"Higher in RA","g__Faecalibacterium","s__human gut metagenome"
0.462763774022136,0.489279806413391,1.20669615548345,0.405470593562441,0.685131629658879,0.999624337131013,"91a88361ece3b1e0c9b0212e295b880d","k__Bacteria;p__Firmicutes;c__Clostridia;o__Clostridiales;f__Lachnospiraceae;g__Blautia;s__Blautia sp. Marseille-P3387",0.921315329,"Higher in RA","g__Blautia","s__Blautia sp. Marseille-P3387"
0.574058691199731,-0.056426892374773,0.993204379678964,-0.0568129717601648,0.954694180658662,0.999624337131013,"8d917f9b6780f94313135f26e0361f23","k__Bacteria;p__Firmicutes;c__Clostridia;o__Clostridiales;f__Ruminococcaceae;g__[Eubacterium] coprostanoligenes group",0.999991931,"Higher in HC","g__[Eubacterium] coprostanoligenes group",NA
0.33712723138102,-1.07357572027618,2.04821267548346,-0.524152463817152,0.60017250075182,0.999624337131013,"f0637c90a56d67fd3cff4c47284f7d7b","k__Bacteria;p__Firmicutes;c__Clostridia;o__Clostridiales;f__Lachnospiraceae;g__Dorea",0.709237204,"Higher in HC","g__Dorea",NA
0.444829793057555,-0.446090452162837,1.30318732860867,-0.342307235782517,0.732119690771599,0.999624337131013,"c0da78586808095619f3eccbe25919d8","k__Bacteria;p__Firmicutes;c__Clostridia;o__Clostridiales;f__Lachnospiraceae;g__Fusicatenibacter",0.940834694,"Higher in HC","g__Fusicatenibacter",NA
0.437146071367792,-1.10454752888566,1.29776068578003,-0.851118038162609,0.394703786219751,0.999624337131013,"512696fef034990cf736b9c6ed689c93","k__Bacteria;p__Firmicutes;c__Clostridia;o__Clostridiales;f__Lachnospiraceae;g__[Ruminococcus] torques group",0.975366265,"Higher in HC","g__[Ruminococcus] torques group",NA
0.390153209467126,-0.493526345498135,1.11176746731389,-0.443911483298328,0.65710658189371,0.999624337131013,"13988c3b23aabc8c88d517130c01e3c7","k__Bacteria;p__Firmicutes;c__Clostridia;o__Clostridiales;f__Ruminococcaceae;g__Ruminococcaceae NK4A214 group;s__uncultured bacterium",0.920735943,"Higher in HC","g__Ruminococcaceae NK4A214 group","s__uncultured bacterium"
0.489535466937813,0.0982105986758013,0.991606606580378,0.0990418962762735,0.92110500519725,0.999624337131013,"f9e70c4de8454253265a60d67bb15440","k__Bacteria;p__Firmicutes;c__Clostridia;o__Clostridiales;f__Ruminococcaceae;g__Ruminococcus 1;s__Ruminococcus sp. UNK.MGS-30",0.967550705,"Higher in RA","g__Ruminococcus 1","s__Ruminococcus sp. UNK.MGS-30"
0.354813493328619,-0.0124659438927573,1.80477823807182,-0.00690718872257432,0.994488904581452,0.999624337131013,"0ca71cd58cb336f1bc57e840cbd58889","k__Bacteria;p__Firmicutes;c__Clostridia;o__Clostridiales;f__Ruminococcaceae;g__Ruminococcus 2",0.999594537,"Higher in HC","g__Ruminococcus 2",NA
0.475012114341626,0.146280819757069,1.1728097038882,0.124726815673597,0.900739827333527,0.999624337131013,"6cb8d6c6f2f8eff4741f0e7e0de0f2fd","k__Bacteria;p__Firmicutes;c__Clostridia;o__Clostridiales;f__Lachnospiraceae;g__Agathobacter;s__Eubacterium ramulus",0.998949483,"Higher in RA","g__Agathobacter","s__Eubacterium ramulus"
0.267332837740503,-0.0603321760303932,2.28692273302692,-0.0263813792915246,0.978953146153896,0.999624337131013,"63e98aec009adbec86d3532d7c80fd43","k__Bacteria;p__Firmicutes;c__Clostridia;o__Clostridiales;f__Lachnospiraceae;g__CAG-56;s__uncultured bacterium",0.763446824,"Higher in HC","g__CAG-56","s__uncultured bacterium"
0.538447125601059,0.118056428538394,1.09676412108996,0.107640673384784,0.914280731718818,0.999624337131013,"ea3f854e4d841f06fcf9e3ba2ca52896","k__Bacteria;p__Firmicutes;c__Clostridia;o__Clostridiales;f__Ruminococcaceae;g__Ruminococcus 1;s__uncultured Ruminococcus sp.",0.997719487,"Higher in RA","g__Ruminococcus 1","s__uncultured Ruminococcus sp."
0.230542530661269,-0.495015588333967,1.88620465557385,-0.2624400204247,0.79298222176356,0.999624337131013,"87724496fa544ff4e461140f9b8330da","k__Bacteria;p__Bacteroidetes;c__Bacteroidia;o__Bacteroidales;f__Bacteroidaceae;g__Bacteroides;s__Bacteroides massiliensis B84634 = Timone 84634 = DSM 17679 = JCM 13223",0.974370495,"Higher in HC","g__Bacteroides","s__Bacteroides massiliensis B84634 = Timone 84634 = DSM 17679 = JCM 13223"
0.437870461400925,-1.34517641822775,1.71503396001612,-0.784343896149497,0.432838348960744,0.999624337131013,"93cee9ccbafbf5b0a10adabc2fea3498","k__Bacteria;p__Firmicutes;c__Clostridia;o__Clostridiales;f__Lachnospiraceae;g__Dorea",0.737657986,"Higher in HC","g__Dorea",NA
0.479074443775844,-0.84107434060548,0.970612975187548,-0.866539354105546,0.386194454702265,0.999624337131013,"77f150f3c725ae569bfc9e5968eb9859","k__Bacteria;p__Firmicutes;c__Clostridia;o__Clostridiales;f__Christensenellaceae;g__Christensenellaceae R-7 group;s__uncultured prokaryote",0.96125661,"Higher in HC","g__Christensenellaceae R-7 group","s__uncultured prokaryote"
0.23123688042158,0.359646633350906,2.18589295207738,0.164530762135041,0.869313332031637,0.999624337131013,"2ce4318b94b46f4d3bf8fa6c5c54bfca","k__Bacteria;p__Firmicutes;c__Clostridia;o__Clostridiales;f__Lachnospiraceae;g__CAG-56",0.997088821,"Higher in RA","g__CAG-56",NA
0.414189702014716,-0.30561815949088,1.08231848542152,-0.282373592992689,0.77765706119,0.999624337131013,"c76a8cd2a8c45a7b47212cb0b0e412c3","k__Bacteria;p__Firmicutes;c__Clostridia;o__Clostridiales;f__Lachnospiraceae;g__Agathobacter;s__Eubacterium ramulus",0.999239837,"Higher in HC","g__Agathobacter","s__Eubacterium ramulus"
0.361477459708221,0.429388383475307,1.42547286221812,0.30122522487531,0.763242755916599,0.999624337131013,"175384654a4e3b488938ef29b2b66e95","k__Bacteria;p__Firmicutes;c__Clostridia;o__Clostridiales;f__Lachnospiraceae;g__[Eubacterium] eligens group",0.999648013,"Higher in RA","g__[Eubacterium] eligens group",NA
0.44949326746094,0.248824957678476,1.2762461235921,0.19496627890092,0.845419346542937,0.999624337131013,"0ecff25f20599c99a14b9cd543a91b47","k__Bacteria;p__Firmicutes;c__Clostridia;o__Clostridiales;f__Lachnospiraceae;g__[Eubacterium] hallii group",0.999994166,"Higher in RA","g__[Eubacterium] hallii group",NA
0.480284211732684,0.648853172058097,1.00632059630999,0.64477779192569,0.51907119560516,0.999624337131013,"e5303be07e9e954aacfa77a7e1745b21","k__Bacteria;p__Firmicutes;c__Clostridia;o__Clostridiales;f__Lachnospiraceae;g__Lachnospiraceae ND3007 group",0.999961635,"Higher in RA","g__Lachnospiraceae ND3007 group",NA
0.274740584951589,1.16677994422008,1.68926829311612,0.690701381760837,0.489753220838471,0.999624337131013,"86b90c836f3e9bbf6d085e8f74c8d27d","k__Bacteria;p__Firmicutes;c__Clostridia;o__Clostridiales;f__Lachnospiraceae;g__Blautia",0.944121384,"Higher in RA","g__Blautia",NA
0.447949192007376,0.163831319179565,0.826250361607032,0.198282901638818,0.842823728618213,0.999624337131013,"061b078c738ee1a54ca2b9ad93f2c3d2","k__Bacteria;p__Firmicutes;c__Clostridia;o__Clostridiales;f__Ruminococcaceae;g__Ruminococcaceae UCG-005",0.998437494,"Higher in RA","g__Ruminococcaceae UCG-005",NA
0.266545424901995,-0.659808227554472,2.10515882163979,-0.313424441316271,0.753958217514811,0.999624337131013,"6267ce9e74ced871976f46ba88562234","k__Bacteria;p__Firmicutes;c__Clostridia;o__Clostridiales;f__Ruminococcaceae;g__Ruminococcaceae UCG-014",0.995415453,"Higher in HC","g__Ruminococcaceae UCG-014",NA
0.356764335363601,-0.882964545222081,1.8046621624184,-0.489268608612503,0.62465154218121,0.999624337131013,"412b8feec391caffc13baf2a960ae503","k__Bacteria;p__Firmicutes;c__Clostridia;o__Clostridiales;f__Ruminococcaceae;g__Ruminococcus 1;s__gut metagenome",0.99983214,"Higher in HC","g__Ruminococcus 1","s__gut metagenome"
0.408594496718626,0.625339347993692,1.22371564967872,0.511016875658878,0.609339240045525,0.999624337131013,"b260cfeb2abf3ae7172587a24a7d81fd","k__Bacteria;p__Firmicutes;c__Clostridia;o__Clostridiales;f__Lachnospiraceae;g__Lachnoclostridium;s__human gut metagenome",0.981836254,"Higher in RA","g__Lachnoclostridium","s__human gut metagenome"
0.271153048065508,0.0475860827037016,1.77832822208122,0.026758886302783,0.978652045442895,0.999624337131013,"0256da924fd2a04d2f8e402398399c23","k__Bacteria;p__Firmicutes;c__Clostridia;o__Clostridiales;f__Ruminococcaceae;g__Ruminococcaceae UCG-014;s__gut metagenome",0.972655846,"Higher in RA","g__Ruminococcaceae UCG-014","s__gut metagenome"
0.381178766685367,-0.956845424130165,1.61102796293839,-0.593934708858158,0.552555783194612,0.999624337131013,"f5825edb05579cd2032cdd07f0e0f7d6","k__Bacteria;p__Firmicutes;c__Clostridia;o__Clostridiales;f__Ruminococcaceae;g__Ruminococcaceae UCG-014;s__uncultured Ruminococcaceae bacterium",0.843035017,"Higher in HC","g__Ruminococcaceae UCG-014","s__uncultured Ruminococcaceae bacterium"
0.25246772868903,0.555423463050724,2.10932115234366,0.263318585903145,0.792305035549613,0.999624337131013,"cd04f04c1e8b760f6897658b9b12a6aa","k__Bacteria;p__Firmicutes;c__Clostridia;o__Clostridiales;f__Ruminococcaceae;g__Ruminiclostridium 5;s__uncultured bacterium",0.855659649,"Higher in RA","g__Ruminiclostridium 5","s__uncultured bacterium"
0.370978830581245,-0.237352927573061,1.41915334248249,-0.16724966955147,0.867173604112349,0.999624337131013,"6df0dc18209a51fc9b06875961e9c7ac","k__Bacteria;p__Firmicutes;c__Clostridia;o__Clostridiales;f__Lachnospiraceae;g__Lachnospiraceae NK4A136 group;s__metagenome",0.97098039,"Higher in HC","g__Lachnospiraceae NK4A136 group","s__metagenome"
0.277952883769112,-0.0950447671934082,1.58277488771983,-0.0600494536088649,0.952116247440252,0.999624337131013,"af8a8e2a1be48337fa2bbea03e210bcc","k__Bacteria;p__Firmicutes;c__Clostridia;o__Clostridiales;f__Ruminococcaceae;g__Ruminococcaceae UCG-014",0.999739431,"Higher in HC","g__Ruminococcaceae UCG-014",NA
0.518872737224233,1.01144002288387,1.15410907474449,0.876381656653898,0.38082258699139,0.999624337131013,"184a1c217d26dd56282165fb5fb17f47","k__Bacteria;p__Firmicutes;c__Clostridia;o__Clostridiales;f__Ruminococcaceae;g__Faecalibacterium",0.999989436,"Higher in RA","g__Faecalibacterium",NA
0.415276982457717,-1.0106724724106,1.53396555874348,-0.65886255832137,0.509984030963482,0.999624337131013,"30090c49004d6dbbb96bfc596f71abd4","k__Bacteria;p__Proteobacteria;c__Gammaproteobacteria;o__Enterobacteriales;f__Enterobacteriaceae;g__Escherichia-Shigella;s__Streptomyces sp. Q1",0.888938954,"Higher in HC","g__Escherichia-Shigella","s__Streptomyces sp. Q1"
0.357047522395193,-1.24288568245325,1.30038689204956,-0.955781460157845,0.339182656935786,0.999624337131013,"b318ed2e56ebb1f84fa5f95a44369d75","k__Bacteria;p__Bacteroidetes;c__Bacteroidia;o__Bacteroidales;f__Bacteroidaceae;g__Bacteroides",0.999999999,"Higher in HC","g__Bacteroides",NA
0.451828175126569,-0.402638804876046,0.995782169545964,-0.404344260411525,0.685959582524376,0.999624337131013,"ae9d16dcf67d4cd6bb461f3ebac2c8cc","k__Bacteria;p__Firmicutes;c__Clostridia;o__Clostridiales;f__Lachnospiraceae;g__Lachnospiraceae NK4A136 group;s__uncultured Clostridium sp.",0.993526121,"Higher in HC","g__Lachnospiraceae NK4A136 group","s__uncultured Clostridium sp."
0.506336621311556,0.593623695055499,1.07073098960156,0.554409745137197,0.579298458263499,0.999624337131013,"5d620d7e9d21a758921bdac81bc32a71","k__Bacteria;p__Firmicutes;c__Clostridia;o__Clostridiales;f__Christensenellaceae;g__Christensenellaceae R-7 group;s__uncultured bacterium",0.890220022,"Higher in RA","g__Christensenellaceae R-7 group","s__uncultured bacterium"
0.401514654620282,1.14316403085044,1.62197408956345,0.704797960834331,0.48093597775316,0.999624337131013,"291193a10218c9eb9eece14f9062c51c","k__Bacteria;p__Firmicutes;c__Clostridia;o__Clostridiales;f__Lachnospiraceae;g__Lachnospiraceae UCG-004;s__uncultured Clostridium sp.",0.840803657,"Higher in RA","g__Lachnospiraceae UCG-004","s__uncultured Clostridium sp."
0.496492448755759,0.107801502797301,1.11598020243581,0.0965980422968136,0.923045611246239,0.999624337131013,"b12a87ef542a2172003e5a20b5a6e713","k__Bacteria;p__Firmicutes;c__Clostridia;o__Clostridiales;f__Ruminococcaceae;g__Ruminiclostridium 6;s__[Eubacterium] siraeum DSM 15702",0.723043095,"Higher in RA","g__Ruminiclostridium 6","s__[Eubacterium] siraeum DSM 15702"
0.271859975544685,-0.0816904655961954,1.72519149254894,-0.0473515351478456,0.962233055007487,0.999624337131013,"995fb8733bf9e1621d0784b78445d84e","k__Bacteria;p__Firmicutes;c__Clostridia;o__Clostridiales;f__Lachnospiraceae;g__Eisenbergiella;s__uncultured organism",0.836800357,"Higher in HC","g__Eisenbergiella","s__uncultured organism"
0.307841661138807,1.2342575957516,1.91774157461176,0.643599540256864,0.519835148458456,0.999624337131013,"16d00bf967c03233e02f514a8af5a0d4","k__Bacteria;p__Firmicutes;c__Clostridia;o__Clostridiales;f__Lachnospiraceae;g__[Ruminococcus] gnavus group",0.940064832,"Higher in RA","g__[Ruminococcus] gnavus group",NA
0.433623347446688,0.206329948853829,0.46924418705556,0.439706989549556,0.660149339608873,0.999624337131013,"d174b8b9321e6bde5b3fbf8d0463e537","k__Bacteria;p__Patescibacteria;c__Saccharimonadia;o__Saccharimonadales;f__Saccharimonadaceae;g__TM7 phylum sp. oral clone DR034;s__TM7 phylum sp. oral clone DR034",0.897939346,"Higher in RA","g__TM7 phylum sp. oral clone DR034","s__TM7 phylum sp. oral clone DR034"
0.439796560689513,0.00777629272690976,1.16105156616509,0.00669762907481755,0.994656105120198,0.999624337131013,"ba57c2fa08e7129ee1ea0bbd19d2f4ab","k__Bacteria;p__Firmicutes;c__Clostridia;o__Clostridiales;f__Lachnospiraceae;g__Dorea;s__Dorea formicigenerans ATCC 27755",0.991457836,"Higher in RA","g__Dorea","s__Dorea formicigenerans ATCC 27755"
0.266483692273489,0.00261787460687193,1.85651484300474,0.00141010163034029,0.998874902052843,0.999624337131013,"29c8f5d6184d56e6a7ddf8d846d9184e","k__Bacteria;p__Firmicutes;c__Clostridia;o__Clostridiales;f__Lachnospiraceae;g__[Ruminococcus] gnavus group;s__uncultured organism",0.714565187,"Higher in RA","g__[Ruminococcus] gnavus group","s__uncultured organism"
0.376739162212064,0.234818275884386,0.846014059679493,0.277558361114406,0.781351399585578,0.999624337131013,"eee09d381d1f0c6bd2fd601db1eee87f","k__Bacteria;p__Tenericutes;c__Mollicutes;o__Mollicutes RF39;f__gut metagenome;g__gut metagenome;s__gut metagenome",0.994797666,"Higher in RA","g__gut metagenome","s__gut metagenome"
0.449602692405619,-1.14304852589461,1.47458443499032,-0.775166547788844,0.438241252394394,0.999624337131013,"59feb8022c87a45f50bbb0263e835c16","k__Bacteria;p__Firmicutes;c__Clostridia;o__Clostridiales;f__Lachnospiraceae",0.998813983,"Higher in HC",NA,NA
0.421566112010454,1.14997544289545,1.24320328070686,0.925009980862981,0.354960715747024,0.999624337131013,"1aee266b5de5fdd1036b9c4286f56d3b","k__Bacteria;p__Firmicutes;c__Clostridia;o__Clostridiales;f__Lachnospiraceae;g__[Eubacterium] eligens group",0.999423148,"Higher in RA","g__[Eubacterium] eligens group",NA
0.27390466789388,0.870158308461632,1.48638304543293,0.585419963673083,0.558265368441159,0.999624337131013,"45c1fb96fda23240e8067b87412a35d8","k__Bacteria;p__Firmicutes;c__Clostridia;o__Clostridiales;f__Lachnospiraceae;g__Blautia",0.944284019,"Higher in RA","g__Blautia",NA
0.212602055434306,-0.640556070723489,1.63520697447681,-0.391727824502728,0.695259328835779,0.999624337131013,"d486ae47e3d3112b1131138b3dd7065b","k__Bacteria;p__Firmicutes;c__Clostridia;o__Clostridiales;f__Clostridiaceae 1;g__Clostridium sensu stricto 1;s__Clostridium paraputrificum",0.960230115,"Higher in HC","g__Clostridium sensu stricto 1","s__Clostridium paraputrificum"
0.427733176903985,0.888962224372656,1.59243768432617,0.558239881611955,0.576680590876331,0.999624337131013,"540d5001f0f6155cf1dcf6fb077a16d1","k__Bacteria;p__Firmicutes;c__Clostridia;o__Clostridiales;f__Lachnospiraceae;g__Lachnospiraceae UCG-006;s__uncultured organism",0.903916238,"Higher in RA","g__Lachnospiraceae UCG-006","s__uncultured organism"
0.50941487281604,0.0345550796396261,0.812119936372725,0.0425492320678198,0.966060865746173,0.999624337131013,"9ea271807d91e8521af9b8ede1bbfad6","k__Bacteria;p__Firmicutes;c__Clostridia;o__Clostridiales;f__Ruminococcaceae;g__Ruminococcaceae UCG-002",0.998864725,"Higher in RA","g__Ruminococcaceae UCG-002",NA
0.33058991881833,-0.270934088429124,0.968960872108108,-0.279613033124515,0.779774406822057,0.999624337131013,"d1ff924f723a248824fe333e38e7bd81","k__Bacteria;p__Tenericutes;c__Mollicutes;o__Mollicutes RF39;f__gut metagenome;g__gut metagenome;s__gut metagenome",0.999999933,"Higher in HC","g__gut metagenome","s__gut metagenome"
0.392733933623089,-1.27738914097378,1.21068325219655,-1.05509772160159,0.291380633964744,0.999624337131013,"869bcef94d9efd5a55367f8ac7b1af18","k__Bacteria;p__Bacteroidetes;c__Bacteroidia;o__Bacteroidales;f__Bacteroidaceae;g__Bacteroides;s__human gut metagenome",0.701734588,"Higher in HC","g__Bacteroides","s__human gut metagenome"
0.418907703986004,-0.0159027649610731,1.34660462352794,-0.0118095279662784,0.990577578982093,0.999624337131013,"74b1e41d0bab0dbcd8a9a2a45cec7b50","k__Bacteria;p__Firmicutes;c__Clostridia;o__Clostridiales;f__Lachnospiraceae;g__[Eubacterium] hallii group;s__uncultured organism",0.84610457,"Higher in HC","g__[Eubacterium] hallii group","s__uncultured organism"
0.267327498502181,-0.292160597547747,2.02716005866795,-0.14412310281001,0.88540326176975,0.999624337131013,"16d00cedb83cd418e68d034e67c03a18","k__Bacteria;p__Firmicutes;c__Clostridia;o__Clostridiales;f__Lachnospiraceae;g__Anaerostipes",0.999842216,"Higher in HC","g__Anaerostipes",NA
0.33229408674708,-0.353395167849146,1.69666892750436,-0.208287640635322,0.835004381371748,0.999624337131013,"8b80514327803ba21ac5af839babd4a5","k__Bacteria;p__Firmicutes;c__Clostridia;o__Clostridiales;f__Lachnospiraceae;g__[Ruminococcus] gauvreauii group;s__unidentified",0.869446681,"Higher in HC","g__[Ruminococcus] gauvreauii group","s__unidentified"
0.502760834779575,-0.248258240708784,0.54334954177376,-0.456903377333027,0.647740496372325,0.999624337131013,"02c57a953c8272563c169375259a578d","k__Bacteria;p__Firmicutes;c__Clostridia;o__Clostridiales;f__Family XIII;g__Family XIII UCG-001;s__uncultured bacterium",0.999887579,"Higher in HC","g__Family XIII UCG-001","s__uncultured bacterium"
0.295830577862715,-0.746720537872553,1.84264289372679,-0.40524430447958,0.685297941506217,0.999624337131013,"554ba4ceaf6b56301091443c0462bfb3","k__Bacteria;p__Firmicutes;c__Clostridia;o__Clostridiales;f__Ruminococcaceae;g__Faecalibacterium",0.999989913,"Higher in HC","g__Faecalibacterium",NA
0.522628948160432,-0.777471028968349,0.846958212801664,-0.917956774274073,0.358641496444693,0.999624337131013,"fea228d0a6ef7f977ad7fd0e8d6e2bb2","k__Bacteria;p__Firmicutes;c__Clostridia;o__Clostridiales;f__Ruminococcaceae;g__Ruminococcaceae UCG-002;s__gut metagenome",0.734360706,"Higher in HC","g__Ruminococcaceae UCG-002","s__gut metagenome"
0.335530565493928,0.275908787642731,1.9091008469027,0.144522898353097,0.885087575990082,0.999624337131013,"e9eaf176b1b0f1d0066ecc26a3b5b24c","k__Bacteria;p__Firmicutes;c__Clostridia;o__Clostridiales;f__Lachnospiraceae",0.999932598,"Higher in RA",NA,NA
0.373195866020224,0.682147375771961,1.43320149873182,0.475960551517399,0.634102482288187,0.999624337131013,"ee501f5abae97028c1febd4490f7fa46","k__Bacteria;p__Firmicutes;c__Clostridia;o__Clostridiales;f__Lachnospiraceae;g__[Eubacterium] eligens group",0.999391669,"Higher in RA","g__[Eubacterium] eligens group",NA
0.393170731219236,-0.702362209422998,1.66083477513092,-0.42289709966341,0.672370339001896,0.999624337131013,"a933658926bc42f1e029e68aca208d73","k__Bacteria;p__Firmicutes;c__Clostridia;o__Clostridiales;f__Ruminococcaceae;g__Ruminococcus 1;s__Ruminococcus sp. UNK.MGS-30",0.997379653,"Higher in HC","g__Ruminococcus 1","s__Ruminococcus sp. UNK.MGS-30"
0.398854598309981,0.940066446202848,1.32603673254714,0.70892941585193,0.478368279685566,0.999624337131013,"f7a7a37f0f055d7a2476565b8ab99915","k__Bacteria;p__Firmicutes;c__Clostridia;o__Clostridiales;f__Lachnospiraceae;g__Agathobacter;s__Eubacterium ramulus",0.986716078,"Higher in RA","g__Agathobacter","s__Eubacterium ramulus"
0.346542185187123,0.685805080416889,1.86235289435599,0.368246578022498,0.712689382438804,0.999624337131013,"8ab7bbaeb9c55dcd7f0e6d6f2d887ecc","k__Bacteria;p__Firmicutes;c__Clostridia;o__Clostridiales;f__Ruminococcaceae;g__Ruminococcus 1",0.999820243,"Higher in RA","g__Ruminococcus 1",NA
0.398034491435149,1.06316680999087,1.23955339359932,0.857701504010023,0.391057309341854,0.999624337131013,"ce0569e740749321d820c38d70bb028d","k__Bacteria;p__Firmicutes;c__Clostridia;o__Clostridiales;f__Peptostreptococcaceae;g__Terrisporobacter",0.981355985,"Higher in RA","g__Terrisporobacter",NA
0.284653822729043,0.0508607860097948,1.16922464171515,0.0434995844213364,0.965303295797799,0.999624337131013,"b0c41cd081fedf7af9f0ae03c1cd520d","k__Bacteria;p__Bacteroidetes;c__Bacteroidia;o__Bacteroidales;f__Bacteroidaceae;g__Bacteroides;s__human gut metagenome",0.764448066,"Higher in RA","g__Bacteroides","s__human gut metagenome"
0.384151519292492,1.10987855771636,1.23449660646343,0.89905355098215,0.368624137441105,0.999624337131013,"14151b9fc834fdb60d8b38053d0ee042","k__Bacteria;p__Firmicutes;c__Clostridia;o__Clostridiales;f__Peptostreptococcaceae;g__Terrisporobacter",0.983781891,"Higher in RA","g__Terrisporobacter",NA
0.480836726738821,0.109080587117813,1.06636412837492,0.102292063484962,0.918524854685569,0.999624337131013,"412e46a58147f64b55cf5c50a4db4aaa","k__Bacteria;p__Firmicutes;c__Clostridia;o__Clostridiales;f__Lachnospiraceae;g__Agathobacter",0.77933378,"Higher in RA","g__Agathobacter",NA
0.271292859743335,0.94181075748832,1.73974692839442,0.541349285989255,0.588266855428667,0.999624337131013,"d814fa3ead860cfec7f759e52fa465d8","k__Bacteria;p__Firmicutes;c__Clostridia;o__Clostridiales;f__Lachnospiraceae;g__[Ruminococcus] gnavus group",0.973100695,"Higher in RA","g__[Ruminococcus] gnavus group",NA
0.33620613147014,0.305884216441949,1.59951291584599,0.191235852747188,0.848340815495668,0.999624337131013,"deda19df12883721535d79ca06864b0c","k__Bacteria;p__Firmicutes;c__Clostridia;o__Clostridiales;f__Ruminococcaceae;g__Ruminococcus 1",0.999891939,"Higher in RA","g__Ruminococcus 1",NA
0.338029962714048,0.0312998954211869,1.61059300389347,0.0194337708816083,0.984495070223081,0.999624337131013,"f683438da279f93c385578bda1ff1b8a","k__Bacteria;p__Firmicutes;c__Clostridia;o__Clostridiales;f__Lachnospiraceae;g__Fusicatenibacter",0.935285696,"Higher in RA","g__Fusicatenibacter",NA
0.410328653785573,-1.04963379946534,1.07500450938223,-0.976399438611217,0.328866559596347,0.999624337131013,"89bb743239fed49d3b19c2b779cf6af3","k__Bacteria;p__Proteobacteria;c__Gammaproteobacteria;o__Betaproteobacteriales;f__Burkholderiaceae;g__Sutterella;s__uncultured bacterium",0.897661225,"Higher in HC","g__Sutterella","s__uncultured bacterium"
0.217229514794918,-0.405287106974158,1.6264190443874,-0.249189843400298,0.803213935471097,0.999624337131013,"973bc0301bc86264413cb983f0ddf851","k__Bacteria;p__Firmicutes;c__Clostridia;o__Clostridiales;f__Lachnospiraceae;g__Hungatella",0.98637047,"Higher in HC","g__Hungatella",NA
0.337593867335962,-0.84253298767672,1.60432192419877,-0.525164541460405,0.599468812162404,0.999624337131013,"c46edb4c5688ece09d887655d862b0bd","k__Bacteria;p__Firmicutes;c__Clostridia;o__Clostridiales;f__Lachnospiraceae;g__Lachnoclostridium",0.921811347,"Higher in HC","g__Lachnoclostridium",NA
0.358634999348908,-0.249671190420929,1.04443609434754,-0.239048795586578,0.811067745940418,0.999624337131013,"e67ae22eab5cc046ad07b20ac34644b8","k__Bacteria;p__Proteobacteria;c__Gammaproteobacteria;o__Betaproteobacteriales;f__Burkholderiaceae;g__Sutterella",1,"Higher in HC","g__Sutterella",NA
0.445635893582684,-1.397790389252,1.58311108691807,-0.882938917428189,0.377269275146441,0.999624337131013,"f90903d4fe0d68c2f20db0f7e85d48db","k__Bacteria;p__Firmicutes;c__Clostridia;o__Clostridiales;f__Lachnospiraceae;g__Fusicatenibacter",0.981287879,"Higher in HC","g__Fusicatenibacter",NA
0.494489906518307,0.414006569509302,1.08906675345046,0.380148019575124,0.703835542163085,0.999624337131013,"292922100db4ee9c4f8bfecaef7764a8","k__Bacteria;p__Firmicutes;c__Clostridia;o__Clostridiales;f__Ruminococcaceae;g__Ruminococcus 1;s__uncultured Ruminococcus sp.",0.998404506,"Higher in RA","g__Ruminococcus 1","s__uncultured Ruminococcus sp."
0.33446563024042,-0.721626043701274,1.25083483507917,-0.576915531502285,0.56399651802287,0.999624337131013,"d9232211d5088e696b078090b1e9e286","k__Bacteria;p__Firmicutes;c__Clostridia;o__Clostridiales;f__Lachnospiraceae;g__Tyzzerella",0.993378605,"Higher in HC","g__Tyzzerella",NA
0.496864317946529,0.259423394156873,1.15073168352861,0.225442123363958,0.821635345234097,0.999624337131013,"1b42e3fc43fcecb478caadba61a64035","k__Bacteria;p__Firmicutes;c__Clostridia;o__Clostridiales;f__Ruminococcaceae;g__Ruminococcus 1;s__metagenome",0.996215586,"Higher in RA","g__Ruminococcus 1","s__metagenome"
0.386049951432314,-0.214011074786774,1.43322967754705,-0.149320850760676,0.881300463186944,0.999624337131013,"9a9c54a14a7d5ff1ec078f5a4be99fb1","k__Bacteria;p__Firmicutes;c__Clostridia;o__Clostridiales;f__Lachnospiraceae",0.999997355,"Higher in HC",NA,NA
0.342611278622707,0.102228054761975,1.74566449078795,0.0585611125742905,0.953301685168296,0.999624337131013,"5974cf897b9c8962c0917a57c4c841e7","k__Bacteria;p__Bacteroidetes;c__Bacteroidia;o__Bacteroidales;f__Bacteroidaceae;g__Bacteroides",0.999999897,"Higher in RA","g__Bacteroides",NA
0.300017618331866,0.989459103032894,1.84869471178565,0.535220389134546,0.592497468970309,0.999624337131013,"04faafa6b4b9fd48eaeb0d64b3459c4f","k__Bacteria;p__Firmicutes;c__Clostridia;o__Clostridiales;f__Ruminococcaceae;g__Faecalibacterium",0.99992518,"Higher in RA","g__Faecalibacterium",NA
0.464433646347223,-0.380659531428493,1.63962140575042,-0.232163065262174,0.816411363693897,0.999624337131013,"d4c310aaa7f0aa627ae9e56ac9c2a280","k__Bacteria;p__Firmicutes;c__Clostridia;o__Clostridiales;f__Ruminococcaceae;g__Faecalibacterium;s__uncultured bacterium",0.856995462,"Higher in HC","g__Faecalibacterium","s__uncultured bacterium"
0.457698490035472,0.140952583171683,1.0293580424725,0.136932512649455,0.891084139508591,0.999624337131013,"a4a615d7741d5dc345e9a4a397bbe510","k__Bacteria;p__Firmicutes;c__Clostridia;o__Clostridiales;f__Lachnospiraceae;g__Agathobacter",0.762372697,"Higher in RA","g__Agathobacter",NA
0.338053414652006,0.704187256423203,1.70110122893242,0.413959642404784,0.678903663183123,0.999624337131013,"76dacd35c44bda2aea547b038e0fe04d","k__Bacteria;p__Firmicutes;c__Clostridia;o__Clostridiales;f__Lachnospiraceae;g__Dorea",0.83943983,"Higher in RA","g__Dorea",NA
0.292304025384621,0.0102053184959506,1.78458487540479,0.00571859519633984,0.995437246052154,0.999624337131013,"d170c3e7581f5b7c895afdda1d2f143c","k__Bacteria;p__Firmicutes;c__Clostridia;o__Clostridiales;f__Lachnospiraceae;g__Lachnospiraceae UCG-001;s__metagenome",0.991199755,"Higher in RA","g__Lachnospiraceae UCG-001","s__metagenome"
0.33780820476977,0.777005517025651,1.45473792306432,0.534120616989851,0.593258086493665,0.999624337131013,"9e00d0cb79992833a81459c373d3c69d","k__Bacteria;p__Firmicutes;c__Clostridia;o__Clostridiales;f__Lachnospiraceae;g__[Eubacterium] ventriosum group",0.999961407,"Higher in RA","g__[Eubacterium] ventriosum group",NA
0.385305955967829,0.289618096309908,1.26199562149224,0.229492156214813,0.818486416401586,0.999624337131013,"5e595ef24f67518ceab8d4cc47c4b696","k__Bacteria;p__Firmicutes;c__Clostridia;o__Clostridiales;f__Lachnospiraceae;g__Lachnospiraceae UCG-004;s__uncultured Clostridium sp.",0.838822704,"Higher in RA","g__Lachnospiraceae UCG-004","s__uncultured Clostridium sp."
0.237408156640822,0.698879892379069,0.890153824212009,0.785122608441005,0.432381685300772,0.999624337131013,"cbbbf940b390e415073ad47baa4d0a81","k__Bacteria;p__Firmicutes",1,"Higher in RA",NA,NA
0.477162495238369,-0.339483519785482,0.798590879400612,-0.425103176785946,0.670761462190292,0.999624337131013,"48cf502444cc3962eae9f6053f1acace","k__Bacteria;p__Firmicutes;c__Clostridia;o__Clostridiales;f__Ruminococcaceae;g__Ruminococcaceae UCG-003;s__uncultured organism",0.83718777,"Higher in HC","g__Ruminococcaceae UCG-003","s__uncultured organism"
0.335837835963835,-0.27327050062038,1.09328260258442,-0.249954128945611,0.802622822585976,0.999624337131013,"5b6f7aa35077ba9b0b9b18b9d27611ce","k__Bacteria;p__Firmicutes;c__Clostridia;o__Clostridiales;f__Ruminococcaceae;g__Ruminococcaceae NK4A214 group;s__gut metagenome",0.974549773,"Higher in HC","g__Ruminococcaceae NK4A214 group","s__gut metagenome"
0.299018488248433,0.128222027024677,1.84671401900673,0.0694325302699779,0.944645335980116,0.999624337131013,"c5e3347d2ab30857eebc62831fe8a237","k__Bacteria;p__Firmicutes;c__Clostridia;o__Clostridiales;f__Lachnospiraceae",0.999901458,"Higher in RA",NA,NA
0.471295157158615,-0.573493212856802,0.820729915218258,-0.698759972340343,0.484702047473392,0.999624337131013,"c970fb399cc23f5e8498b4be912bf1fa","k__Bacteria;p__Bacteroidetes;c__Bacteroidia;o__Bacteroidales;f__Rikenellaceae;g__Alistipes;s__Alistipes finegoldii",0.988215806,"Higher in HC","g__Alistipes","s__Alistipes finegoldii"
0.252266047281561,-1.00421559619192,2.60104357861437,-0.386081803645475,0.699436085663282,0.999624337131013,"289d8bea5da7c5a196a58f6682da381a","k__Bacteria;p__Firmicutes;c__Clostridia;o__Clostridiales;f__Lachnospiraceae;g__Dorea",0.795482773,"Higher in HC","g__Dorea",NA
0.380830757416344,0.600251027477026,1.33861915610324,0.448410606362735,0.653856888550116,0.999624337131013,"26c5bf6b8fd5195eb00324b49ae19abf","k__Bacteria;p__Firmicutes;c__Clostridia;o__Clostridiales;f__Lachnospiraceae",0.999981026,"Higher in RA",NA,NA
0.383926404501553,0.0635483808058022,1.21602727371704,0.0522590094641163,0.958322314370095,0.999624337131013,"56ed8c808f5ec2b328b5e6be362d6bdf","k__Bacteria;p__Firmicutes;c__Clostridia;o__Clostridiales;f__Lachnospiraceae;g__Blautia",0.975686399,"Higher in RA","g__Blautia",NA
0.343831952237522,-0.036991333708723,1.6533390829234,-0.0223737127433749,0.98214984929371,0.999624337131013,"1b6df798f7248f9c9b812bc8a9bf9182","k__Bacteria;p__Bacteroidetes;c__Bacteroidia;o__Bacteroidales;f__Tannerellaceae;g__Parabacteroides",1,"Higher in HC","g__Parabacteroides",NA
0.371312220381892,0.268315333867163,1.33448456227397,0.201062898329788,0.840649392375747,0.999624337131013,"d587da85368b0dba49347fe8a2f37913","k__Bacteria;p__Firmicutes;c__Clostridia;o__Clostridiales;f__Lachnospiraceae",0.99998217,"Higher in RA",NA,NA
0.235422891242144,-0.599817976482396,1.81864487868443,-0.329815888474219,0.741539081262076,0.999624337131013,"122c21481f242b1403281384ebb3b6e2","k__Bacteria;p__Firmicutes;c__Clostridia;o__Clostridiales;f__Ruminococcaceae;g__Ruminococcaceae UCG-002;s__uncultured bacterium",0.702255325,"Higher in HC","g__Ruminococcaceae UCG-002","s__uncultured bacterium"
0.46603938136908,-0.161565437688131,0.630886387082213,-0.256092762494616,0.797879210380784,0.999624337131013,"149321383d9f2f1d3635b3f6ed3b3448","k__Bacteria;p__Verrucomicrobia;c__Verrucomicrobiae;o__Verrucomicrobiales;f__Akkermansiaceae;g__Akkermansia;s__unidentified",0.926134903,"Higher in HC","g__Akkermansia","s__unidentified"
0.231150288360923,-0.226305983862641,1.83920657875404,-0.123045440613827,0.902071114930044,0.999624337131013,"3adeda0c6589d7aa7883cb95ca07a6c0","k__Bacteria;p__Proteobacteria;c__Gammaproteobacteria;o__Enterobacteriales;f__Enterobacteriaceae;g__Escherichia-Shigella;s__Streptomyces sp. Q1",0.901657705,"Higher in HC","g__Escherichia-Shigella","s__Streptomyces sp. Q1"
0.460720923458462,-0.75949918395539,1.02266458422223,-0.742666946399649,0.457683346115892,0.999624337131013,"ad0ee2978af9fe39bc5a4c297e3ef903","k__Bacteria;p__Firmicutes;c__Clostridia;o__Clostridiales;f__Lachnospiraceae;g__Roseburia;s__gut metagenome",0.999574206,"Higher in HC","g__Roseburia","s__gut metagenome"
0.280949785384386,-0.203976368908804,1.89359405772195,-0.107719164029376,0.914218467270794,0.999624337131013,"f76c3ef81020c2b79d7884b419141b88","k__Bacteria;p__Firmicutes;c__Clostridia;o__Clostridiales;f__Ruminococcaceae;g__Ruminococcaceae UCG-014",0.993587268,"Higher in HC","g__Ruminococcaceae UCG-014",NA
0.301284153704009,-0.142437814532388,1.41140329177303,-0.100919287465636,0.919614532091047,0.999624337131013,"8683f559c8f0228ccfd981ba3630ec0b","k__Bacteria;p__Firmicutes;c__Clostridia;o__Clostridiales;f__Lachnospiraceae;g__[Eubacterium] eligens group",0.997354965,"Higher in HC","g__[Eubacterium] eligens group",NA
0.447742666481691,-0.879430157130862,1.20036702102609,-0.732634387421867,0.463781451828999,0.999624337131013,"f56825e229810af04976ef5606608d0c","k__Bacteria;p__Firmicutes;c__Clostridia;o__Clostridiales;f__Lachnospiraceae;g__[Eubacterium] ventriosum group;s__uncultured bacterium",0.962648941,"Higher in HC","g__[Eubacterium] ventriosum group","s__uncultured bacterium"
0.458723682917688,0.274029190203966,1.62804644401107,0.168317796591129,0.866333273942417,0.999624337131013,"70a208ff63be1ff9d8f3273876c81699","k__Bacteria;p__Firmicutes;c__Clostridia;o__Clostridiales;f__Ruminococcaceae;g__Faecalibacterium;s__uncultured bacterium",0.975328651,"Higher in RA","g__Faecalibacterium","s__uncultured bacterium"
0.419261918851828,-0.458726714177528,1.19866536650494,-0.382697896340393,0.701943774411779,0.999624337131013,"18df93eae880c418616399d11f67b892","k__Bacteria;p__Firmicutes;c__Clostridia;o__Clostridiales;f__Lachnospiraceae",0.999989324,"Higher in HC",NA,NA
0.309085188518516,-1.18932894990441,1.78275958858354,-0.667128062314541,0.504690336598041,0.999624337131013,"ef71ce371c94c4b0639b089c7b562c2a","k__Bacteria;p__Firmicutes;c__Clostridia;o__Clostridiales;f__Ruminococcaceae;g__Ruminiclostridium 5;s__uncultured bacterium",0.753224061,"Higher in HC","g__Ruminiclostridium 5","s__uncultured bacterium"
0.444658192144194,-0.399424573126247,1.2259041435439,-0.32582039568899,0.744560246534133,0.999624337131013,"5a903079430036534efb27790403dc12","k__Bacteria;p__Firmicutes;c__Clostridia;o__Clostridiales;f__Ruminococcaceae;g__Subdoligranulum",0.999896508,"Higher in HC","g__Subdoligranulum",NA
0.305106289892124,0.57218135357893,1.42748162960226,0.400832726469733,0.688543282399515,0.999624337131013,"1839d88e8ba37ec959a979b24959b9f4","k__Bacteria;p__Firmicutes;c__Clostridia;o__Clostridiales;f__Lachnospiraceae;g__Blautia",0.998981339,"Higher in RA","g__Blautia",NA
0.242013858292469,-0.508270653072934,1.90405120531611,-0.266941693402909,0.789514054328043,0.999624337131013,"fec53e4f3c4fe2246a647d0e59fe95d1","k__Bacteria;p__Firmicutes;c__Clostridia;o__Clostridiales;f__Lachnospiraceae;g__Blautia",0.881865534,"Higher in HC","g__Blautia",NA
0.364398801481423,1.01247456435523,1.0100310389206,1.00241925776581,0.316141144960974,0.999624337131013,"6cf1f5e8256a39ca75d3c4fc4705b8d7","k__Bacteria;p__Firmicutes;c__Bacilli;o__Lactobacillales;f__Streptococcaceae;g__Streptococcus",0.999999984,"Higher in RA","g__Streptococcus",NA
0.284030132879923,-0.413972665799,1.90416745323978,-0.217403498360746,0.827893905100562,0.999624337131013,"53bd17447c009e9dcdcbc5b4fd3276f3","k__Bacteria;p__Firmicutes;c__Clostridia;o__Clostridiales;f__Lachnospiraceae;g__Tyzzerella 3;s__unidentified",0.98621933,"Higher in HC","g__Tyzzerella 3","s__unidentified"
0.369501337644859,-0.790891674008087,1.46629897493221,-0.539379545051275,0.58962499216377,0.999624337131013,"e52be2cb9cac987e768123aeda46226f","k__Bacteria;p__Firmicutes;c__Clostridia;o__Clostridiales;f__Lachnospiraceae;g__Lachnoclostridium",0.991611993,"Higher in HC","g__Lachnoclostridium",NA
0.313054624788856,0.706941805920306,1.60293639809438,0.441029230330499,0.659191835808426,0.999624337131013,"0c592758348d016befe3af45fbf9286f","k__Bacteria;p__Firmicutes;c__Clostridia;o__Clostridiales;f__Clostridiaceae 1;g__Clostridium sensu stricto 1",0.999538599,"Higher in RA","g__Clostridium sensu stricto 1",NA
0.284231542110689,-0.393359038874415,1.4325125627858,-0.274593779554333,0.783628345893916,0.999624337131013,"5fc7f96914f289a678372149ac9d1b3e","k__Bacteria;p__Firmicutes;c__Clostridia;o__Clostridiales;f__Ruminococcaceae;g__Faecalibacterium",0.999989607,"Higher in HC","g__Faecalibacterium",NA
0.38237080403829,-0.310264018498856,1.23769890143523,-0.250678107687642,0.802062987877089,0.999624337131013,"bf32bebf17f943f40d4dbf06cb829be6","k__Bacteria;p__Firmicutes;c__Clostridia;o__Clostridiales;f__Lachnospiraceae;g__Lachnospira;s__uncultured bacterium",0.749077913,"Higher in HC","g__Lachnospira","s__uncultured bacterium"
0.289888675036138,-0.317836933387044,1.19008075373999,-0.267071736424774,0.789413928498851,0.999624337131013,"a72c0e42797916152ab9fde7941c6eca","k__Bacteria;p__Proteobacteria;c__Gammaproteobacteria;o__Enterobacteriales;f__Enterobacteriaceae;g__Escherichia-Shigella",0.952721758,"Higher in HC","g__Escherichia-Shigella",NA
0.322773933042967,-0.107979974752465,1.55629078256294,-0.0693829045074989,0.944684836349974,0.999624337131013,"5c11266a4cadb0de51fa7a32e3ab6b5d","k__Bacteria;p__Bacteroidetes;c__Bacteroidia;o__Bacteroidales;f__Prevotellaceae;g__Paraprevotella;s__gut metagenome",0.879043449,"Higher in HC","g__Paraprevotella","s__gut metagenome"
0.447717646552232,-0.43137182499326,1.12382635376945,-0.383842062028876,0.70109551062529,0.999624337131013,"a349896238ccabe1754ab5eac294d569","k__Bacteria;p__Bacteroidetes;c__Bacteroidia;o__Bacteroidales;f__Bacteroidaceae;g__Bacteroides",0.999841124,"Higher in HC","g__Bacteroides",NA
0.406707985896308,-0.480224638675507,1.1114960720588,-0.432052483807702,0.665703268345305,0.999624337131013,"378927aec51c41d88c23bcce0dd817a8","k__Bacteria;p__Proteobacteria;c__Gammaproteobacteria;o__Betaproteobacteriales;f__Burkholderiaceae;g__Parasutterella;s__uncultured organism",0.912097992,"Higher in HC","g__Parasutterella","s__uncultured organism"
0.214755215835091,0.0411098863539388,1.65745528908075,0.0248030137674114,0.980212087160408,0.999624337131013,"4e49504f117b9abafd89647279a44e2b","k__Bacteria;p__Bacteroidetes;c__Bacteroidia;o__Bacteroidales;f__Tannerellaceae;g__Parabacteroides",1,"Higher in RA","g__Parabacteroides",NA
0.348226358055644,0.175823022111766,1.38944868478024,0.126541572954581,0.899303243056254,0.999624337131013,"0f623ba8bf412779ecb8b5152bf026f6","k__Bacteria;p__Firmicutes;c__Clostridia;o__Clostridiales;f__Lachnospiraceae;g__Blautia",0.987517552,"Higher in RA","g__Blautia",NA
0.386090806226701,-0.884489719398591,1.56869085397954,-0.563839406059373,0.57286343089707,0.999624337131013,"a28b815fff5bb36877abd55d1c76ca4c","k__Bacteria;p__Firmicutes;c__Clostridia;o__Clostridiales;f__Lachnospiraceae;g__Coprococcus 2;s__uncultured bacterium",0.989018582,"Higher in HC","g__Coprococcus 2","s__uncultured bacterium"
0.254153462905068,-0.077149129153328,1.41920624836867,-0.0543607592215778,0.956647742207101,0.999624337131013,"ba3549ff255db9c8c2bbe6ccd0fd41a9","k__Bacteria;p__Tenericutes;c__Mollicutes;o__Mollicutes RF39;f__gut metagenome;g__gut metagenome;s__gut metagenome",0.948088678,"Higher in HC","g__gut metagenome","s__gut metagenome"
0.345116402555582,1.48303860103517,1.60898148402294,0.921725088673567,0.35667199058374,0.999624337131013,"e1442e7fd6e4263cec7e6c90df00f0a2","k__Bacteria;p__Firmicutes;c__Clostridia;o__Clostridiales;f__Lachnospiraceae;g__Agathobacter;s__Eubacterium ramulus",0.984264589,"Higher in RA","g__Agathobacter","s__Eubacterium ramulus"
0.224229917869897,0.184030619490935,1.96780608401149,0.0935207086644319,0.925489898655226,0.999624337131013,"d46a130fc1973aeb33eefba2f72e1972","k__Bacteria;p__Firmicutes;c__Clostridia;o__Clostridiales;f__Lachnospiraceae;g__Lachnoclostridium;s__bacterium NLAE-zl-P408",0.804526052,"Higher in RA","g__Lachnoclostridium","s__bacterium NLAE-zl-P408"
0.215238069410882,-1.07876745522392,2.59277081069415,-0.41606741744177,0.677360671342452,0.999624337131013,"7a48644601e1d0c3de48b232b1da7b24","k__Bacteria;p__Firmicutes;c__Clostridia;o__Clostridiales;f__Ruminococcaceae;g__Ruminococcaceae UCG-014",0.99999669,"Higher in HC","g__Ruminococcaceae UCG-014",NA
0.369625131351034,0.799367536997841,1.03739937426843,0.770549469013854,0.440974022387896,0.999624337131013,"97442e5bb63e6b8b62efcc4d296f099f","k__Bacteria;p__Actinobacteria;c__Coriobacteriia;o__Coriobacteriales;f__Coriobacteriaceae;g__Collinsella;s__uncultured bacterium",0.709955943,"Higher in RA","g__Collinsella","s__uncultured bacterium"
0.297789267619707,-1.04990157935652,1.73187041541456,-0.606224097375787,0.544365953172168,0.999624337131013,"9b8c4d488e03aab6ce3db0fa98d1a631","k__Bacteria;p__Firmicutes;c__Clostridia;o__Clostridiales;f__Lachnospiraceae",0.997939922,"Higher in HC",NA,NA
0.406153978056517,-0.665729220337897,1.16813686841772,-0.569906864800567,0.568740868590396,0.999624337131013,"902eaf82b0e3c80ad953b700ba78a3fd","k__Bacteria;p__Firmicutes;c__Clostridia;o__Clostridiales;f__Lachnospiraceae;g__Lachnospiraceae UCG-010;s__uncultured organism",0.993441335,"Higher in HC","g__Lachnospiraceae UCG-010","s__uncultured organism"
0.375623785142001,1.15020586316326,1.31212064382679,0.876600691083327,0.380703563701488,0.999624337131013,"7ac378d7e229365e6d107c9a046f0eef","k__Bacteria;p__Firmicutes;c__Clostridia;o__Clostridiales;f__Lachnospiraceae;g__Agathobacter;s__Eubacterium ramulus",0.982088402,"Higher in RA","g__Agathobacter","s__Eubacterium ramulus"
0.361316852716374,-0.222693474831316,1.54205466740142,-0.144413476084208,0.88517397597855,0.999624337131013,"3edc3c85070bf3af5cf53c093ca7292b","k__Bacteria;p__Firmicutes;c__Clostridia;o__Clostridiales;f__Lachnospiraceae;g__Lachnoclostridium",0.99276297,"Higher in HC","g__Lachnoclostridium",NA
0.418882055174813,0.406894793206449,1.03231029550924,0.394159386936781,0.69346336806317,0.999624337131013,"bf0466a8218de5b006448c34a612381d","k__Bacteria;p__Firmicutes;c__Clostridia;o__Clostridiales;f__Ruminococcaceae;g__Butyricicoccus;s__Butyricicoccus sp. N15.MGS-46",0.724890362,"Higher in RA","g__Butyricicoccus","s__Butyricicoccus sp. N15.MGS-46"
0.430823690422054,-0.404827365757632,1.19671113093314,-0.338283279308988,0.735149722938715,0.999624337131013,"ee96eadbd85dc7a8c59709bb08da95d7","k__Bacteria;p__Firmicutes;c__Clostridia;o__Clostridiales;f__Ruminococcaceae;g__Ruminococcus 1;s__uncultured Ruminococcus sp.",0.997766978,"Higher in HC","g__Ruminococcus 1","s__uncultured Ruminococcus sp."
0.278959304515222,0.429580491762786,1.4798727669672,0.290282044072717,0.771600474494392,0.999624337131013,"0048f831b51636a4d3802e2775448711","k__Bacteria;p__Firmicutes;c__Negativicutes;o__Selenomonadales;f__Acidaminococcaceae;g__Acidaminococcus;s__uncultured bacterium",0.98969378,"Higher in RA","g__Acidaminococcus","s__uncultured bacterium"
0.398644406553905,1.07029994789826,1.33985457134368,0.798817999198903,0.424395952192622,0.999624337131013,"8a2f84eef1e722f5a3e1fc935b092285","k__Bacteria;p__Firmicutes;c__Clostridia;o__Clostridiales;f__Ruminococcaceae;g__Subdoligranulum",0.9998972,"Higher in RA","g__Subdoligranulum",NA
0.44672758053177,-0.439655492027828,1.05135637154595,-0.418179319521644,0.675816014862341,0.999624337131013,"75e835ab38d01421dbd07cc317c05dbb","k__Bacteria;p__Firmicutes;c__Clostridia;o__Clostridiales;f__Ruminococcaceae;g__[Eubacterium] coprostanoligenes group",0.999993465,"Higher in HC","g__[Eubacterium] coprostanoligenes group",NA
0.349832908979918,0.653665916704275,1.22536896385833,0.533444159256387,0.593726155990402,0.999624337131013,"de1843c7b195c008de7d04e4bb19daba","k__Bacteria;p__Actinobacteria;c__Coriobacteriia;o__Coriobacteriales;f__Coriobacteriaceae;g__Collinsella",0.999999906,"Higher in RA","g__Collinsella",NA
0.423735310022494,0.397077867658027,0.958465199570287,0.414285117327213,0.678665311942568,0.999624337131013,"c8b25623a64f2c6f3082a51395337db6","k__Bacteria;p__Proteobacteria;c__Gammaproteobacteria;o__Enterobacteriales;f__Enterobacteriaceae;g__Escherichia-Shigella",0.984135418,"Higher in RA","g__Escherichia-Shigella",NA
0.33822627783455,-0.574336742264444,1.56164555336894,-0.367776632172023,0.713039794522873,0.999624337131013,"7f4f2030d19f1496699c65b00bc0b24a","k__Bacteria;p__Proteobacteria;c__Gammaproteobacteria;o__Enterobacteriales;f__Enterobacteriaceae;g__Escherichia-Shigella;s__Streptomyces sp. Q1",0.957494219,"Higher in HC","g__Escherichia-Shigella","s__Streptomyces sp. Q1"
0.396519251670578,-0.355960707231889,1.09358819868721,-0.325497941235284,0.744804240524153,0.999624337131013,"f525e83f51ab37f9de55aa26195116d8","k__Bacteria;p__Firmicutes;c__Clostridia;o__Clostridiales;f__Ruminococcaceae;g__Ruminococcus 1;s__Ruminococcus sp. UNK.MGS-30",0.997358739,"Higher in HC","g__Ruminococcus 1","s__Ruminococcus sp. UNK.MGS-30"
0.38009805367665,-0.482190763743348,1.7481190673002,-0.275834050873918,0.782675529066089,0.999624337131013,"6715d744ce4a9fe0982a8066353ecd0a","k__Bacteria;p__Firmicutes;c__Clostridia;o__Clostridiales;f__Lachnospiraceae;g__Dorea;s__uncultured organism",0.837071728,"Higher in HC","g__Dorea","s__uncultured organism"
0.336820633911776,-0.170861340191484,1.45150117239506,-0.117713539224741,0.906294638619578,0.999624337131013,"a1f1eea1f575cfb89368773b4ac606ba","k__Bacteria;p__Firmicutes;c__Clostridia;o__Clostridiales;f__Lachnospiraceae;g__Lachnoclostridium;s__human gut metagenome",0.988196675,"Higher in HC","g__Lachnoclostridium","s__human gut metagenome"
0.380823949797847,1.06988982030133,1.11222796723276,0.961933930652033,0.336082793096381,0.999624337131013,"c5a5e45a4249a4fe3f5ae32d1ea7c1e8","k__Bacteria;p__Firmicutes;c__Clostridia;o__Clostridiales;f__Lachnospiraceae;g__Blautia;s__Blautia massiliensis",0.789480637,"Higher in RA","g__Blautia","s__Blautia massiliensis"
0.346617153297246,1.20854692973782,1.36037468107767,0.888392695445068,0.374329553195301,0.999624337131013,"7cc46570041cfb2cb9bc578020f2f84e","k__Bacteria;p__Firmicutes;c__Clostridia;o__Clostridiales;f__Clostridiaceae 1;g__Clostridium sensu stricto 1",0.999592262,"Higher in RA","g__Clostridium sensu stricto 1",NA
0.30516464073554,0.192429202755224,1.91119393112419,0.100685335811021,0.919800252540255,0.999624337131013,"aadb48da373a998fd94ee32d2080d955","k__Bacteria;p__Firmicutes;c__Clostridia;o__Clostridiales;f__Lachnospiraceae;g__Lachnoclostridium",0.819370027,"Higher in RA","g__Lachnoclostridium",NA
0.23156840849648,0.258024711793504,1.62695685712611,0.158593456650893,0.873989184384278,0.999624337131013,"94ce33f1b490642cd3308371ec0b5cc6","k__Bacteria;p__Bacteroidetes;c__Bacteroidia;o__Bacteroidales;f__Bacteroidaceae;g__Bacteroides;s__Bacteroides ovatus V975",0.872516607,"Higher in RA","g__Bacteroides","s__Bacteroides ovatus V975"
0.378492197150048,1.12364383596426,1.36536552003253,0.822961924465094,0.410529646160493,0.999624337131013,"86a54953f4628d6130172ffb3af65e1a","k__Bacteria;p__Firmicutes;c__Clostridia;o__Clostridiales;f__Lachnospiraceae;g__[Eubacterium] eligens group",0.999376844,"Higher in RA","g__[Eubacterium] eligens group",NA
0.27174466057662,0.668380543985563,1.54805465317235,0.431755133848721,0.66591939140203,0.999624337131013,"ef6b1432c11fad3dc229b7cdbe3805d9","k__Bacteria;p__Firmicutes;c__Clostridia;o__Clostridiales;f__Lachnospiraceae;g__[Eubacterium] eligens group",0.99963621,"Higher in RA","g__[Eubacterium] eligens group",NA
0.389694603263948,-1.01265984357241,1.49135033023768,-0.679022107039743,0.497123854675325,0.999624337131013,"593e68cc3116a598c829c8beed25b04b","k__Bacteria;p__Bacteroidetes;c__Bacteroidia;o__Bacteroidales;f__Tannerellaceae;g__Parabacteroides;s__bacterium NLAE-zl-P241",0.854926386,"Higher in HC","g__Parabacteroides","s__bacterium NLAE-zl-P241"
0.264846327510989,0.611553570751904,1.64293856620664,0.37223155103353,0.709720456847738,0.999624337131013,"5ca7551424714932400dae249edb81c9","k__Bacteria;p__Firmicutes;c__Clostridia;o__Clostridiales;f__Lachnospiraceae;g__uncultured;s__Coprococcus sp. HPP0074",0.950854186,"Higher in RA","g__uncultured","s__Coprococcus sp. HPP0074"
0.437561800116804,-0.558683391002688,1.16432250069237,-0.479835604542956,0.631344293509192,0.999624337131013,"1798ea881a136e91cbc55c26468ca0ce","k__Bacteria;p__Firmicutes;c__Clostridia;o__Clostridiales;f__Ruminococcaceae;g__Ruminococcus 1;s__uncultured Ruminococcus sp.",0.997849131,"Higher in HC","g__Ruminococcus 1","s__uncultured Ruminococcus sp."
0.404042607551963,-0.380017737280516,0.786119806010414,-0.483409442651139,0.628805044860628,0.999624337131013,"a08c75f05282b8a353cb41f1b7cd6ade","k__Bacteria;p__Firmicutes;c__Clostridia;o__Clostridiales;f__Ruminococcaceae;g__uncultured;s__Clostridium phoceensis",0.961410808,"Higher in HC","g__uncultured","s__Clostridium phoceensis"
0.382577603829745,0.366428721795168,1.19044401761187,0.307808444894581,0.758228095287643,0.999624337131013,"1f8bc2a92206858ca1a109990300ceb0","k__Bacteria;p__Actinobacteria;c__Coriobacteriia;o__Coriobacteriales;f__Coriobacteriaceae;g__Collinsella",0.999999913,"Higher in RA","g__Collinsella",NA
0.267705488478316,0.906377377992867,1.6440300131995,0.551314374260683,0.581418186460387,0.999624337131013,"4f08bfa8f076f90ea360e4c3e2632a5a","k__Bacteria;p__Firmicutes;c__Clostridia;o__Clostridiales;f__Lachnospiraceae;g__uncultured;s__Coprococcus sp. HPP0074",0.943343313,"Higher in RA","g__uncultured","s__Coprococcus sp. HPP0074"
0.269860769265861,0.0660353222226977,1.58656268791008,0.0416216281435962,0.966800331414638,0.999624337131013,"be48d0b91e89c10899e2305534410ba2","k__Bacteria;p__Firmicutes;c__Clostridia;o__Clostridiales;f__Lachnospiraceae;g__Blautia;s__Blautia massiliensis",0.943586008,"Higher in RA","g__Blautia","s__Blautia massiliensis"
0.304867905228882,-0.567759558923501,1.6866074770476,-0.336628152459849,0.736397231009283,0.999624337131013,"b19fc8884b45db6917eff1b17e9f84d9","k__Bacteria;p__Firmicutes;c__Clostridia;o__Clostridiales;f__Lachnospiraceae",0.999908944,"Higher in HC",NA,NA
0.406479031110081,0.0748340079039742,1.32070188960783,0.0566623009271195,0.954814205245302,0.999624337131013,"355707cf639a9670b47a59c380b176c1","k__Bacteria;p__Firmicutes;c__Clostridia;o__Clostridiales;f__Lachnospiraceae;g__[Eubacterium] xylanophilum group;s__uncultured organism",0.779173103,"Higher in RA","g__[Eubacterium] xylanophilum group","s__uncultured organism"
0.335054588660184,-1.63886891047624,1.69047371194239,-0.969473171276436,0.332309159795986,0.999624337131013,"95c83c07c4bc25e81ba0d08124f7c3e8","k__Bacteria;p__Bacteroidetes;c__Bacteroidia;o__Bacteroidales;f__Rikenellaceae;g__Alistipes;s__uncultured Alistipes sp.",0.947130903,"Higher in HC","g__Alistipes","s__uncultured Alistipes sp."
0.332066916441758,-0.311532443706314,1.80066921641717,-0.173009257261685,0.862644151110505,0.999624337131013,"b1021ebb5599df3b3656914e5a771786","k__Bacteria;p__Firmicutes;c__Clostridia;o__Clostridiales;f__Lachnospiraceae;g__Roseburia;s__uncultured organism",0.721142319,"Higher in HC","g__Roseburia","s__uncultured organism"
0.345393034157197,0.690878774354007,1.12141645000675,0.616076903767415,0.537843764708692,0.999624337131013,"22986c803fad7ab05d45d11f83a03cb8","k__Bacteria;p__Firmicutes;c__Clostridia;o__Clostridiales;f__Peptostreptococcaceae;g__Intestinibacter;s__uncultured bacterium",0.927425186,"Higher in RA","g__Intestinibacter","s__uncultured bacterium"
0.355786346957354,-0.207447943825241,1.85122995546786,-0.112059521947836,0.910776212021023,0.999624337131013,"a71e74bc4496f01de1aa1810a4b2fb77","k__Bacteria;p__Firmicutes;c__Clostridia;o__Clostridiales;f__Ruminococcaceae;g__Faecalibacterium;s__uncultured bacterium",0.970212074,"Higher in HC","g__Faecalibacterium","s__uncultured bacterium"
0.227611455496598,0.756954593475581,1.97428824939816,0.383406320584813,0.701418517604281,0.999624337131013,"1b683768ff81e89bfeaea22445e3f7ec","k__Bacteria;p__Firmicutes;c__Clostridia;o__Clostridiales;f__Lachnospiraceae;g__Blautia",0.999044343,"Higher in RA","g__Blautia",NA
0.27553840322581,-0.421534911160967,1.67256261049432,-0.252029376070044,0.801018357707393,0.999624337131013,"2de7c8af7cff806bb47ffeee2dc59f2c","k__Bacteria;p__Firmicutes;c__Clostridia;o__Clostridiales;f__Ruminococcaceae;g__Ruminococcaceae UCG-014",0.991512176,"Higher in HC","g__Ruminococcaceae UCG-014",NA
0.392155773452264,0.600977353999498,1.2671845772146,0.474261891129157,0.635313163457985,0.999624337131013,"a5fa8334acae6e75aefd1385f6e13d1e","k__Bacteria;p__Firmicutes;c__Clostridia;o__Clostridiales;f__Lachnospiraceae;g__[Eubacterium] ventriosum group",0.999942558,"Higher in RA","g__[Eubacterium] ventriosum group",NA
0.22734982448981,-1.09065636963046,2.38070474229916,-0.458123323842822,0.646863843012328,0.999624337131013,"a4028615e0570c9ab329f26ff2c59124","k__Bacteria;p__Firmicutes;c__Clostridia;o__Clostridiales;f__Lachnospiraceae;g__Lachnoclostridium",0.957439132,"Higher in HC","g__Lachnoclostridium",NA
0.23531289504028,-0.789282635488285,2.09536592189931,-0.376680095461729,0.706411356664354,0.999624337131013,"0f6d7c39c6660da50066ef9e188b2ab7","k__Bacteria;p__Firmicutes;c__Clostridia;o__Clostridiales;f__Lachnospiraceae",0.999832249,"Higher in HC",NA,NA
0.312184624052803,-0.130535618439521,1.55395784500703,-0.0840020331690079,0.933054815248962,0.999624337131013,"d117590aaf9a4815afe277f6c7f80d1a","k__Bacteria;p__Firmicutes;c__Clostridia;o__Clostridiales;f__Lachnospiraceae;g__Fusicatenibacter;s__uncultured organism",0.860431906,"Higher in HC","g__Fusicatenibacter","s__uncultured organism"
0.383006270792578,0.612466498786574,1.49619105288609,0.409350462031671,0.682282488193907,0.999624337131013,"4819d696d65f2dbe2ac9205027e7af9f","k__Bacteria;p__Firmicutes;c__Clostridia;o__Clostridiales;f__Ruminococcaceae;g__Ruminiclostridium 6;s__[Eubacterium] siraeum DSM 15702",0.723000521,"Higher in RA","g__Ruminiclostridium 6","s__[Eubacterium] siraeum DSM 15702"
0.324250807831821,-0.288464016600342,1.32036174592782,-0.218473473265948,0.827060224393156,0.999624337131013,"7c60adb7b585c004a5c3e0ed95af7cec","k__Bacteria;p__Firmicutes;c__Clostridia;o__Clostridiales;f__Lachnospiraceae;g__Lachnospiraceae UCG-001;s__metagenome",0.709682787,"Higher in HC","g__Lachnospiraceae UCG-001","s__metagenome"
0.23675140892019,-0.315945438054351,1.82868031165674,-0.172772373629435,0.862830353099243,0.999624337131013,"15dca3cf57f3e77f7845bd8680d4ebac","k__Bacteria;p__Bacteroidetes;c__Bacteroidia;o__Bacteroidales;f__Bacteroidaceae;g__Bacteroides",0.999999999,"Higher in HC","g__Bacteroides",NA
0.337558385826204,-0.494181102280729,1.41908174816058,-0.34824005235871,0.727659910573455,0.999624337131013,"5a18c016a20dd201b01cdf3e3123a286","k__Bacteria;p__Firmicutes;c__Clostridia;o__Clostridiales;f__Lachnospiraceae;g__Blautia;s__Blautia massiliensis",0.936397491,"Higher in HC","g__Blautia","s__Blautia massiliensis"
0.329564140531997,0.516366590329752,1.6923725690322,0.30511401554153,0.760279316993171,0.999624337131013,"d8dbde6b7e139fa5da29dc5b3715c4e1","k__Bacteria;p__Firmicutes;c__Clostridia;o__Clostridiales;f__Lachnospiraceae;g__Lachnospiraceae UCG-006;s__uncultured organism",0.908024901,"Higher in RA","g__Lachnospiraceae UCG-006","s__uncultured organism"
0.316230282112571,0.602993058645951,0.895812198118861,0.673124411469493,0.500868144731429,0.999624337131013,"3b758c481b9f7227d610650e5039cc7f","k__Bacteria;p__Firmicutes;c__Bacilli;o__Lactobacillales;f__Streptococcaceae;g__Streptococcus;s__Streptococcus sobrinus",0.744181317,"Higher in RA","g__Streptococcus","s__Streptococcus sobrinus"
0.373793042650862,-0.524459827160203,0.855216362443148,-0.613248120816991,0.539712290931884,0.999624337131013,"62fa8598ecf6a6ade3842a17a77267d9","k__Bacteria;p__Firmicutes;c__Clostridia;o__Clostridiales;f__Ruminococcaceae;g__Ruminococcaceae UCG-005;s__uncultured organism",0.989777197,"Higher in HC","g__Ruminococcaceae UCG-005","s__uncultured organism"
0.339251719881563,-0.494166059786708,1.69021619900742,-0.292368550293688,0.770004851472119,0.999624337131013,"82fb760a4976dd8fe22675106fc706bc","k__Bacteria;p__Firmicutes;c__Clostridia;o__Clostridiales;f__Lachnospiraceae",0.998955118,"Higher in HC",NA,NA
0.312338657573275,-0.817677178351405,1.6868641952337,-0.484732073074871,0.627866412274851,0.999624337131013,"dbd35c9a94686fe0a35f27046ff88ce8","k__Bacteria;p__Firmicutes;c__Clostridia;o__Clostridiales;f__Lachnospiraceae",0.99997859,"Higher in HC",NA,NA
0.359376471706475,-0.0295686700891442,1.08688695255759,-0.0272049176959621,0.978296293405004,0.999624337131013,"41de7f92d4fd88920d44a78e772f5955","k__Bacteria;p__Bacteroidetes;c__Bacteroidia;o__Bacteroidales;f__Bacteroidaceae;g__Bacteroides;s__uncultured bacterium",0.757159774,"Higher in HC","g__Bacteroides","s__uncultured bacterium"
0.351115822898372,-0.0229427475690863,1.60799702257874,-0.0142679042603531,0.988616245714638,0.999624337131013,"9d4b3d1e15e7c6c09367b2aa3ff430a9","k__Bacteria;p__Firmicutes;c__Clostridia;o__Clostridiales;f__Lachnospiraceae;g__Lachnospiraceae UCG-006;s__uncultured organism",0.89148351,"Higher in HC","g__Lachnospiraceae UCG-006","s__uncultured organism"
0.436291738548389,0.531729451593565,0.965297643423285,0.550845073761773,0.581739882619796,0.999624337131013,"077fd623f0667a8d04b1bf49f767daf3","k__Bacteria;p__Firmicutes;c__Clostridia;o__Clostridiales;f__Ruminococcaceae;g__Ruminococcaceae UCG-002",0.998762472,"Higher in RA","g__Ruminococcaceae UCG-002",NA
0.303136651192109,0.507541939173721,1.59684371297309,0.317840709801682,0.750605768728638,0.999624337131013,"59618480a21aef1355fcae0364f1379d","k__Bacteria;p__Firmicutes;c__Clostridia;o__Clostridiales;f__Lachnospiraceae;g__Lachnospira;s__uncultured bacterium",0.801112882,"Higher in RA","g__Lachnospira","s__uncultured bacterium"
0.441585910502263,-0.675511560281933,1.05884815316291,-0.637968303825337,0.523494313110067,0.999624337131013,"fd9409a62e7253fed4739aa38ca8eca2","k__Bacteria;p__Firmicutes;c__Clostridia;o__Clostridiales;f__Ruminococcaceae;g__[Eubacterium] coprostanoligenes group;s__uncultured organism",0.930542733,"Higher in HC","g__[Eubacterium] coprostanoligenes group","s__uncultured organism"
0.319576084353362,0.9428093900716,1.79546458284122,0.525106091805865,0.59950944151901,0.999624337131013,"fabf1e1851d85eb2f673a5a27b4991b2","k__Bacteria;p__Firmicutes;c__Clostridia;o__Clostridiales;f__Ruminococcaceae;g__Ruminococcaceae UCG-014",0.925676793,"Higher in RA","g__Ruminococcaceae UCG-014",NA
0.352876296401384,-0.645721071492089,1.35288987625644,-0.477290193994836,0.633155492709501,0.999624337131013,"87f2c5c47956d3df92609522b3cc675f","k__Bacteria;p__Firmicutes;c__Clostridia;o__Clostridiales;f__Ruminococcaceae;g__Butyricicoccus",0.999190556,"Higher in HC","g__Butyricicoccus",NA
0.297248802350128,0.054963269754268,1.79816076483411,0.0305663825110425,0.975615352485185,0.999624337131013,"7005338397dd7499de97d4e723c0e98a","k__Bacteria;p__Firmicutes;c__Clostridia;o__Clostridiales;f__Lachnospiraceae",0.999768914,"Higher in RA",NA,NA
0.391205880542057,0.436695357509676,1.10959752307454,0.393561943342894,0.69390448296895,0.999624337131013,"8e328cde6c909b442f484c08162785ff","k__Bacteria;p__Firmicutes;c__Clostridia;o__Clostridiales;f__Ruminococcaceae;g__Faecalibacterium",0.99999081,"Higher in RA","g__Faecalibacterium",NA
0.360300209739336,0.412863121122847,1.14383945343129,0.360944990911389,0.718140569613875,0.999624337131013,"d40bd374696ffac56311ef79f7532b43","k__Bacteria;p__Firmicutes;c__Clostridia;o__Clostridiales;f__Ruminococcaceae;g__Butyricicoccus",0.999973918,"Higher in RA","g__Butyricicoccus",NA
0.296493870910715,-0.461504821828747,2.11691217734608,-0.218008487441044,0.827422498453103,0.999624337131013,"79710b29b11ac1151790c75a6ea8067a","k__Bacteria;p__Firmicutes;c__Clostridia;o__Clostridiales;f__Ruminococcaceae;g__Ruminococcaceae UCG-014;s__uncultured bacterium",0.824220643,"Higher in HC","g__Ruminococcaceae UCG-014","s__uncultured bacterium"
0.407537268171598,0.16679106955159,1.17401305695126,0.142069177650138,0.887025363863865,0.999624337131013,"27b112e90ac2dabaa42f1a39e407644d","k__Bacteria;p__Firmicutes;c__Clostridia;o__Clostridiales;f__Lachnospiraceae;g__Agathobacter",0.765893164,"Higher in RA","g__Agathobacter",NA
0.302511004060489,0.635557744762066,1.37838882232146,0.461087419217221,0.644735887438394,0.999624337131013,"7ebdb89b91a18f1bf5dde22b121b3bdf","k__Bacteria;p__Proteobacteria;c__Gammaproteobacteria;o__Pasteurellales;f__Pasteurellaceae;g__Haemophilus",0.752682686,"Higher in RA","g__Haemophilus",NA
0.35630624889757,-0.826286528854426,1.33095716455736,-0.620821278744328,0.534717221056646,0.999624337131013,"c1bfa9cee8aee6b6eb922001d4a8139e","k__Bacteria;p__Firmicutes;c__Clostridia;o__Clostridiales;f__Lachnospiraceae;g__[Ruminococcus] gauvreauii group;s__unidentified",0.954286779,"Higher in HC","g__[Ruminococcus] gauvreauii group","s__unidentified"
0.383754837507955,-1.12748714311219,1.23180980441023,-0.915309440690817,0.360029204371093,0.999624337131013,"87b01faa5c81238475526b0dd187caf1","k__Bacteria;p__Firmicutes;c__Clostridia;o__Clostridiales;f__Lachnospiraceae;g__Dorea;s__Dorea formicigenerans ATCC 27755",0.990178083,"Higher in HC","g__Dorea","s__Dorea formicigenerans ATCC 27755"
0.257022298387921,0.95544573808106,1.97407111910114,0.483997627459393,0.62838755290353,0.999624337131013,"9c8e2812d1d78a19667324a6241109b2","k__Bacteria;p__Firmicutes;c__Clostridia;o__Clostridiales;f__Lachnospiraceae;g__Fusicatenibacter;s__uncultured organism",0.809454854,"Higher in RA","g__Fusicatenibacter","s__uncultured organism"
0.289237129781593,-0.959611581713526,2.28937909692508,-0.419158007951765,0.675100658928694,0.999624337131013,"13f9a88b37fabe328281d9ad47c320bc","k__Bacteria;p__Firmicutes;c__Clostridia;o__Clostridiales;f__Lachnospiraceae;g__Agathobacter",0.903422512,"Higher in HC","g__Agathobacter",NA
0.328563874270452,-0.9122260582366,1.37821079134294,-0.661891536451925,0.508040736283184,0.999624337131013,"2d88142942d4ea98506b09cbcc1d7613","k__Bacteria;p__Firmicutes;c__Clostridia;o__Clostridiales;f__Ruminococcaceae;g__Butyricicoccus;s__uncultured bacterium",0.849672936,"Higher in HC","g__Butyricicoccus","s__uncultured bacterium"
0.365284491522206,0.97367484271944,1.39317234922283,0.698890444719633,0.484620499468627,0.999624337131013,"b059aaaccb36476181df80a226f5a26b","k__Bacteria;p__Firmicutes;c__Clostridia;o__Clostridiales;f__Lachnospiraceae;g__[Eubacterium] eligens group",0.999381803,"Higher in RA","g__[Eubacterium] eligens group",NA
0.350715897400734,-0.533980084461151,1.5223029197445,-0.35077124108175,0.725759974276174,0.999624337131013,"fbc7e37a0e23af70ab549fd0b1c674f9","k__Bacteria;p__Firmicutes;c__Clostridia;o__Clostridiales;f__Lachnospiraceae;g__Roseburia",0.979703906,"Higher in HC","g__Roseburia",NA
0.261256407888442,0.198226840993882,0.437007887723216,0.453600144442773,0.650116649522754,0.999624337131013,"298b8861bc60ede8776ce7a5b7610467","k__Bacteria;p__Firmicutes;c__Bacilli;o__Bacillales;f__Family XI;g__Gemella",0.99999998,"Higher in RA","g__Gemella",NA
0.31813506680349,-0.0452737735227753,1.55507165249266,-0.0291136253755285,0.976773968926517,0.999624337131013,"9a0d366c7bbaa465a951178d24706329","k__Bacteria;p__Firmicutes;c__Clostridia;o__Clostridiales;f__Ruminococcaceae;g__Ruminococcaceae UCG-002",0.998645907,"Higher in HC","g__Ruminococcaceae UCG-002",NA
0.328633891775502,0.817503923150511,1.08176832015253,0.755710726521594,0.449822651453165,0.999624337131013,"29c3697eaa92bc3454fd5e1674488928","k__Bacteria;p__Firmicutes;c__Clostridia;o__Clostridiales;f__Clostridiaceae 1;g__Clostridium sensu stricto 1",0.999831042,"Higher in RA","g__Clostridium sensu stricto 1",NA
0.215596236360577,-0.0919100952094748,2.26536614551809,-0.0405718498933668,0.967637226202513,0.999624337131013,"a34add9c81d8b5ff1219d4aa82897a04","k__Bacteria;p__Bacteroidetes;c__Bacteroidia;o__Bacteroidales;f__Prevotellaceae;g__Prevotella 9",0.999995994,"Higher in HC","g__Prevotella 9",NA
0.386424576574356,-0.269826362829601,1.25831294226685,-0.2144350215007,0.830207833563588,0.999624337131013,"2db9f4120f4d4c749867c0adc27b3656","k__Bacteria;p__Firmicutes;c__Clostridia;o__Clostridiales;f__Ruminococcaceae;g__Ruminococcus 1;s__metagenome",0.996365723,"Higher in HC","g__Ruminococcus 1","s__metagenome"
0.337214422328876,-0.176503278157615,1.21838645561832,-0.144866415203245,0.884816343449724,0.999624337131013,"b8ea2459dc8244e7e30a39a458855e05","k__Bacteria;p__Bacteroidetes;c__Bacteroidia;o__Bacteroidales;f__Bacteroidaceae;g__Bacteroides;s__Bacteroides salyersiae CL02T12C01",0.962927481,"Higher in HC","g__Bacteroides","s__Bacteroides salyersiae CL02T12C01"
0.407215752401167,0.726473943089873,1.17388782659443,0.618861467536849,0.536007624647753,0.999624337131013,"64c196d2447cccabdfd59e62c638645d","k__Bacteria;p__Firmicutes;c__Clostridia;o__Clostridiales;f__Lachnospiraceae",0.999906443,"Higher in RA",NA,NA
0.246065601160527,-0.389130619811962,2.11368086981436,-0.1841009328178,0.85393427470488,0.999624337131013,"83fa8a3d5fe7b7b13627b3d51265eda4","k__Bacteria;p__Firmicutes;c__Clostridia;o__Clostridiales;f__Ruminococcaceae;g__Ruminococcus 2",0.999741206,"Higher in HC","g__Ruminococcus 2",NA
0.322631766406707,0.773767644699955,1.38237780622085,0.559736738551441,0.575659019349874,0.999624337131013,"53e1f6ba3a33d0d81509fcb46d9d4467","k__Bacteria;p__Firmicutes;c__Clostridia;o__Clostridiales;f__Lachnospiraceae;g__Anaerostipes",0.999880785,"Higher in RA","g__Anaerostipes",NA
0.348616691334667,0.167091681659699,1.10647299224215,0.151012887645007,0.879965549618994,0.999624337131013,"f3fb30f7cc9ae28f29344c407ef4063a","k__Bacteria;p__Bacteroidetes;c__Bacteroidia;o__Bacteroidales;f__Bacteroidaceae;g__Bacteroides",0.999999998,"Higher in RA","g__Bacteroides",NA
0.338576700727251,0.414132843624354,1.184246736515,0.349701486062831,0.726562738295786,0.999624337131013,"fb55c6448b226679f1b6859c052f7b09","k__Bacteria;p__Firmicutes;c__Clostridia;o__Clostridiales;f__Ruminococcaceae;g__Flavonifractor",0.999273677,"Higher in RA","g__Flavonifractor",NA
0.342296321276593,-0.530827639048654,1.60759903704346,-0.330199027753152,0.7412495814186,0.999624337131013,"ff047cb3fc0e3e6ec5a9c008016ea8db","k__Bacteria;p__Bacteroidetes;c__Bacteroidia;o__Bacteroidales;f__Bacteroidaceae;g__Bacteroides",1,"Higher in HC","g__Bacteroides",NA
0.334137514665886,0.988616698431887,1.70613600997104,0.579447765391617,0.562287082292935,0.999624337131013,"db80794d2e63ed06dec8e1f9c0a917ff","k__Bacteria;p__Firmicutes;c__Clostridia;o__Clostridiales;f__Lachnospiraceae;g__Agathobacter;s__Eubacterium ramulus",0.988241924,"Higher in RA","g__Agathobacter","s__Eubacterium ramulus"
0.215462499981999,-0.25264298361551,2.17637561393329,-0.116084274239279,0.907585751888051,0.999624337131013,"0367caaee5c17d455bd9de13f29125f1","k__Bacteria;p__Firmicutes;c__Clostridia;o__Clostridiales;f__Lachnospiraceae;g__Lachnospiraceae UCG-006;s__uncultured organism",0.840845996,"Higher in HC","g__Lachnospiraceae UCG-006","s__uncultured organism"
0.308512160136974,-0.932056165602466,1.73479836319765,-0.537270604685412,0.591080707176639,0.999624337131013,"09a9812b9d41114cf894f30e8f074507","k__Bacteria;p__Firmicutes;c__Clostridia;o__Clostridiales;f__Lachnospiraceae",0.999998702,"Higher in HC",NA,NA
0.374881677380917,-1.04170726857171,1.12397911795245,-0.926803044588039,0.354028803917138,0.999624337131013,"69944022a82f912019faf39abbcdfb4b","k__Bacteria;p__Firmicutes;c__Negativicutes;o__Selenomonadales;f__Veillonellaceae;g__Allisonella;s__uncultured bacterium",0.976310142,"Higher in HC","g__Allisonella","s__uncultured bacterium"
0.39392874228976,-0.946100505265293,1.08512827532095,-0.871878953652245,0.38327441638298,0.999624337131013,"12fb9682ebb8b2b05e0e77148b6313be","k__Bacteria;p__Firmicutes;c__Negativicutes;o__Selenomonadales;f__Veillonellaceae;g__Allisonella;s__uncultured bacterium",0.962587583,"Higher in HC","g__Allisonella","s__uncultured bacterium"
0.212583695289662,0.398817460166665,1.54306029522651,0.258458766258465,0.796052867801521,0.999624337131013,"49fd03c9957b8317c5372af250bac916","k__Bacteria;p__Firmicutes;c__Clostridia;o__Clostridiales;f__Lachnospiraceae;g__Blautia",0.950490603,"Higher in RA","g__Blautia",NA
0.25303242471467,-1.24048533501247,2.47430593227015,-0.501346789349667,0.616127081297266,0.999624337131013,"c6e9d79f82ba5e2aa6502e827965f6e7","k__Bacteria;p__Proteobacteria;c__Gammaproteobacteria;o__Enterobacteriales;f__Enterobacteriaceae;g__Escherichia-Shigella",0.993822687,"Higher in HC","g__Escherichia-Shigella",NA
0.359948578966119,0.765892087658916,1.56008219968342,0.49093059828151,0.623475534678076,0.999624337131013,"f24426c9d4af9304d8a7263a39ef55ee","k__Bacteria;p__Actinobacteria;c__Actinobacteria;o__Bifidobacteriales;f__Bifidobacteriaceae;g__Bifidobacterium",0.999981462,"Higher in RA","g__Bifidobacterium",NA
0.315662763677886,-0.835974583059041,1.04755934211274,-0.798021218896324,0.424858176684869,0.999624337131013,"dfce971148079141114b919db54ac46b","k__Bacteria;p__Firmicutes;c__Clostridia;o__Clostridiales;f__Lachnospiraceae;g__Lachnoclostridium;s__Clostridiales bacterium VE202-15",0.975488628,"Higher in HC","g__Lachnoclostridium","s__Clostridiales bacterium VE202-15"
0.293640008888539,0.12787015422899,1.4840015383208,0.0861657828021387,0.931334630880669,0.999624337131013,"d8f69abe0b624a483b9037ddf20949b1","k__Bacteria;p__Firmicutes;c__Clostridia;o__Clostridiales;f__Lachnospiraceae;g__Lachnoclostridium;s__human gut metagenome",0.987022051,"Higher in RA","g__Lachnoclostridium","s__human gut metagenome"
0.248904275543383,0.461102016543034,1.89608400337179,0.243186491591649,0.80786093095286,0.999624337131013,"f54286e7b1d95dbd9983155b14e5a9a8","k__Bacteria;p__Firmicutes;c__Clostridia;o__Clostridiales;f__Ruminococcaceae;g__Faecalibacterium",0.999933963,"Higher in RA","g__Faecalibacterium",NA
0.262828801234564,-0.141671861858413,1.58949838592665,-0.0891299186666496,0.928978660353965,0.999624337131013,"bd2d76343c963f104369ebd735995a45","k__Bacteria;p__Firmicutes;c__Clostridia;o__Clostridiales;f__Lachnospiraceae;g__Lachnoclostridium;s__bacterium NLAE-zl-P408",0.843638641,"Higher in HC","g__Lachnoclostridium","s__bacterium NLAE-zl-P408"
0.245862850912116,-0.968863686183448,1.71229842153783,-0.565826420206182,0.571511784356869,0.999624337131013,"42956d865b8575e33d071abad9f9e6ed","k__Bacteria;p__Bacteroidetes;c__Bacteroidia;o__Bacteroidales;f__Bacteroidaceae;g__Bacteroides;s__human gut metagenome",0.80037051,"Higher in HC","g__Bacteroides","s__human gut metagenome"
0.35883387854772,0.942087052719144,1.16723960430944,0.807106826431323,0.419604939517164,0.999624337131013,"750c2acaa8e797eafedb952a9a6b922b","k__Bacteria;p__Firmicutes;c__Clostridia;o__Clostridiales;f__Lachnospiraceae;g__[Ruminococcus] torques group;s__Ruminococcus torques ATCC 27756",0.93312529,"Higher in RA","g__[Ruminococcus] torques group","s__Ruminococcus torques ATCC 27756"
0.227969163093578,0.333259588797817,1.76908925394552,0.188379183274423,0.850579416902408,0.999624337131013,"0bb3d408f8b3e2dbd7ea6997b818d378","k__Bacteria;p__Firmicutes;c__Clostridia;o__Clostridiales;f__Ruminococcaceae;g__Ruminococcaceae UCG-014",0.999698031,"Higher in RA","g__Ruminococcaceae UCG-014",NA
0.404516975071164,0.156393387301409,1.2117888913971,0.129059928186914,0.897310229437816,0.999624337131013,"ae14abcf00c147d81b54ad80b63ba665","k__Bacteria;p__Firmicutes;c__Clostridia;o__Clostridiales;f__Lachnospiraceae;g__Marvinbryantia",0.959879979,"Higher in RA","g__Marvinbryantia",NA
0.356220622650193,-0.0342003150803617,1.33039782991179,-0.0257068331828451,0.97949117356764,0.999624337131013,"e6c725105e64ef28d822d4599705893c","k__Bacteria;p__Firmicutes;c__Clostridia;o__Clostridiales;f__Lachnospiraceae;g__Blautia",0.97240829,"Higher in HC","g__Blautia",NA
0.354462462689697,-0.912288498702115,0.999637847433776,-0.912619006017129,0.361442954820309,0.999624337131013,"cfd587687ef1cbc21f45711eba5ef486","k__Bacteria;p__Firmicutes;c__Clostridia;o__Clostridiales;f__Ruminococcaceae;g__Ruminiclostridium 9",0.982808407,"Higher in HC","g__Ruminiclostridium 9",NA
0.2120188154877,-0.162482372187048,1.94387295659228,-0.083586929709588,0.933384859147549,0.999624337131013,"9d9784ffd73e2ff2fe1015278ca07369","k__Bacteria;p__Firmicutes;c__Clostridia;o__Clostridiales;f__Ruminococcaceae;g__Ruminococcaceae UCG-014;s__uncultured bacterium",0.708122597,"Higher in HC","g__Ruminococcaceae UCG-014","s__uncultured bacterium"
0.298269233089079,-0.478614865362029,1.63849625508729,-0.292106169834688,0.770205449469322,0.999624337131013,"1eefac8d0b390642479877000c6774f7","k__Bacteria;p__Firmicutes;c__Clostridia;o__Clostridiales;f__Lachnospiraceae;g__Fusicatenibacter;s__uncultured organism",0.847167682,"Higher in HC","g__Fusicatenibacter","s__uncultured organism"
0.350165343303976,-0.617050648353591,0.855504565742642,-0.721271017201346,0.470742785241718,0.999624337131013,"841b18509332c444cd9cb72790ef2584","k__Bacteria;p__Firmicutes;c__Clostridia;o__Clostridiales;f__Ruminococcaceae;g__Oscillibacter;s__gut metagenome",0.959017342,"Higher in HC","g__Oscillibacter","s__gut metagenome"
0.232257661381909,0.50912576555679,1.82744028894136,0.278600493070954,0.780551434267942,0.999624337131013,"a6db5db4726de40f02e1a309964b2006","k__Bacteria;p__Firmicutes;c__Clostridia;o__Clostridiales;f__Ruminococcaceae;g__Ruminococcaceae UCG-014",0.999678004,"Higher in RA","g__Ruminococcaceae UCG-014",NA
0.223358066864489,1.03013186525815,1.96442804800051,0.524392769848033,0.600005384281406,0.999624337131013,"162160768f8a79ec630bd2f19027be83","k__Bacteria;p__Firmicutes;c__Clostridia;o__Clostridiales;f__Lachnospiraceae;g__[Ruminococcus] gnavus group;s__uncultured organism",0.722700893,"Higher in RA","g__[Ruminococcus] gnavus group","s__uncultured organism"
0.342007133479313,0.278452602782384,0.836753299181121,0.332777418451638,0.739302305124743,0.999624337131013,"a6cf245fdd5397cdaf80cd8143d7b749","k__Bacteria;p__Bacteroidetes;c__Bacteroidia;o__Bacteroidales;f__Bacteroidaceae;g__Bacteroides;s__uncultured bacterium",0.979454756,"Higher in RA","g__Bacteroides","s__uncultured bacterium"
0.350899398413246,-1.0059556203777,1.35317774622009,-0.743402426760044,0.457238075509397,0.999624337131013,"1f8c176582e839bc6565a6930bc7dadf","k__Bacteria;p__Firmicutes;c__Clostridia;o__Clostridiales;f__Lachnospiraceae;g__Lachnospiraceae UCG-010;s__uncultured organism",0.993456458,"Higher in HC","g__Lachnospiraceae UCG-010","s__uncultured organism"
0.343411461687381,0.814783054279732,1.20049213013263,0.678707534875481,0.497323190991547,0.999624337131013,"31c56430a95194e4d482c41638d50997","k__Bacteria;p__Actinobacteria;c__Coriobacteriia;o__Coriobacteriales;f__Coriobacteriaceae;g__Collinsella",0.999999902,"Higher in RA","g__Collinsella",NA
0.341623820937628,0.476235707662593,1.06634902834549,0.446603968309986,0.655161029882263,0.999624337131013,"91d5b5ff5608ac7222e5ac8c7bf21bb4","k__Bacteria;p__Firmicutes;c__Clostridia;o__Clostridiales;f__Ruminococcaceae;g__Flavonifractor",0.999271964,"Higher in RA","g__Flavonifractor",NA
0.418652397219527,-0.0349754616751074,0.837788407355636,-0.0417473688678776,0.966700091957888,0.999624337131013,"21b98ae8ca5387dadc9e23c36cbdefb9","k__Bacteria;p__Firmicutes;c__Clostridia;o__Clostridiales;f__Ruminococcaceae;g__Ruminococcaceae UCG-005;s__gut metagenome",0.713181444,"Higher in HC","g__Ruminococcaceae UCG-005","s__gut metagenome"
0.325182412394389,-0.318915293463652,1.09406332186787,-0.291496193217751,0.770671854906136,0.999624337131013,"4023629d5caed5ff8fde38bf5975d3e4","k__Bacteria;p__Firmicutes;c__Clostridia;o__Clostridiales;f__Lachnospiraceae;g__Lachnospiraceae ND3007 group",0.999964527,"Higher in HC","g__Lachnospiraceae ND3007 group",NA
0.2641310434651,0.496158762855666,1.83424404920865,0.270497681630602,0.786777400262064,0.999624337131013,"9100cd3216c034278630c1c750f9236a","k__Bacteria;p__Firmicutes;c__Clostridia;o__Clostridiales;f__Ruminococcaceae;g__Faecalibacterium",0.999988529,"Higher in RA","g__Faecalibacterium",NA
0.212195581602428,-0.844382525134817,1.34896780508992,-0.625947129315315,0.531349620393393,0.999624337131013,"9ba1198eef3ca771846dae611d7850a5","k__Bacteria;p__Bacteroidetes;c__Bacteroidia;o__Bacteroidales;f__Barnesiellaceae;g__Coprobacter;s__uncultured organism",0.961484186,"Higher in HC","g__Coprobacter","s__uncultured organism"
0.218458437408131,-0.0613132914299425,2.01548143385911,-0.030421164095044,0.975731166158791,0.999624337131013,"70c22068918b6098a274f63ce2dd38cf","k__Bacteria;p__Firmicutes;c__Clostridia;o__Clostridiales;f__Ruminococcaceae;g__Ruminococcaceae UCG-014;s__uncultured bacterium",0.71850312,"Higher in HC","g__Ruminococcaceae UCG-014","s__uncultured bacterium"
0.255100706546681,-0.410224325579757,1.42515482052131,-0.287845446454513,0.773465047627166,0.999624337131013,"9900822f017738f93d670bb38ddbae87","k__Bacteria;p__Firmicutes;c__Clostridia;o__Clostridiales;f__Ruminococcaceae;g__Ruminococcaceae UCG-013;s__uncultured Clostridium sp.",0.755694871,"Higher in HC","g__Ruminococcaceae UCG-013","s__uncultured Clostridium sp."
0.33885894896599,0.313137934338731,1.36293996881127,0.229751817031122,0.818284627573916,0.999624337131013,"dc7dc2fcd4772d07ae7f0046b3897591","k__Bacteria;p__Firmicutes;c__Clostridia;o__Clostridiales;f__Lachnospiraceae;g__Lachnoclostridium;s__human gut metagenome",0.990479263,"Higher in RA","g__Lachnoclostridium","s__human gut metagenome"
0.213732775729002,-1.38878801974038,2.47987888401878,-0.560022519119876,0.575464077692911,0.999624337131013,"3aa053a1e436effb0df9f2bd3ba72d01","k__Bacteria;p__Firmicutes;c__Clostridia;o__Clostridiales;f__Lachnospiraceae",0.999928488,"Higher in HC",NA,NA
0.383728122995208,-0.407019774864216,1.05353810915747,-0.386336072066455,0.699247788671897,0.999624337131013,"6c3377c622ad2ed2b5b6bc35e35afe87","k__Bacteria;p__Firmicutes;c__Clostridia;o__Clostridiales;f__Ruminococcaceae;g__Butyricicoccus;s__uncultured bacterium",0.868235901,"Higher in HC","g__Butyricicoccus","s__uncultured bacterium"
0.236962637395875,-0.241845952132489,1.57722069696673,-0.153336785776144,0.878132692820493,0.999624337131013,"05926ad5e411b750c54dae9d6abbe5d6","k__Bacteria;p__Firmicutes;c__Negativicutes;o__Veillonellales;f__Veillonellaceae;g__Megasphaera;s__Megasphaera sp. MH",0.999580777,"Higher in HC","g__Megasphaera","s__Megasphaera sp. MH"
0.297679948086826,0.0480154069191882,1.90641429660658,0.0251862394258455,0.979906412823196,0.999624337131013,"9eaf15c18c4717af8b3940aedc2b37ee","k__Bacteria;p__Firmicutes;c__Clostridia;o__Clostridiales;f__Lachnospiraceae;g__[Eubacterium] hallii group;s__uncultured organism",0.842691974,"Higher in RA","g__[Eubacterium] hallii group","s__uncultured organism"
0.315990829162767,-0.510591893119899,1.4748464558381,-0.346200033975571,0.729192389189098,0.999624337131013,"de65418053c226e164e958ab3896611c","k__Bacteria;p__Firmicutes;c__Clostridia;o__Clostridiales;f__Ruminococcaceae;g__Negativibacillus;s__uncultured bacterium",0.965681282,"Higher in HC","g__Negativibacillus","s__uncultured bacterium"
0.434621327925842,-0.489167108588366,0.673412494628302,-0.726400404641092,0.467593343217892,0.999624337131013,"f27869797cec1353c2e7d8ff34cf920d","k__Bacteria;p__Bacteroidetes;c__Bacteroidia;o__Bacteroidales;f__Odoribacteraceae;g__Butyricimonas;s__uncultured organism",0.900073985,"Higher in HC","g__Butyricimonas","s__uncultured organism"
0.377913061925593,-0.605605221393168,0.661510649253646,-0.915488242066014,0.359935372302362,0.999624337131013,"804dbe6da5162fa41636cd268cc05923","k__Bacteria;p__Bacteroidetes;c__Bacteroidia;o__Bacteroidales;f__Rikenellaceae;g__Alistipes;s__gut metagenome",0.810711997,"Higher in HC","g__Alistipes","s__gut metagenome"
0.368288159394822,-0.388633476535234,0.522531146207637,-0.743751792320537,0.457026649730131,0.999624337131013,"f26581b77191791fdc62c3d9ec545021","k__Bacteria;p__Firmicutes;c__Clostridia;o__Clostridiales;f__Lachnospiraceae;g__Lachnospiraceae UCG-010;s__uncultured bacterium",0.955738701,"Higher in HC","g__Lachnospiraceae UCG-010","s__uncultured bacterium"
0.341126546091208,1.04049930229555,1.74919904711467,0.594843282136399,0.551948232858729,0.999624337131013,"13f99f26da49a072c0fbc68142e0ecac","k__Bacteria;p__Firmicutes;c__Clostridia;o__Clostridiales;f__Lachnospiraceae;g__Fusicatenibacter;s__uncultured organism",0.886170491,"Higher in RA","g__Fusicatenibacter","s__uncultured organism"
0.347597390365366,-0.558859196902823,1.38557422421315,-0.403341219211977,0.686697222595007,0.999624337131013,"50867e76538b1106f9af8d23577712ce","k__Bacteria;p__Firmicutes;c__Clostridia;o__Clostridiales;f__Christensenellaceae;g__Christensenellaceae R-7 group;s__uncultured prokaryote",0.974012151,"Higher in HC","g__Christensenellaceae R-7 group","s__uncultured prokaryote"
0.316222334948731,-0.943203010845682,1.55011017961562,-0.608474818918721,0.542872602031052,0.999624337131013,"7623439da29b8bbe50a564f8e1723d93","k__Bacteria;p__Firmicutes;c__Clostridia;o__Clostridiales;f__Ruminococcaceae;g__Ruminococcaceae UCG-014",0.939300075,"Higher in HC","g__Ruminococcaceae UCG-014",NA
0.346999488005416,-0.240897216802632,1.22507415226154,-0.19663888619144,0.844110137893421,0.999624337131013,"70159e19db38d9f7d848b4814d48d643","k__Bacteria;p__Firmicutes;c__Clostridia;o__Clostridiales;f__Ruminococcaceae;g__Butyricicoccus;s__uncultured bacterium",0.759477905,"Higher in HC","g__Butyricicoccus","s__uncultured bacterium"
0.386171251873717,-0.996762065535199,0.948607307224565,-1.05076363838217,0.293367159853285,0.999624337131013,"c3d11a303d9c3468dad9ca12574096c1","k__Bacteria;p__Firmicutes;c__Clostridia;o__Clostridiales;f__Lachnospiraceae;g__GCA-900066575",0.999841193,"Higher in HC","g__GCA-900066575",NA
0.233161325153962,-0.340626190118616,2.17589191149473,-0.156545547285307,0.875603020223385,0.999624337131013,"8a2525cc09b455c728ba89bebda66837","k__Bacteria;p__Firmicutes;c__Clostridia;o__Clostridiales;f__Ruminococcaceae;g__Faecalibacterium;s__human gut metagenome",0.758029138,"Higher in HC","g__Faecalibacterium","s__human gut metagenome"
0.267764691275001,0.59627103660827,1.51143193976399,0.394507368093185,0.693206488444111,0.999624337131013,"8283ae6aca9f78b1ac297837797a03d6","k__Bacteria;p__Firmicutes;c__Clostridia;o__Clostridiales;f__Clostridiaceae 1;g__Clostridium sensu stricto 1",0.999584513,"Higher in RA","g__Clostridium sensu stricto 1",NA
0.36428887213336,-0.63906569908777,1.1973292361868,-0.533742666405638,0.593519585530842,0.999624337131013,"f596d469f90c040c12a98a5e5b064129","k__Bacteria;p__Firmicutes;c__Clostridia;o__Clostridiales;f__Ruminococcaceae;g__Ruminococcaceae UCG-002;s__uncultured bacterium",0.870725942,"Higher in HC","g__Ruminococcaceae UCG-002","s__uncultured bacterium"
0.238944988370461,0.0249080718301946,1.67059457516154,0.0149097047246104,0.988104217533079,0.999624337131013,"bf8b81f4aea6cc363630f7ebf88a01c4","k__Bacteria;p__Firmicutes;c__Clostridia;o__Clostridiales;f__Lachnospiraceae;g__uncultured;s__uncultured bacterium adhufec236",0.994272066,"Higher in RA","g__uncultured","s__uncultured bacterium adhufec236"
0.301357065981643,0.676413759307186,1.63637015297932,0.413362317856781,0.679341178418524,0.999624337131013,"c1c8ea0de0321a8c8c64ebcf82350e88","k__Bacteria;p__Firmicutes;c__Clostridia;o__Clostridiales;f__Lachnospiraceae;g__Blautia;s__Blautia sp. Marseille-P3387",0.925202377,"Higher in RA","g__Blautia","s__Blautia sp. Marseille-P3387"
0.226386874045352,0.899062619907986,2.10343783500372,0.427425334348613,0.669069558069925,0.999624337131013,"3ae503f55ba0ed32c74f66847aebe8c0","k__Bacteria;p__Firmicutes;c__Clostridia;o__Clostridiales;f__Lachnospiraceae;g__Anaerostipes",0.99991974,"Higher in RA","g__Anaerostipes",NA
0.295129260439115,-1.14899002075798,2.03342833622019,-0.565050658679106,0.572039307860939,0.999624337131013,"531ebaccfb8dc9c856d55ed5d5445bf2","k__Bacteria;p__Firmicutes;c__Negativicutes;o__Selenomonadales;f__Selenomonadaceae;g__Megamonas",0.988914664,"Higher in HC","g__Megamonas",NA
0.283114176062319,0.181093900777939,1.77965712110613,0.10175774795618,0.918948963744755,0.999624337131013,"09374dd07f1b6a7cf5438656ee99aab4","k__Bacteria;p__Firmicutes;c__Clostridia;o__Clostridiales;f__Ruminococcaceae;g__Ruminococcaceae UCG-014",0.999993985,"Higher in RA","g__Ruminococcaceae UCG-014",NA
0.242042714257696,-0.776162539901374,1.71095110462702,-0.453643904727817,0.650085147591658,0.999624337131013,"29bd81e407fa19961e465c2efb52b1c0","k__Bacteria;p__Proteobacteria;c__Gammaproteobacteria;o__Betaproteobacteriales;f__Burkholderiaceae;g__Sutterella;s__gut metagenome",0.999855103,"Higher in HC","g__Sutterella","s__gut metagenome"
0.307226310299863,0.581663045157595,0.853596378417061,0.681426327319068,0.495601768819163,0.999624337131013,"28b7f8e2a55ca4a84ebce744d34fa3e3","k__Bacteria;p__Bacteroidetes;c__Bacteroidia;o__Bacteroidales;f__Rikenellaceae;g__Alistipes;s__Alistipes obesi",0.999229419,"Higher in RA","g__Alistipes","s__Alistipes obesi"
0.262415207515034,-1.02924176560794,1.46488775309911,-0.702607939366332,0.482300113358664,0.999624337131013,"2383bd1713d95935d605e8732d2b6366","k__Bacteria;p__Bacteroidetes;c__Bacteroidia;o__Bacteroidales;f__Bacteroidaceae;g__Bacteroides",0.999999999,"Higher in HC","g__Bacteroides",NA
0.32402502003833,-0.570476537424202,1.52607845651018,-0.373818616592466,0.708539267974335,0.999624337131013,"02116c120519e6a5719d116ed827e62e","k__Bacteria;p__Firmicutes;c__Clostridia;o__Clostridiales;f__Lachnospiraceae;g__uncultured;s__uncultured bacterium adhufec236",0.992643338,"Higher in HC","g__uncultured","s__uncultured bacterium adhufec236"
0.391442618417965,-0.358303250179189,1.00466528827989,-0.356639424452146,0.721361759306761,0.999624337131013,"82ef5a668995f9e5f19b91ee8898eede","k__Bacteria;p__Firmicutes;c__Clostridia;o__Clostridiales;f__Ruminococcaceae;g__Ruminiclostridium 9;s__gut metagenome",0.941406519,"Higher in HC","g__Ruminiclostridium 9","s__gut metagenome"
0.254722046039567,0.211474059875172,2.02939959088276,0.104205234309318,0.91700648021133,0.999624337131013,"d338c5651eccf3544d5e7be800941a9c","k__Bacteria;p__Firmicutes;c__Clostridia;o__Clostridiales;f__Lachnospiraceae;g__Roseburia;s__metagenome",0.916518571,"Higher in RA","g__Roseburia","s__metagenome"
0.24123462714187,-0.997664899091193,1.00322829051316,-0.994454511027472,0.320001640985834,0.999624337131013,"279d5cd86836b35ff377317e9cc614bf","k__Bacteria;p__Actinobacteria;c__Actinobacteria;o__Bifidobacteriales;f__Bifidobacteriaceae;g__Bifidobacterium;s__Bifidobacterium animalis",0.910973473,"Higher in HC","g__Bifidobacterium","s__Bifidobacterium animalis"
0.287000306108317,-0.584376996574524,0.76393922150787,-0.764952211016311,0.444300002062789,0.999624337131013,"89e5130370c2b8cdfd8f16645dab505d","k__Bacteria;p__Bacteroidetes;c__Bacteroidia;o__Bacteroidales;f__Tannerellaceae;g__Parabacteroides;s__Parabacteroides goldsteinii CL02T12C30",0.914110667,"Higher in HC","g__Parabacteroides","s__Parabacteroides goldsteinii CL02T12C30"
0.361676267676301,-0.972793047720168,0.906339940586407,-1.07332028983603,0.283127434691355,0.999624337131013,"fae5ff56441dcf2f96295e6200cfcad4","k__Bacteria;p__Firmicutes;c__Clostridia;o__Clostridiales;f__Lachnospiraceae;g__GCA-900066575",0.999855012,"Higher in HC","g__GCA-900066575",NA
0.24022991253728,-0.575992830096599,1.95061718341221,-0.295287478750195,0.767774280812473,0.999624337131013,"e626be618848669af2d3dc3b6f00780d","k__Bacteria;p__Firmicutes;c__Clostridia;o__Clostridiales;f__Ruminococcaceae;g__Ruminococcaceae UCG-014",0.999556863,"Higher in HC","g__Ruminococcaceae UCG-014",NA
0.31942460436322,0.797463767730698,1.06175185033605,0.751083002566272,0.452602704487651,0.999624337131013,"c52f456583ec7de3f645e7fa169f275b","k__Bacteria;p__Firmicutes;c__Clostridia;o__Clostridiales;f__Lachnospiraceae;g__Lachnospiraceae ND3007 group",0.999963199,"Higher in RA","g__Lachnospiraceae ND3007 group",NA
0.21865159543184,-0.12907094181038,2.17254324257501,-0.0594100680165972,0.952625494107872,0.999624337131013,"8db91da0b045820dc303bb2289fc296d","k__Bacteria;p__Firmicutes;c__Clostridia;o__Clostridiales;f__Ruminococcaceae;g__Ruminococcaceae UCG-014;s__uncultured bacterium",0.779929119,"Higher in HC","g__Ruminococcaceae UCG-014","s__uncultured bacterium"
0.252990652187947,0.0415561254000849,1.36474890691733,0.0304496491548406,0.975708448893464,0.999624337131013,"99a5225fc581435e00be471bc4f03db6","k__Bacteria;p__Proteobacteria;c__Gammaproteobacteria;o__Enterobacteriales;f__Enterobacteriaceae",0.999993992,"Higher in RA",NA,NA
0.369609344816733,-0.640286750702177,1.19983841254197,-0.533644150753322,0.593587755883747,0.999624337131013,"444be4d68a66d40c061276a29c3192ea","k__Bacteria;p__Firmicutes;c__Clostridia;o__Clostridiales;f__Ruminococcaceae;g__[Eubacterium] coprostanoligenes group;s__uncultured organism",0.940984909,"Higher in HC","g__[Eubacterium] coprostanoligenes group","s__uncultured organism"
0.288548288001003,0.306565998971205,1.73887203311589,0.17630164447574,0.860056970165136,0.999624337131013,"b633f65721e325a5ea8ce928d561ce4a","k__Bacteria;p__Firmicutes;c__Clostridia;o__Clostridiales;f__Peptostreptococcaceae;g__Romboutsia",0.746807828,"Higher in RA","g__Romboutsia",NA
0.324771862499997,-0.0689264774716082,1.32705654245815,-0.0519393675147659,0.958577005852935,0.999624337131013,"5ab80b5ce830f717199ad61390d891fd","k__Bacteria;p__Bacteroidetes;c__Bacteroidia;o__Bacteroidales;f__Bacteroidaceae;g__Bacteroides",0.998906463,"Higher in HC","g__Bacteroides",NA
0.313257063033828,0.173109647308119,1.31723025934513,0.131419428061258,0.895443520579715,0.999624337131013,"87dce84e544c9c6e49a1f721df0a81a8","k__Bacteria;p__Firmicutes;c__Clostridia;o__Clostridiales;f__Ruminococcaceae;g__Ruminiclostridium 6;s__[Eubacterium] siraeum DSM 15702",0.726738828,"Higher in RA","g__Ruminiclostridium 6","s__[Eubacterium] siraeum DSM 15702"
0.315090330242299,0.322219393375668,0.513335561354615,0.627697392569841,0.530202193783672,0.999624337131013,"397ca7d24f9df4b9ba7bf59e6411c6d5","k__Bacteria;p__Firmicutes;c__Bacilli;o__Bacillales;f__Family XI;g__Gemella",0.999999993,"Higher in RA","g__Gemella",NA
0.358035441556865,-0.740374105725986,0.984407447656294,-0.752101284370298,0.451990151632058,0.999624337131013,"5240f3e0f26a946e6d4071e0ed0ccd85","k__Bacteria;p__Firmicutes;c__Clostridia;o__Clostridiales;f__Lachnospiraceae",0.99861651,"Higher in HC",NA,NA
0.253234121855285,-1.092779529993,2.18602826468935,-0.499892681007165,0.617150646071858,0.999624337131013,"257c43c1e026625d3eda57124ab13e05","k__Bacteria;p__Firmicutes;c__Clostridia;o__Clostridiales;f__Ruminococcaceae;g__Ruminococcus 1;s__uncultured Ruminococcus sp.",0.998053146,"Higher in HC","g__Ruminococcus 1","s__uncultured Ruminococcus sp."
0.298742106723515,-0.247314358558538,1.48295871341334,-0.166770899500831,0.867550316817393,0.999624337131013,"1f015dbb606074c056e85d83b49e605a","k__Bacteria;p__Bacteroidetes;c__Bacteroidia;o__Bacteroidales;f__Bacteroidaceae;g__Bacteroides",1,"Higher in HC","g__Bacteroides",NA
0.226041180184075,-1.32211137766018,2.8949887662035,-0.456689640075532,0.647894138278882,0.999624337131013,"a7276700fa5f47051d0c6119520ea643","k__Bacteria;p__Firmicutes;c__Clostridia;o__Clostridiales;f__Lachnospiraceae;g__Lachnospiraceae NK4A136 group;s__gut metagenome",0.930026927,"Higher in HC","g__Lachnospiraceae NK4A136 group","s__gut metagenome"
0.235166715287488,0.210979496520629,1.91238323347326,0.11032281230444,0.912153366087208,0.999624337131013,"3ae623548a530360ae1866570566ee61","k__Bacteria;p__Firmicutes;c__Clostridia;o__Clostridiales;f__Lachnospiraceae;g__uncultured",0.70485778,"Higher in RA","g__uncultured",NA
0.301493859823529,-0.266733964459534,1.37454324923166,-0.194052798708685,0.846134540179049,0.999624337131013,"18ee273318c03d3fcdeeebaa2fccef0c","k__Bacteria;p__Firmicutes;c__Clostridia;o__Clostridiales;f__Ruminococcaceae;g__Faecalibacterium",0.99999198,"Higher in HC","g__Faecalibacterium",NA
0.341147468066802,-0.445567496244521,0.906336018993397,-0.491614022732298,0.622992228429258,0.999624337131013,"af529e85b91e8105d3f300a4883da28a","k__Bacteria;p__Firmicutes;c__Clostridia;o__Clostridiales;f__Lachnospiraceae;g__uncultured",0.843956711,"Higher in HC","g__uncultured",NA
0.368509671691046,-1.21932069010908,1.35923968679722,-0.897060836254843,0.369686455265258,0.999624337131013,"6402b1ed656abaff60c47e93aca030aa","k__Bacteria;p__Firmicutes;c__Clostridia;o__Clostridiales;f__Lachnospiraceae;g__uncultured",0.72956625,"Higher in HC","g__uncultured",NA
0.337623914516437,0.39466727750892,1.1997805553267,0.328949553113444,0.742193818647741,0.999624337131013,"693d1ad40b78d0d3767faa42c2a9cbe0","k__Bacteria;p__Firmicutes;c__Clostridia;o__Clostridiales;f__Ruminococcaceae;g__Ruminococcus 1;s__Ruminococcus sp. UNK.MGS-30",0.997330865,"Higher in RA","g__Ruminococcus 1","s__Ruminococcus sp. UNK.MGS-30"
0.360592172205475,0.495608699303849,0.820589888041256,0.603966374100544,0.545865998454322,0.999624337131013,"d022480df1dae064c060524feab49ad5","k__Bacteria;p__Firmicutes;c__Clostridia;o__Clostridiales;f__Ruminococcaceae;g__Ruminococcaceae UCG-005;s__gut metagenome",0.74960265,"Higher in RA","g__Ruminococcaceae UCG-005","s__gut metagenome"
0.231509352324135,-0.892763709722264,2.02124868227855,-0.441689198142533,0.65871412730599,0.999624337131013,"0739e98ad18f9aeb5eb7937d4aed6c1c","k__Bacteria;p__Firmicutes;c__Clostridia;o__Clostridiales;f__Ruminococcaceae;g__Ruminococcaceae UCG-014;s__gut metagenome",0.991514096,"Higher in HC","g__Ruminococcaceae UCG-014","s__gut metagenome"
0.260076009044125,-0.292275991288019,1.83201397410446,-0.15953807963222,0.873244959287767,0.999624337131013,"0c4a6f1b51a90220e1d1ec6f10e359b6","k__Bacteria;p__Firmicutes;c__Clostridia;o__Clostridiales;f__Ruminococcaceae;g__Ruminococcaceae UCG-014;s__gut metagenome",0.976169794,"Higher in HC","g__Ruminococcaceae UCG-014","s__gut metagenome"
0.357558438117777,-0.455987378389766,0.564380416320031,-0.807943304204232,0.419123220871856,0.999624337131013,"d19dfa2abd35f5727a9f0c0df0a2a804","k__Bacteria;p__Firmicutes;c__Clostridia;o__Clostridiales;f__Lachnospiraceae;g__Lachnospiraceae UCG-010;s__uncultured bacterium",0.954360264,"Higher in HC","g__Lachnospiraceae UCG-010","s__uncultured bacterium"
0.295786813672228,-0.939596431150385,1.67912397618418,-0.559575376492225,0.575769104245928,0.999624337131013,"4e402cad1061469097eeedc748cdae0b","k__Bacteria;p__Firmicutes;c__Clostridia;o__Clostridiales;f__Ruminococcaceae;g__Faecalibacterium",0.843290885,"Higher in HC","g__Faecalibacterium",NA
0.324586161157599,-0.102217186662463,1.3233825971229,-0.0772393311538843,0.938433153351234,0.999624337131013,"f7c925d9ede8eeef271fab5875bb222e","k__Bacteria;p__Firmicutes;c__Clostridia;o__Clostridiales;f__Ruminococcaceae;g__Ruminococcus 1;s__uncultured Ruminococcus sp.",0.997764529,"Higher in HC","g__Ruminococcus 1","s__uncultured Ruminococcus sp."
0.352194168184191,-0.0549156670069414,1.38379156635877,-0.0396849267924385,0.968344318887682,0.999624337131013,"94ad01bf0c52cdc78473ccc3575396f9","k__Bacteria;p__Firmicutes;c__Clostridia;o__Clostridiales;f__Ruminococcaceae;g__Ruminococcus 1;s__metagenome",0.995630492,"Higher in HC","g__Ruminococcus 1","s__metagenome"
0.247496015327227,1.28970249010465,1.67659589672504,0.769238725099996,0.44175160530647,0.999624337131013,"64e9d55323c115b460324612705aad50","k__Bacteria;p__Firmicutes;c__Clostridia;o__Clostridiales;f__Lachnospiraceae",0.999926699,"Higher in RA",NA,NA
0.339667464621745,0.0793139485737049,0.996823340011406,0.0795667049417176,0.936581876837381,0.999624337131013,"e8cc10af0b0564b062828b6c9d30cf64","k__Bacteria;p__Proteobacteria;c__Gammaproteobacteria;o__Enterobacteriales;f__Enterobacteriaceae;g__Escherichia-Shigella",0.932878868,"Higher in RA","g__Escherichia-Shigella",NA
0.288363615218002,-0.201379768347048,1.54781040711912,-0.130106224522594,0.89648238552636,0.999624337131013,"47e3d31db5a3d1841671b04f077ee40e","k__Bacteria;p__Firmicutes;c__Clostridia;o__Clostridiales;f__Lachnospiraceae;g__Lachnospiraceae FCS020 group;s__uncultured organism",0.906021315,"Higher in HC","g__Lachnospiraceae FCS020 group","s__uncultured organism"
0.257642672017559,-0.489027899607826,1.71769976481982,-0.284699287747252,0.775874536370551,0.999624337131013,"688a5ffd70670221c25281bdfdb462ed","k__Bacteria;p__Firmicutes;c__Clostridia;o__Clostridiales;f__Ruminococcaceae;g__Ruminococcaceae UCG-014;s__uncultured bacterium",0.708577776,"Higher in HC","g__Ruminococcaceae UCG-014","s__uncultured bacterium"
0.225975224772061,0.590227139109931,1.88831737180684,0.312567764255206,0.754609072175803,0.999624337131013,"4901bc0578e89b8ebbbf2f663085c02c","k__Bacteria;p__Firmicutes;c__Clostridia;o__Clostridiales;f__Ruminococcaceae;g__Faecalibacterium",0.999925795,"Higher in RA","g__Faecalibacterium",NA
0.237027320326316,-0.53879296772418,1.9498556286382,-0.276324544140983,0.782298806016476,0.999624337131013,"ead02280c476e5e9ac7ae4558e6271f0","k__Bacteria;p__Firmicutes;c__Clostridia;o__Clostridiales;f__Ruminococcaceae;g__[Eubacterium] coprostanoligenes group",0.999998901,"Higher in HC","g__[Eubacterium] coprostanoligenes group",NA
0.218419613133365,-0.284758536821791,2.18065307041019,-0.130584062492906,0.896104351045537,0.999624337131013,"fc6972a395b7edef0849c032f2e6f08c","k__Bacteria;p__Firmicutes;c__Clostridia;o__Clostridiales;f__Ruminococcaceae;g__Ruminococcaceae UCG-014;s__gut metagenome",0.968198463,"Higher in HC","g__Ruminococcaceae UCG-014","s__gut metagenome"
0.280952919574854,0.363759857484003,1.78115092709859,0.204227419445331,0.838175785263016,0.999624337131013,"c35bc3139a07f3622efd6f78ce8c01f7","k__Bacteria;p__Firmicutes;c__Clostridia;o__Clostridiales;f__Ruminococcaceae;g__Ruminiclostridium 6;s__[Eubacterium] siraeum DSM 15702",0.731844534,"Higher in RA","g__Ruminiclostridium 6","s__[Eubacterium] siraeum DSM 15702"
0.368563062071528,0.376148885064376,1.35631616055852,0.277331271279316,0.781525749890294,0.999624337131013,"4592567951d750cec071cd3e1d5a345d","k__Bacteria;p__Proteobacteria;c__Gammaproteobacteria;o__Enterobacteriales;f__Enterobacteriaceae;g__Escherichia-Shigella",0.986140909,"Higher in RA","g__Escherichia-Shigella",NA
0.278242352882421,-0.517932360576819,1.3617178336785,-0.380352190275494,0.703683999076382,0.999624337131013,"d0b0b5fd6777f1ba38b450027798757b","k__Bacteria;p__Bacteroidetes;c__Bacteroidia;o__Bacteroidales;f__Prevotellaceae;g__Paraprevotella;s__gut metagenome",0.999752068,"Higher in HC","g__Paraprevotella","s__gut metagenome"
0.338942990219958,0.620058145018864,0.944835127069786,0.656260682159276,0.511656410744529,0.999624337131013,"7f4f9079a70e396c2ff23ce1186e0b51","k__Bacteria;p__Firmicutes;c__Clostridia;o__Clostridiales;f__Lachnospiraceae;g__Coprococcus 1",0.999995342,"Higher in RA","g__Coprococcus 1",NA
0.301754380257901,-0.346977915575788,1.55018551286912,-0.223829930479477,0.822889639610442,0.999624337131013,"7b816df69777dd1f172aa85bde7d2a26","k__Bacteria;p__Firmicutes;c__Clostridia;o__Clostridiales;f__Lachnospiraceae",0.999988933,"Higher in HC",NA,NA
0.287347736698079,0.014132118224053,1.78319708447711,0.00792515776695372,0.993676705168273,0.999624337131013,"783d491eec0418aacd3ac163d301dbfd","k__Bacteria;p__Firmicutes;c__Clostridia;o__Clostridiales;f__Lachnospiraceae;g__[Ruminococcus] torques group",0.981679899,"Higher in RA","g__[Ruminococcus] torques group",NA
0.305138579238553,0.164234753378967,0.855706292193775,0.191928883633563,0.84779791215544,0.999624337131013,"c1d344401a6e4548d7a98e70e4baf7e1","k__Bacteria;p__Bacteroidetes;c__Bacteroidia;o__Bacteroidales;f__Bacteroidaceae;g__Bacteroides;s__Bacteroides sp. HPS0048",0.998683468,"Higher in RA","g__Bacteroides","s__Bacteroides sp. HPS0048"
0.289473747416564,0.359862910789534,1.50644169058889,0.238882734750164,0.81119651370836,0.999624337131013,"5c971fa73c959ae3e7a621873be0a230","k__Bacteria;p__Firmicutes;c__Clostridia;o__Clostridiales;f__Ruminococcaceae;g__Butyricicoccus;s__Butyricicoccus sp. N15.MGS-46",0.768463886,"Higher in RA","g__Butyricicoccus","s__Butyricicoccus sp. N15.MGS-46"
0.245362206443342,-0.262807726582412,1.95488037751249,-0.134436730556794,0.893057238459706,0.999624337131013,"53cf885b58a84cba9ea530da0f990cd0","k__Bacteria;p__Firmicutes;c__Clostridia;o__Clostridiales;f__Lachnospiraceae;g__[Eubacterium] hallii group;s__uncultured organism",0.852708462,"Higher in HC","g__[Eubacterium] hallii group","s__uncultured organism"
0.251570415939278,-0.578173795805936,1.82727407850187,-0.316413286111936,0.751688833754353,0.999624337131013,"90d05486c4347fb52c9f97884a4784e3","k__Bacteria;p__Firmicutes;c__Clostridia;o__Clostridiales;f__Ruminococcaceae;g__Faecalibacterium;s__uncultured bacterium",0.983057176,"Higher in HC","g__Faecalibacterium","s__uncultured bacterium"
0.313647979178694,0.534372303412103,1.79000068360992,0.298531899068567,0.765297233474009,0.999624337131013,"e20881f722e2cda073f038afa8ae9950","k__Bacteria;p__Firmicutes;c__Clostridia;o__Clostridiales;f__Lachnospiraceae;g__Roseburia;s__metagenome",0.933256306,"Higher in RA","g__Roseburia","s__metagenome"
0.235178545207405,-0.729770766284765,2.02300640463769,-0.360735766635135,0.718296984581589,0.999624337131013,"c584ca35f0b0041c8cf7ca2563c1551a","k__Bacteria;p__Firmicutes;c__Clostridia;o__Clostridiales;f__Lachnospiraceae",0.999923986,"Higher in HC",NA,NA
0.340104272670601,-0.636856709021576,0.824787499618021,-0.772146412641462,0.440027715776495,0.999624337131013,"15a5f3d2effbad3034022155497cb12b","k__Bacteria;p__Firmicutes;c__Clostridia;o__Clostridiales;f__Family XIII;g__Family XIII AD3011 group;s__uncultured Eubacterium sp.",0.727979223,"Higher in HC","g__Family XIII AD3011 group","s__uncultured Eubacterium sp."
0.251105625253958,0.967157235819118,1.9662300380096,0.491884071101956,0.622801299516871,0.999624337131013,"748b27dfa5297e665714e7001dc58fde","k__Bacteria;p__Firmicutes;c__Clostridia;o__Clostridiales;f__Lachnospiraceae;g__Roseburia",0.899967906,"Higher in RA","g__Roseburia",NA
0.355099552987902,-0.201780449752096,0.92890113248698,-0.217224893689021,0.828033085473892,0.999624337131013,"0ee414c07f3efcdb1f3c0d903351ca6f","k__Bacteria;p__Firmicutes;c__Clostridia;o__Clostridiales;f__Ruminococcaceae;g__Ruminococcaceae UCG-005;s__uncultured organism",0.982795651,"Higher in HC","g__Ruminococcaceae UCG-005","s__uncultured organism"
0.372631428798485,-0.860422708982651,0.897881175359831,-0.958281265489092,0.337920948161722,0.999624337131013,"2a3a2ea2b8d300fd0df0b5fdefe8ba00","k__Bacteria;p__Firmicutes;c__Clostridia;o__Clostridiales;f__Ruminococcaceae;g__Ruminococcaceae UCG-005;s__uncultured organism",0.988332427,"Higher in HC","g__Ruminococcaceae UCG-005","s__uncultured organism"
0.324617235342036,-0.105069940186596,1.19385710661449,-0.0880088074229842,0.929869675996619,0.999624337131013,"4219f58a692bd1b1231aef7080e09309","k__Bacteria;p__Firmicutes;c__Clostridia;o__Clostridiales;f__Ruminococcaceae;g__Ruminococcus 1;s__Ruminococcus sp. UNK.MGS-30",0.96753203,"Higher in HC","g__Ruminococcus 1","s__Ruminococcus sp. UNK.MGS-30"
0.307044176756804,-0.0735083140485483,1.09223275278628,-0.0673009611376592,0.946342111748358,0.999624337131013,"4441c74a68b463d0766b0513f0dcc313","k__Bacteria;p__Firmicutes;c__Clostridia;o__Clostridiales;f__Ruminococcaceae;g__Butyricicoccus;s__uncultured bacterium",0.884296887,"Higher in HC","g__Butyricicoccus","s__uncultured bacterium"
0.351816341911647,0.973177000862626,1.07922088034445,0.901740337484965,0.36719481983377,0.999624337131013,"666068c5b772b68e2a6f3271fb417b4b","k__Bacteria;p__Actinobacteria;c__Actinobacteria;o__Bifidobacteriales;f__Bifidobacteriaceae;g__Bifidobacterium",0.99984043,"Higher in RA","g__Bifidobacterium",NA
0.344895218862823,0.235123941659273,0.984901864440938,0.238728293800862,0.811316275706883,0.999624337131013,"a08dc21ac6efdb8dbb762340ddc6b63d","k__Bacteria;p__Firmicutes;c__Clostridia;o__Clostridiales;f__Lachnospiraceae;g__Coprococcus 1",0.999995445,"Higher in RA","g__Coprococcus 1",NA
0.256777670003685,-0.693608408718679,1.43745511862655,-0.48252526268883,0.629432856704369,0.999624337131013,"d20825f93e3f59d500f148b07955074a","k__Bacteria;p__Firmicutes;c__Clostridia;o__Clostridiales;f__Clostridiaceae 1;g__Clostridium sensu stricto 1",0.982359115,"Higher in HC","g__Clostridium sensu stricto 1",NA
0.327273032550661,0.237109180365253,1.60303212372595,0.14791293128558,0.882411482775043,0.999624337131013,"a7d2d10158e23cdcbf8f91e80e0aecd2","k__Bacteria;p__Firmicutes;c__Clostridia;o__Clostridiales;f__Lachnospiraceae;g__Roseburia",0.969614612,"Higher in RA","g__Roseburia",NA
0.217697629852064,0.083795895737739,1.94482075401006,0.0430866934985955,0.965632426499281,0.999624337131013,"18c687c0de923e2b515b29bba352e80d","k__Bacteria;p__Firmicutes;c__Erysipelotrichia;o__Erysipelotrichales;f__Erysipelotrichaceae;g__Erysipelotrichaceae UCG-003",0.999999805,"Higher in RA","g__Erysipelotrichaceae UCG-003",NA
0.300674466869079,-0.785606195027123,1.90517700402528,-0.412353389405438,0.680080421585787,0.999624337131013,"8558b2d38d774d6aa74054a29f59b1d7","k__Bacteria;p__Firmicutes;c__Clostridia;o__Clostridiales;f__Ruminococcaceae;g__Faecalibacterium;s__uncultured bacterium",0.936854095,"Higher in HC","g__Faecalibacterium","s__uncultured bacterium"
0.281173887073777,-1.12450382800567,1.20455376392205,-0.933543907865322,0.350539211150436,0.999624337131013,"fe75f42d15f16f6c8e922eb286d90aa1","k__Bacteria;p__Proteobacteria;c__Gammaproteobacteria;o__Betaproteobacteriales;f__Burkholderiaceae;g__Sutterella;s__gut metagenome",0.999812288,"Higher in HC","g__Sutterella","s__gut metagenome"
0.303978485994739,-0.282149546852928,1.79140767072589,-0.157501584627356,0.874849559129338,0.999624337131013,"b7b770d52e1e28b6cd082c98176a4993","k__Bacteria;p__Firmicutes;c__Clostridia;o__Clostridiales;f__Ruminococcaceae;g__Faecalibacterium;s__uncultured bacterium",0.935117535,"Higher in HC","g__Faecalibacterium","s__uncultured bacterium"
0.303011527004061,-0.924495645818562,1.50890399721464,-0.612693483167342,0.540079032363712,0.999624337131013,"be0817aea5282cb17d64b760722c744e","k__Bacteria;p__Firmicutes;c__Clostridia;o__Clostridiales;f__Ruminococcaceae;g__Ruminococcaceae UCG-014",0.896530577,"Higher in HC","g__Ruminococcaceae UCG-014",NA
0.334842172482452,-0.533143368755316,1.01126593494512,-0.52720392364868,0.598051984244988,0.999624337131013,"170c5a382c9a769ecfda4fc043230654","k__Bacteria;p__Firmicutes;c__Clostridia;o__Clostridiales;f__Ruminococcaceae;g__Ruminococcaceae UCG-003;s__uncultured organism",0.837187759,"Higher in HC","g__Ruminococcaceae UCG-003","s__uncultured organism"
0.307564536767981,0.350916926004421,1.34976159683714,0.259984375631012,0.794875825739504,0.999624337131013,"c88b071d31ff8dc505661f07250e71c8","k__Bacteria;p__Firmicutes;c__Clostridia;o__Clostridiales;f__Lachnospiraceae;g__[Eubacterium] ventriosum group",0.999955617,"Higher in RA","g__[Eubacterium] ventriosum group",NA
0.299446274224386,0.106944405617643,1.4089881462117,0.0759015651800766,0.93949741162014,0.999624337131013,"178a0df3269ee1ec94240b0cda2c4152","k__Bacteria;p__Firmicutes;c__Clostridia;o__Clostridiales;f__Lachnospiraceae;g__[Ruminococcus] gauvreauii group;s__unidentified",0.877980022,"Higher in RA","g__[Ruminococcus] gauvreauii group","s__unidentified"
0.246398180390589,-0.285384437449691,1.89848323573225,-0.15032233736824,0.880510310553162,0.999624337131013,"0e15633cf20e9f7749c8c5b966b74552","k__Bacteria;p__Firmicutes;c__Clostridia;o__Clostridiales;f__Lachnospiraceae;g__Roseburia;s__uncultured organism",0.71984075,"Higher in HC","g__Roseburia","s__uncultured organism"
0.325273689313173,-0.664543718156412,1.44200789911138,-0.460846101166248,0.644909023755689,0.999624337131013,"a82a8bc4ee8d0c1f4fcd929ffc37e992","k__Bacteria;p__Firmicutes;c__Clostridia;o__Clostridiales;f__Ruminococcaceae;g__Ruminococcaceae UCG-003",0.999777408,"Higher in HC","g__Ruminococcaceae UCG-003",NA
0.28831474909494,-0.220760712407067,1.23019801873482,-0.179451363963426,0.857583303279011,0.999624337131013,"b3b6827cc2a466048f4abb06cabde876","k__Bacteria;p__Firmicutes;c__Clostridia;o__Clostridiales;f__Ruminococcaceae;g__Ruminococcus 1;s__Ruminococcus sp. UNK.MGS-30",0.961699812,"Higher in HC","g__Ruminococcus 1","s__Ruminococcus sp. UNK.MGS-30"
0.32509397178567,-1.25062434968342,1.47796186365094,-0.846181745579047,0.397451363691513,0.999624337131013,"e2c477db56c719516813ed2bdc48caf3","k__Bacteria;p__Firmicutes;c__Clostridia;o__Clostridiales;f__Ruminococcaceae;g__Butyricicoccus;s__uncultured bacterium",0.804746532,"Higher in HC","g__Butyricicoccus","s__uncultured bacterium"
0.278093137101793,-0.242908622588224,1.72283427993784,-0.140993608855396,0.887874991301301,0.999624337131013,"af4f3f56d226874e2fd2c9b887f9b175","k__Bacteria;p__Firmicutes;c__Clostridia;o__Clostridiales;f__Ruminococcaceae;g__Ruminococcus 1",0.999808435,"Higher in HC","g__Ruminococcus 1",NA
0.282069375735219,0.0215958118296466,0.973501257073132,0.022183650686364,0.98230145924468,0.999624337131013,"6dc1cb4c5043742022d92bef5be7c5b6","k__Bacteria;p__Firmicutes;c__Negativicutes;o__Veillonellales;f__Veillonellaceae;g__Veillonella",0.999999981,"Higher in RA","g__Veillonella",NA
0.247901241262465,-0.779928743359371,1.22151447594867,-0.638493246470657,0.523152648908145,0.999624337131013,"264f0938d56cdbe099a8fe167540cbc2","k__Bacteria;p__Firmicutes;c__Negativicutes;o__Selenomonadales;f__Veillonellaceae;g__Allisonella;s__uncultured bacterium",0.972596098,"Higher in HC","g__Allisonella","s__uncultured bacterium"
0.258808486024051,0.235585148012275,1.78177784509933,0.132219147667728,0.894810956433017,0.999624337131013,"9a930f69b2946091052f92ee1816f2f1","k__Bacteria;p__Firmicutes;c__Clostridia;o__Clostridiales;f__Lachnospiraceae;g__[Eubacterium] hallii group;s__uncultured organism",0.816676796,"Higher in RA","g__[Eubacterium] hallii group","s__uncultured organism"
0.310497054444781,-0.803832713250688,1.63194672526799,-0.492560633753951,0.62232306928839,0.999624337131013,"3b47d6d5e38cd89e0ab61fd8cd40d648","k__Bacteria;p__Firmicutes;c__Clostridia;o__Clostridiales;f__Lachnospiraceae",0.999675477,"Higher in HC",NA,NA
0.222877077249182,0.021770668106635,2.17356642285844,0.0100161043516694,0.992008438600668,0.999624337131013,"0360be21e724eb7d61d146b1b0483027","k__Bacteria;p__Firmicutes;c__Clostridia;o__Clostridiales;f__Lachnospiraceae;g__Coprococcus 2",0.999920556,"Higher in RA","g__Coprococcus 2",NA
0.252327142680498,-0.213633768388692,1.29661416880945,-0.164762790294703,0.869130692743082,0.999624337131013,"5d224a0fd1441ea19dcb11f47138c2ea","k__Bacteria;p__Firmicutes;c__Clostridia;o__Clostridiales;f__Ruminococcaceae;g__Ruminococcaceae NK4A214 group;s__gut metagenome",0.963165902,"Higher in HC","g__Ruminococcaceae NK4A214 group","s__gut metagenome"
0.251322535838447,-0.329760967623955,1.26282204175246,-0.261130196275584,0.793992106043709,0.999624337131013,"4bcaeb57ea4a09fa9393d144d33ab064","k__Bacteria;p__Bacteroidetes;c__Bacteroidia;o__Bacteroidales;f__Rikenellaceae;g__Alistipes;s__Alistipes indistinctus YIT 12060",0.991038756,"Higher in HC","g__Alistipes","s__Alistipes indistinctus YIT 12060"
0.239113503800203,-0.144330042037366,2.10121988153585,-0.068688690462928,0.945237420644609,0.999624337131013,"8ee19fb23bfba5022af6fb9515367af6","k__Bacteria;p__Firmicutes;c__Clostridia;o__Clostridiales;f__Lachnospiraceae;g__[Ruminococcus] torques group",0.978498775,"Higher in HC","g__[Ruminococcus] torques group",NA
0.233210464110098,0.774754963501038,1.83540849884476,0.42211581998704,0.672940481290181,0.999624337131013,"6e106eb0a65da0f774217a8ba7ab37cf","k__Bacteria;p__Firmicutes;c__Clostridia;o__Clostridiales;f__Lachnospiraceae;g__Blautia",0.948326296,"Higher in RA","g__Blautia",NA
0.272447167413465,0.385139751664402,1.08298883011138,0.355626707271573,0.722120140008845,0.999624337131013,"8a1043527fae2289cdb96712c6def949","k__Bacteria;p__Proteobacteria;c__Gammaproteobacteria;o__Enterobacteriales;f__Enterobacteriaceae;g__Escherichia-Shigella",0.927806931,"Higher in RA","g__Escherichia-Shigella",NA
0.333207078282401,-0.0503644862985537,1.15056728729023,-0.0437736122475462,0.965084861292079,0.999624337131013,"078868ae7c93d51e5193bb743a77d303","k__Bacteria;p__Firmicutes;c__Clostridia;o__Clostridiales;f__Lachnospiraceae",0.998679594,"Higher in HC",NA,NA
0.335359410337197,-0.842882908942046,1.40723070050545,-0.598965691012352,0.549195763714016,0.999624337131013,"fe355f18087faa7eb699a89bdff48baa","k__Bacteria;p__Firmicutes;c__Clostridia;o__Clostridiales;f__Ruminococcaceae;g__Ruminococcaceae UCG-014;s__gut metagenome",0.928042871,"Higher in HC","g__Ruminococcaceae UCG-014","s__gut metagenome"
0.291771146783951,0.614771983726662,1.40899948637808,0.43631810349837,0.662605948830923,0.999624337131013,"eb2b783f1bbba8fd4b4c4311de768b88","k__Bacteria;p__Firmicutes;c__Clostridia;o__Clostridiales;f__Lachnospiraceae;g__[Eubacterium] ventriosum group",0.99994386,"Higher in RA","g__[Eubacterium] ventriosum group",NA
0.31282306522467,-0.320256737759703,1.84344556878414,-0.173727254648984,0.862079817107222,0.999624337131013,"bc1e618a92b6eb0883336fca38681634","k__Bacteria;p__Firmicutes;c__Clostridia;o__Clostridiales;f__Ruminococcaceae;g__Ruminococcaceae UCG-014",0.99999354,"Higher in HC","g__Ruminococcaceae UCG-014",NA
0.30744596170406,0.323242534864235,1.44568223326416,0.223591690778683,0.823075029792217,0.999624337131013,"8199f0b811d31362da482e70f5313413","k__Bacteria;p__Firmicutes;c__Clostridia;o__Clostridiales;f__Ruminococcaceae;g__[Eubacterium] coprostanoligenes group",0.999993074,"Higher in RA","g__[Eubacterium] coprostanoligenes group",NA
0.292791905104557,0.231911398415947,1.63902219053226,0.141493751430318,0.88747989601926,0.999624337131013,"528a782b7067fd58a6c4a6c499f0064d","k__Bacteria;p__Firmicutes;c__Clostridia;o__Clostridiales;f__Lachnospiraceae",0.999722606,"Higher in RA",NA,NA
0.313475802949949,0.378793966175383,1.29501396209744,0.292501839564632,0.76990295358441,0.999624337131013,"17d067bd8154382586e8f9b4b653c3d5","k__Bacteria;p__Firmicutes;c__Clostridia;o__Clostridiales;f__Ruminococcaceae",0.999999999,"Higher in RA",NA,NA
0.295377722933837,-0.884243353160401,1.37032118237664,-0.645281824825039,0.518744568732641,0.999624337131013,"2b9c6684d4149e4e0634d29c6f1ba6a2","k__Bacteria;p__Firmicutes;c__Clostridia;o__Clostridiales;f__Ruminococcaceae;g__Ruminococcaceae UCG-005;s__uncultured organism",0.980961707,"Higher in HC","g__Ruminococcaceae UCG-005","s__uncultured organism"
0.281136354450384,-0.462092279559588,1.33168710206654,-0.346997638441121,0.728593092930335,0.999624337131013,"470599a72d6debf60b857799391bd99b","k__Bacteria;p__Firmicutes;c__Clostridia;o__Clostridiales;f__Ruminococcaceae;g__Ruminococcaceae NK4A214 group;s__gut metagenome",0.96976105,"Higher in HC","g__Ruminococcaceae NK4A214 group","s__gut metagenome"
0.252581012373162,-0.422955756350118,1.21882246201835,-0.347019988169326,0.728576302396771,0.999624337131013,"b0b9a96919317c4d5446891f12ac0083","k__Bacteria;p__Proteobacteria;c__Gammaproteobacteria;o__Enterobacteriales;f__Enterobacteriaceae;g__Escherichia-Shigella",0.923023925,"Higher in HC","g__Escherichia-Shigella",NA
0.292726741134662,1.12753704064943,1.78752635789609,0.630780651523672,0.528183956145732,0.999624337131013,"61469deea3f95d2683bba266a4437c12","k__Bacteria;p__Firmicutes;c__Clostridia;o__Clostridiales;f__Lachnospiraceae;g__Roseburia;s__metagenome",0.926834016,"Higher in RA","g__Roseburia","s__metagenome"
0.285239950501455,-1.17180499248541,1.96109926653098,-0.597524568227612,0.550157209111581,0.999624337131013,"58ac4f776ce05d1ddb477d62ad7a9d07","k__Bacteria;p__Firmicutes;c__Clostridia;o__Clostridiales;f__Lachnospiraceae;g__[Eubacterium] ruminantium group",0.9967269,"Higher in HC","g__[Eubacterium] ruminantium group",NA
0.279218602414366,0.570821460341916,1.28390037011141,0.44459949824018,0.656609210152628,0.999624337131013,"afdf702794eb256e7828ae90ea9fff73","k__Bacteria;p__Firmicutes;c__Clostridia;o__Clostridiales;f__Lachnospiraceae",0.999892132,"Higher in RA",NA,NA
0.239585382857887,-0.312043150309696,1.95503053820973,-0.159610371403938,0.873188008530002,0.999624337131013,"e86eb6c6a7ac80ae96ca0526450284f5","k__Bacteria;p__Firmicutes;c__Clostridia;o__Clostridiales;f__Lachnospiraceae;g__[Eubacterium] ruminantium group",0.99728427,"Higher in HC","g__[Eubacterium] ruminantium group",NA
0.325919483540311,-0.431931355951492,1.20916989852027,-0.357213123217896,0.720932262239503,0.999624337131013,"02b28392aa1c98a4fc884d29205dee76","k__Bacteria;p__Firmicutes;c__Clostridia;o__Clostridiales;f__Ruminococcaceae;g__[Eubacterium] coprostanoligenes group;s__metagenome",0.989029534,"Higher in HC","g__[Eubacterium] coprostanoligenes group","s__metagenome"
0.302080362485464,-0.0400710985232711,1.23565999248355,-0.0324289033933455,0.974130013030144,0.999624337131013,"54592e3262a67107eb828b922171fcf1","k__Bacteria;p__Firmicutes;c__Clostridia;o__Clostridiales;f__Ruminococcaceae;g__Ruminococcus 1;s__Ruminococcus sp. UNK.MGS-30",0.996888426,"Higher in HC","g__Ruminococcus 1","s__Ruminococcus sp. UNK.MGS-30"
0.316682968209663,-0.947624781357744,1.68366049145128,-0.562836026722294,0.573546545641641,0.999624337131013,"c3640aaaa3db34ed967b929793ec4f3f","k__Bacteria;p__Firmicutes;c__Clostridia;o__Clostridiales;f__Lachnospiraceae",0.999999284,"Higher in HC",NA,NA
0.319823750424196,-0.482125117313113,0.512496862980055,-0.940737694489801,0.34683929695558,0.999624337131013,"a39215dc79b535e2e23f336ab458ff52","k__Bacteria;p__Firmicutes;c__Clostridia;o__Clostridiales;f__Ruminococcaceae;g__Ruminiclostridium 9;s__Anaerostipes hadrus",0.996026414,"Higher in HC","g__Ruminiclostridium 9","s__Anaerostipes hadrus"
0.338610756044532,-0.364965480483244,1.14636525069887,-0.318367536228743,0.750206160493787,0.999624337131013,"f69462cb106db47c480c5d382532f3af","k__Bacteria;p__Firmicutes;c__Clostridia;o__Clostridiales;f__Ruminococcaceae;g__Ruminococcaceae UCG-002;s__uncultured bacterium",0.902636853,"Higher in HC","g__Ruminococcaceae UCG-002","s__uncultured bacterium"
0.284609240328838,-0.183561692903116,1.54342117856705,-0.118931692432483,0.90532947302003,0.999624337131013,"3628cf545e4eecf3b5c82810204c3dc6","k__Bacteria;p__Proteobacteria;c__Deltaproteobacteria;o__Desulfovibrionales;f__Desulfovibrionaceae;g__Desulfovibrio;s__gut metagenome",0.999883381,"Higher in HC","g__Desulfovibrio","s__gut metagenome"
0.244175926321218,-0.759424920256583,1.82605552483425,-0.415882709987977,0.67749583201827,0.999624337131013,"a3dc39ea27a874dae830996a493b2983","k__Bacteria;p__Firmicutes;c__Clostridia;o__Clostridiales;f__Lachnospiraceae",0.999653349,"Higher in HC",NA,NA
0.298271680062155,0.163854142490693,1.40846937049794,0.116334899375742,0.907387127676901,0.999624337131013,"ad0ab627e4c66eafeccdfa809ef7f0ea","k__Bacteria;p__Firmicutes;c__Clostridia;o__Clostridiales;f__Lachnospiraceae;g__[Eubacterium] ventriosum group",0.999961219,"Higher in RA","g__[Eubacterium] ventriosum group",NA
0.320559619383199,-0.99038159520207,1.50949202861958,-0.656102567237646,0.511758132744836,0.999624337131013,"f15990ecd4e88e46e17ef9896564dab1","k__Bacteria;p__Firmicutes;c__Clostridia;o__Clostridiales;f__Ruminococcaceae;g__Ruminococcaceae UCG-014;s__uncultured bacterium",0.958122062,"Higher in HC","g__Ruminococcaceae UCG-014","s__uncultured bacterium"
0.253159334978963,-0.531891666812695,0.902744806250135,-0.589193826572198,0.555731257954465,0.999624337131013,"0299a0a72c4f11c183f3f88bf8152004","k__Bacteria;p__Firmicutes;c__Clostridia;o__Clostridiales;f__Ruminococcaceae;g__Anaerotruncus;s__Anaerotruncus colihominis DSM 17241",0.995065945,"Higher in HC","g__Anaerotruncus","s__Anaerotruncus colihominis DSM 17241"
0.215559193799859,0.855290604678602,2.02501518732661,0.422362563022424,0.672760399141135,0.999624337131013,"1f4d7e357e5caede44056b37da735b33","k__Bacteria;p__Firmicutes;c__Clostridia;o__Clostridiales;f__Lachnospiraceae",0.999902386,"Higher in RA",NA,NA
0.253189800270746,-1.07815806028839,1.36018365541115,-0.792656238736009,0.427978133118068,0.999624337131013,"8857bde7e7f8926baebb390900d7755d","k__Bacteria;p__Firmicutes;c__Clostridia;o__Clostridiales;f__Ruminococcaceae;g__Butyricicoccus;s__uncultured bacterium",0.739716951,"Higher in HC","g__Butyricicoccus","s__uncultured bacterium"
0.298937526240988,-0.38608299938966,1.68406983769721,-0.229255931522169,0.818670002885547,0.999624337131013,"8ee4e8ff4dd8740924a0bda9cc002146","k__Bacteria;p__Firmicutes;c__Clostridia;o__Clostridiales;f__Lachnospiraceae;g__Roseburia",0.979689412,"Higher in HC","g__Roseburia",NA
0.253864223908038,0.0313196229145465,0.954498309235257,0.0328126541571768,0.973823987089116,0.999624337131013,"15102fac0cde39f5d8f88cd34b73f246","k__Bacteria;p__Bacteroidetes;c__Bacteroidia;o__Bacteroidales;f__Bacteroidaceae;g__Bacteroides;s__uncultured bacterium",0.994267404,"Higher in RA","g__Bacteroides","s__uncultured bacterium"
0.321932565806914,-0.737674199598293,1.08626358987422,-0.679093183712169,0.497078821106206,0.999624337131013,"1884fe92c677d65b3e5a850f1b650d63","k__Bacteria;p__Firmicutes;c__Clostridia;o__Clostridiales;f__Ruminococcaceae;g__[Eubacterium] coprostanoligenes group;s__metagenome",0.990316818,"Higher in HC","g__[Eubacterium] coprostanoligenes group","s__metagenome"
0.221579079450074,-0.0740560766769074,2.02054465595552,-0.0366515416814117,0.970762846793623,0.999624337131013,"c1e08608b9b9fad4a681307b4d341d37","k__Bacteria;p__Firmicutes;c__Clostridia;o__Clostridiales;f__Ruminococcaceae;g__Ruminococcaceae UCG-014;s__gut metagenome",0.983901673,"Higher in HC","g__Ruminococcaceae UCG-014","s__gut metagenome"
0.239479568739853,-0.539068874053531,1.82186008787298,-0.295889282410755,0.767314636188155,0.999624337131013,"de3af1413fc09ca1df0d2610395c8022","k__Bacteria;p__Firmicutes;c__Clostridia;o__Clostridiales;f__Ruminococcaceae;g__Ruminococcaceae UCG-014",0.999994484,"Higher in HC","g__Ruminococcaceae UCG-014",NA
0.246206948852154,0.396816786906284,1.39851710877023,0.283741102928101,0.776608793098974,0.999624337131013,"3a3d418d4ce0a8abf2ca019b75a57622","k__Bacteria;p__Firmicutes;c__Clostridia;o__Clostridiales;f__Lachnospiraceae;g__Blautia",0.998294032,"Higher in RA","g__Blautia",NA
0.283420935728301,-0.355426483086951,2.03134481273569,-0.17497102454422,0.861102401397055,0.999624337131013,"55d492465c63ac7ecc9cde8e8eaf8004","k__Bacteria;p__Firmicutes;c__Clostridia;o__Clostridiales;f__Lachnospiraceae;g__Agathobacter;s__metagenome",0.718048185,"Higher in HC","g__Agathobacter","s__metagenome"
0.243917003865911,-0.626028482692916,1.20041309707195,-0.521510873398437,0.602010932920832,0.999624337131013,"7335f0783f6e1a7bbb0395c2cecf09de","k__Bacteria;p__Bacteroidetes;c__Bacteroidia;o__Bacteroidales;f__Bacteroidaceae;g__Bacteroides",0.999999997,"Higher in HC","g__Bacteroides",NA
0.284929172309721,-0.589790425544676,1.43548261588389,-0.410865599498407,0.681171088238983,0.999624337131013,"e9b3bd3a038470211c2f2e57fd6624cd","k__Bacteria;p__Bacteroidetes;c__Bacteroidia;o__Bacteroidales;f__Bacteroidaceae;g__Bacteroides",0.999851862,"Higher in HC","g__Bacteroides",NA
0.217643482983413,0.903064447704983,1.71291907367943,0.527207888324321,0.598049231331889,0.999624337131013,"f0f69e4ddd9e67f7b5a0340efbed297e","k__Bacteria;p__Firmicutes;c__Clostridia;o__Clostridiales;f__Peptostreptococcaceae;g__Terrisporobacter",0.981030319,"Higher in RA","g__Terrisporobacter",NA
0.223395805991884,-0.548587958413459,1.61057593591986,-0.34061601578577,0.733392670864098,0.999624337131013,"6a6d2c842757ed19c684373d010776e5","k__Bacteria;p__Bacteroidetes;c__Bacteroidia;o__Bacteroidales;f__Bacteroidaceae;g__Bacteroides",0.999999997,"Higher in HC","g__Bacteroides",NA
0.289753731811338,-0.628914415790822,1.00485065153387,-0.625878497297889,0.53139463938221,0.999624337131013,"30c0daf89021006677a59d5a3df2d1a8","k__Bacteria;p__Firmicutes;c__Clostridia;o__Clostridiales;f__Ruminococcaceae;g__Ruminococcaceae UCG-008;s__uncultured bacterium",0.999936885,"Higher in HC","g__Ruminococcaceae UCG-008","s__uncultured bacterium"
0.256523961057875,-0.339506610770092,0.717160534370432,-0.473403923527572,0.635925031199133,0.999624337131013,"870d5643fe38dc108f61323611a1c61c","k__Bacteria;p__Bacteroidetes;c__Bacteroidia;o__Bacteroidales;f__Odoribacteraceae;g__Butyricimonas;s__uncultured organism",0.923615644,"Higher in HC","g__Butyricimonas","s__uncultured organism"
0.252583504528996,0.71948717522713,1.77566285792102,0.405193571526027,0.685335229937465,0.999624337131013,"1af6e776aba6495daace470afc91123f","k__Bacteria;p__Firmicutes;c__Clostridia;o__Clostridiales;f__Peptostreptococcaceae;g__Terrisporobacter",0.98289848,"Higher in RA","g__Terrisporobacter",NA
0.219378232316036,0.425967598694192,1.46378759451945,0.291003694995812,0.771048493550006,0.999624337131013,"a30568230edff0bb8fa649722e904fc2","k__Bacteria;p__Firmicutes;c__Bacilli;o__Lactobacillales;f__Streptococcaceae;g__Streptococcus",0.873173453,"Higher in RA","g__Streptococcus",NA
0.218396293292121,-0.584134289833288,1.82055374728211,-0.32085528411635,0.748320061771826,0.999624337131013,"21c4c4b3764fbd6c342d2a81c870dbe8","k__Bacteria;p__Firmicutes;c__Clostridia;o__Clostridiales;f__Lachnospiraceae;g__Tyzzerella 3;s__unidentified",0.980010408,"Higher in HC","g__Tyzzerella 3","s__unidentified"
0.220340008888685,-0.288649239108317,1.09617215725331,-0.263324731611126,0.792300299073381,0.999624337131013,"4778ff2024192819e4dba26c096d8fa4","k__Bacteria;p__Bacteroidetes;c__Bacteroidia;o__Bacteroidales;f__Rikenellaceae;g__Alistipes;s__Alistipes indistinctus YIT 12060",0.977231538,"Higher in HC","g__Alistipes","s__Alistipes indistinctus YIT 12060"
0.273775216488726,-0.675014313902897,1.7769586923309,-0.379870571452314,0.704041493329233,0.999624337131013,"e84fa2b38231bf5751d3a8ef459c68d5","k__Bacteria;p__Firmicutes;c__Negativicutes;o__Veillonellales;f__Veillonellaceae;g__Dialister;s__gut metagenome",0.790052773,"Higher in HC","g__Dialister","s__gut metagenome"
0.223049658518694,-0.0151777093092578,1.62117092043756,-0.00936218946313282,0.992530162694824,0.999624337131013,"3ac47522575ac96f93c2537604ac99d8","k__Bacteria;p__Firmicutes;c__Clostridia;o__Clostridiales;f__Lachnospiraceae;g__Agathobacter;s__Eubacterium ramulus",0.984288675,"Higher in HC","g__Agathobacter","s__Eubacterium ramulus"
0.267833784962216,0.0755340425650172,1.54059121574327,0.0490292569457338,0.960895980299827,0.999624337131013,"d505ddf55ecdd614963089e663786e46","k__Bacteria;p__Firmicutes;c__Clostridia;o__Clostridiales;f__Lachnospiraceae;g__Lachnospira;s__uncultured bacterium",0.822512212,"Higher in RA","g__Lachnospira","s__uncultured bacterium"
0.301007233858047,-0.414659668755157,1.43253046299644,-0.289459581814272,0.772229705641477,0.999624337131013,"b93f9ce10306d8c46a4c17a80efffe4e","k__Bacteria;p__Firmicutes;c__Clostridia;o__Clostridiales;f__Lachnospiraceae;g__[Eubacterium] ventriosum group;s__uncultured bacterium",0.947520482,"Higher in HC","g__[Eubacterium] ventriosum group","s__uncultured bacterium"
0.266529803388384,-0.262199629049395,1.53593529610972,-0.1707100746454,0.864451740695509,0.999624337131013,"d85eaa400b29340c3d54c6429d484a9e","k__Bacteria;p__Firmicutes;c__Clostridia;o__Clostridiales;f__Lachnospiraceae;g__Lachnospiraceae FCS020 group;s__uncultured organism",0.907326465,"Higher in HC","g__Lachnospiraceae FCS020 group","s__uncultured organism"
0.247889158465573,-0.623314029977066,1.95706101609397,-0.318494939529845,0.750109532636802,0.999624337131013,"7c4feeceee25dd1db8f2c146ade63925","k__Bacteria;p__Firmicutes;c__Clostridia;o__Clostridiales;f__Lachnospiraceae",0.999998884,"Higher in HC",NA,NA
0.282471385681757,0.0298838384292893,1.40026014388599,0.0213416332384894,0.982973132871053,0.999624337131013,"19e200cc9bccf408bc705a8f7b9e3064","k__Bacteria;p__Firmicutes;c__Clostridia;o__Clostridiales;f__Lachnospiraceae;g__Lachnospiraceae UCG-001;s__metagenome",0.990024656,"Higher in RA","g__Lachnospiraceae UCG-001","s__metagenome"
0.239837560767006,0.572554610505932,1.7705563320659,0.323375540295784,0.746410851291275,0.999624337131013,"6861ab8cde4eaf2f39dc2e55843a6544","k__Bacteria;p__Firmicutes;c__Clostridia;o__Clostridiales;f__Lachnospiraceae;g__[Eubacterium] hallii group;s__uncultured organism",0.862676833,"Higher in RA","g__[Eubacterium] hallii group","s__uncultured organism"
0.271688998434567,0.33766609648275,1.62815432350971,0.207391947806805,0.835703770621768,0.999624337131013,"0dea49f825e8859062494f80e431ef3c","k__Bacteria;p__Firmicutes;c__Clostridia;o__Clostridiales;f__Clostridiaceae 1;g__Clostridium sensu stricto 1",0.999518657,"Higher in RA","g__Clostridium sensu stricto 1",NA
0.293221295691016,-0.314349748374922,0.836944718140003,-0.375592009318754,0.707220232187278,0.999624337131013,"5bcde432f04704a0f7e32b77acdc4e35","k__Bacteria;p__Firmicutes;c__Clostridia;o__Clostridiales;f__Ruminococcaceae;g__Ruminococcaceae UCG-003;s__metagenome",0.99555463,"Higher in HC","g__Ruminococcaceae UCG-003","s__metagenome"
0.274865027658651,-0.405490716311406,1.04450726591155,-0.388212441928331,0.697858826494561,0.999624337131013,"26875473f4089bb54be35ebd7bc9a087","k__Bacteria;p__Bacteroidetes;c__Bacteroidia;o__Bacteroidales;f__Rikenellaceae;g__Alistipes",1,"Higher in HC","g__Alistipes",NA
0.241271928058096,0.15676237998811,1.77360804650876,0.0883861461367903,0.929569771981694,0.999624337131013,"b69a037522042d958fc3492994065e86","k__Bacteria;p__Firmicutes;c__Clostridia;o__Clostridiales;f__Lachnospiraceae;g__Blautia;s__Blautia sp. Marseille-P3387",0.924545663,"Higher in RA","g__Blautia","s__Blautia sp. Marseille-P3387"
0.257850833042405,-0.161709324585655,1.66451778601116,-0.0971508541060254,0.922606596088592,0.999624337131013,"4841d4c1c7f38518cfd38907366e2f40","k__Bacteria;p__Firmicutes;c__Clostridia;o__Clostridiales;f__Lachnospiraceae",0.999985249,"Higher in HC",NA,NA
0.293369249563049,-1.06032115730729,1.58595790502163,-0.668568285419168,0.503770908979978,0.999624337131013,"0bdaedc62419eda73e0ed3eed232356a","k__Bacteria;p__Firmicutes;c__Bacilli;o__Lactobacillales;f__Streptococcaceae;g__Streptococcus",0.99999971,"Higher in HC","g__Streptococcus",NA
0.249368403190588,-0.137369187791005,1.53183604523596,-0.0896761688159943,0.928544554154794,0.999624337131013,"730756a1f741b5d9a2cb422b5fbe2c83","k__Bacteria;p__Firmicutes;c__Clostridia;o__Clostridiales;f__Lachnospiraceae;g__uncultured",0.73719142,"Higher in HC","g__uncultured",NA
0.278021369078725,0.257303938879527,1.62981385583277,0.157873206169335,0.874556711639633,0.999624337131013,"c376d2fbb01f0f0dfa7dabcd31bf64dd","k__Bacteria;p__Firmicutes;c__Clostridia;o__Clostridiales;f__Lachnospiraceae;g__[Ruminococcus] torques group",0.973937291,"Higher in RA","g__[Ruminococcus] torques group",NA
0.262601472112018,0.3177963264256,1.54474815782603,0.205726949610248,0.837004206077247,0.999624337131013,"9a4c94ecfaf59b4f847e28685a4ee1b2","k__Bacteria;p__Firmicutes;c__Clostridia;o__Clostridiales;f__Lachnospiraceae;g__[Ruminococcus] gauvreauii group;s__unidentified",0.874417155,"Higher in RA","g__[Ruminococcus] gauvreauii group","s__unidentified"
0.236503894025058,0.258157453129922,1.83659654293602,0.140562963663879,0.888215208388755,0.999624337131013,"4bec16d19f2fce4efc4b87ebb343f08d","k__Bacteria;p__Firmicutes;c__Clostridia;o__Clostridiales;f__Lachnospiraceae;g__Anaerostipes",0.999902848,"Higher in RA","g__Anaerostipes",NA
0.215328297363513,-0.135306734568804,2.17829046989528,-0.0621160200803286,0.950470439454529,0.999624337131013,"f607311433c430e03ed8450750569ac8","k__Bacteria;p__Firmicutes;c__Clostridia;o__Clostridiales;f__Ruminococcaceae;g__Faecalibacterium;s__uncultured bacterium",0.834631725,"Higher in HC","g__Faecalibacterium","s__uncultured bacterium"
0.260211400857273,-0.904296402504768,0.976121792764114,-0.926417593796409,0.354229004312426,0.999624337131013,"3e42f2c324300608172883d841563c8b","k__Bacteria;p__Firmicutes;c__Clostridia;o__Clostridiales;f__Ruminococcaceae;g__Ruminiclostridium 5;s__gut metagenome",0.999999317,"Higher in HC","g__Ruminiclostridium 5","s__gut metagenome"
0.306511173357602,0.0192339604727679,1.05265410822281,0.0182718713797075,0.985421967107131,0.999624337131013,"ab78d9c74586a18a370a018a2dc9d3b2","k__Bacteria;p__Firmicutes;c__Clostridia;o__Clostridiales;f__Ruminococcaceae;g__Ruminococcaceae UCG-003;s__uncultured organism",0.840260831,"Higher in RA","g__Ruminococcaceae UCG-003","s__uncultured organism"
0.284115778992042,-0.857654073427526,1.47018050340189,-0.583366512780557,0.559646595867615,0.999624337131013,"c992df6822b0bdd1b65ba23a4ede3522","k__Bacteria;p__Firmicutes;c__Clostridia;o__Clostridiales;f__Ruminococcaceae;g__Ruminiclostridium 6;s__gut metagenome",0.996934436,"Higher in HC","g__Ruminiclostridium 6","s__gut metagenome"
0.236678959612886,-0.124154592888188,1.6169091489047,-0.0767851384676067,0.938794473615536,0.999624337131013,"1d0a4019c4be872c56723e0a82dd4627","k__Bacteria;p__Firmicutes;c__Clostridia;o__Clostridiales;f__Ruminococcaceae;g__Ruminococcaceae UCG-005;s__uncultured organism",0.987036383,"Higher in HC","g__Ruminococcaceae UCG-005","s__uncultured organism"
0.260259090366941,-0.370347420787979,1.62601708857769,-0.22776354774471,0.819830066566576,0.999624337131013,"4617206948ff5501c58d4a3ad4bfd212","k__Bacteria;p__Firmicutes;c__Clostridia;o__Clostridiales;f__Lachnospiraceae;g__Agathobacter",0.871177324,"Higher in HC","g__Agathobacter",NA
0.213279264000972,-0.830994924105451,1.76227393822439,-0.47154696331873,0.637250190749972,0.999624337131013,"bac64f1a187dab2c0c5b59acc99fb448","k__Bacteria;p__Bacteroidetes;c__Bacteroidia;o__Bacteroidales;f__Bacteroidaceae;g__Bacteroides",0.999999998,"Higher in HC","g__Bacteroides",NA
0.280967698042801,-0.31751948951354,1.09885631438629,-0.288954511483037,0.77261618790193,0.999624337131013,"2755c3aaba555d0b0c674311b30d60ec","k__Bacteria;p__Firmicutes;c__Clostridia;o__Clostridiales;f__Ruminococcaceae;g__Ruminococcaceae UCG-002",0.998834668,"Higher in HC","g__Ruminococcaceae UCG-002",NA
0.216520256759008,-0.475831515077001,2.36740928209051,-0.200992502089383,0.840704436902632,0.999624337131013,"9716e29496ca06639d30912d55bfcc56","k__Bacteria;p__Firmicutes;c__Clostridia;o__Clostridiales;f__Ruminococcaceae;g__Ruminococcus 2",0.999779057,"Higher in HC","g__Ruminococcus 2",NA
0.263841923201032,-0.333293816661964,0.892776065144494,-0.373322975015041,0.708908078897053,0.999624337131013,"779f326ce12dfc81db7ee029cbc9dce3","k__Bacteria;p__Firmicutes;c__Clostridia;o__Clostridiales;f__Ruminococcaceae;g__Oscillibacter;s__gut metagenome",0.959264348,"Higher in HC","g__Oscillibacter","s__gut metagenome"
0.277357948929226,0.56188276594982,1.54439081391276,0.36382161878202,0.715991217943702,0.999624337131013,"3b6579378854543157b267f091e952d6","k__Bacteria;p__Firmicutes;c__Clostridia;o__Clostridiales;f__Lachnospiraceae;g__Agathobacter;s__Eubacterium ramulus",0.98893255,"Higher in RA","g__Agathobacter","s__Eubacterium ramulus"
0.302682880916559,-0.696941273615152,1.27765672149779,-0.54548398007732,0.585420695559217,0.999624337131013,"7d220ad9881d86571f58497302ccc5aa","k__Bacteria;p__Firmicutes;c__Clostridia;o__Clostridiales;f__Ruminococcaceae;g__Ruminococcaceae UCG-014;s__gut metagenome",0.957439849,"Higher in HC","g__Ruminococcaceae UCG-014","s__gut metagenome"
0.314852569581626,-0.287816030285734,1.00445879914573,-0.286538413054389,0.774465776861832,0.999624337131013,"c04dca4673161eaa69b44377d0add802","k__Bacteria;p__Firmicutes;c__Clostridia;o__Clostridiales;f__Ruminococcaceae;g__Ruminococcaceae NK4A214 group;s__metagenome",0.700005111,"Higher in HC","g__Ruminococcaceae NK4A214 group","s__metagenome"
0.235494977989738,0.0273477834441388,1.04250397498311,0.0262327857738691,0.979071665608823,0.999624337131013,"14f6ef0a9920d4e304db0eecdeb6bc07","k__Bacteria;p__Firmicutes;c__Clostridia;o__Clostridiales;f__Lachnospiraceae",0.999709422,"Higher in RA",NA,NA
0.217281423476583,-0.561935042342582,1.41732026673687,-0.396477109324301,0.69175309135716,0.999624337131013,"84adbf52a178bd139b6ee1ef0cc995a1","k__Bacteria;p__Firmicutes;c__Clostridia;o__Clostridiales;f__Lachnospiraceae;g__Lachnoclostridium;s__human gut metagenome",0.796307636,"Higher in HC","g__Lachnoclostridium","s__human gut metagenome"
0.273015143010761,0.211091732528583,1.62815325529767,0.129651021389869,0.896842534649056,0.999624337131013,"1c015e84de75132162f0800edc03d147","k__Bacteria;p__Firmicutes;c__Clostridia;o__Clostridiales;f__Lachnospiraceae;g__Lachnospira;s__uncultured bacterium",0.803202851,"Higher in RA","g__Lachnospira","s__uncultured bacterium"
0.263001158807563,-0.317399034850101,1.95187082897626,-0.162612725257323,0.870823367053662,0.999624337131013,"e0dbe466ba545b6ed94c0b3882f6955e","k__Bacteria;p__Firmicutes;c__Clostridia;o__Clostridiales;f__Ruminococcaceae;g__[Eubacterium] coprostanoligenes group",0.999999114,"Higher in HC","g__[Eubacterium] coprostanoligenes group",NA
0.230757237739187,-0.473994769986202,1.39630494343834,-0.33946364811902,0.73426047756953,0.999624337131013,"4e023cecb3093254d31f8f09aab583aa","k__Bacteria;p__Firmicutes;c__Clostridia;o__Clostridiales;f__Lachnospiraceae;g__Lachnoclostridium;s__[Clostridium] symbiosum WAL-14673",0.966937673,"Higher in HC","g__Lachnoclostridium","s__[Clostridium] symbiosum WAL-14673"
0.254616072282468,0.408995126519443,1.36269630484455,0.300136666596523,0.764072911810042,0.999624337131013,"2d750d1680d1f45e427a617a9b024b08","k__Bacteria;p__Firmicutes;c__Clostridia;o__Clostridiales;f__Ruminococcaceae;g__Butyricicoccus;s__uncultured bacterium",0.800358516,"Higher in RA","g__Butyricicoccus","s__uncultured bacterium"
0.298023974973963,-0.848517899970335,1.25510170911539,-0.676055090840707,0.499005668239106,0.999624337131013,"7af4f23048fb676d12c2e83b7cd56a20","k__Bacteria;p__Bacteroidetes;c__Bacteroidia;o__Bacteroidales;f__Barnesiellaceae;g__Barnesiella;s__uncultured organism",0.801300316,"Higher in HC","g__Barnesiella","s__uncultured organism"
0.242680685120374,-0.749321165774318,1.61368308426577,-0.464354601644263,0.642393710291556,0.999624337131013,"f03f6f0d8b38fa0289ca65c375a8145a","k__Bacteria;p__Firmicutes;c__Clostridia;o__Clostridiales;f__Ruminococcaceae;g__Butyricicoccus",0.999244795,"Higher in HC","g__Butyricicoccus",NA
0.323138213891866,-0.179977415031312,0.918080196105285,-0.196036703323761,0.844581438223409,0.999624337131013,"22b1cba248d0ff216043255e46d76d75","k__Bacteria;p__Firmicutes;c__Clostridia;o__Clostridiales;f__Lachnospiraceae",0.999885192,"Higher in HC",NA,NA
0.289253783389732,-0.392189646734652,0.794612952540494,-0.493560601398157,0.621616531171646,0.999624337131013,"716fdfe5627e431602b873f5a82e8b7d","k__Bacteria;p__Firmicutes;c__Clostridia;o__Clostridiales;f__Lachnospiraceae;g__Fusicatenibacter;s__Fusicatenibacter saccharivorans",0.931298726,"Higher in HC","g__Fusicatenibacter","s__Fusicatenibacter saccharivorans"
0.284244105684549,-0.459820754777475,1.33547716509905,-0.344311955901823,0.730611693862394,0.999624337131013,"8c869ac5f7bcb2d8b4f4843137fe4fd9","k__Bacteria;p__Firmicutes;c__Clostridia;o__Clostridiales;f__Ruminococcaceae;g__Ruminiclostridium 9;s__metagenome",0.999939132,"Higher in HC","g__Ruminiclostridium 9","s__metagenome"
0.258390931379653,-1.09632598347808,2.18537765349633,-0.501664314963641,0.615903670275071,0.999624337131013,"1cab0002e6146bc0b636c28a73b79ae1","k__Bacteria;p__Firmicutes;c__Clostridia;o__Clostridiales;f__Ruminococcaceae;g__Ruminococcus 1",0.999999691,"Higher in HC","g__Ruminococcus 1",NA
0.282257124133511,-0.700490092150418,0.807081956919794,-0.867929317641816,0.385433028144418,0.999624337131013,"9a0d6d41fb977ff263cb317136eb7b98","k__Bacteria;p__Bacteroidetes;c__Bacteroidia;o__Bacteroidales;f__Odoribacteraceae;g__Butyricimonas;s__Butyricimonas sp. Marseille-P2440",0.925357741,"Higher in HC","g__Butyricimonas","s__Butyricimonas sp. Marseille-P2440"
0.275651602020515,0.739708249020245,1.58314715240424,0.467239098966189,0.640328822948933,0.999624337131013,"b63d71ede0007c9d451c94e321f8a5bd","k__Bacteria;p__Firmicutes;c__Clostridia;o__Clostridiales;f__Ruminococcaceae;g__Faecalibacterium",0.999988527,"Higher in RA","g__Faecalibacterium",NA
0.25975755117896,-0.552657448974822,0.897829762267339,-0.615548149773033,0.538192781275618,0.999624337131013,"cd8dc487ac7911e49dbd95ed04b134a2","k__Bacteria;p__Firmicutes;c__Clostridia;o__Clostridiales;f__Ruminococcaceae;g__uncultured;s__Clostridium phoceensis",0.961422222,"Higher in HC","g__uncultured","s__Clostridium phoceensis"
0.240699704189184,0.441797879334243,1.62122037383897,0.272509454274922,0.785230322798946,0.999624337131013,"7a1b3a297664644e086de91b9edd3238","k__Bacteria;p__Firmicutes;c__Clostridia;o__Clostridiales;f__Lachnospiraceae;g__Blautia;s__Blautia sp. Marseille-P3387",0.912903911,"Higher in RA","g__Blautia","s__Blautia sp. Marseille-P3387"
0.262917285775601,0.0445862354274751,1.6251548855472,0.0274350683888586,0.978112728238543,0.999624337131013,"7369e4efefb7578ad1d8da9cb9ca65a2","k__Bacteria;p__Firmicutes;c__Clostridia;o__Clostridiales;f__Lachnospiraceae;g__Agathobacter",0.89256203,"Higher in RA","g__Agathobacter",NA
0.261788586333993,-0.0320612465842932,1.49804276677456,-0.0214020903110292,0.982924906121487,0.999624337131013,"dd159239e9dadf8f29fcbc1e89eb5cf0","k__Bacteria;p__Firmicutes;c__Clostridia;o__Clostridiales;f__Lachnospiraceae;g__Lachnospiraceae UCG-001;s__metagenome",0.985124102,"Higher in HC","g__Lachnospiraceae UCG-001","s__metagenome"
0.213983443360408,-0.315650076781037,1.56553924102438,-0.201623867680569,0.840210784704263,0.999624337131013,"645a17c3e84071600a545b15f9f3f276","k__Bacteria;p__Bacteroidetes;c__Bacteroidia;o__Bacteroidales;f__Bacteroidaceae;g__Bacteroides;s__Bacteroides ovatus V975",0.782421286,"Higher in HC","g__Bacteroides","s__Bacteroides ovatus V975"
0.212944669054214,-0.327635484170369,2.0968257021477,-0.156253084762736,0.875833534961777,0.999624337131013,"10159e5a8808612d156d23af03725b2f","k__Bacteria;p__Firmicutes;c__Clostridia;o__Clostridiales;f__Lachnospiraceae;g__Agathobacter",0.88908269,"Higher in HC","g__Agathobacter",NA
0.280186187259928,-1.24986626328027,1.22837330920636,-1.01749708652315,0.308917017552719,0.999624337131013,"7c67a6cc4027bcb3cafbd437d57909a6","k__Bacteria;p__Firmicutes;c__Clostridia;o__Clostridiales;f__Lachnospiraceae;g__Agathobacter;s__metagenome",0.70763649,"Higher in HC","g__Agathobacter","s__metagenome"
0.240808290849312,0.0996216781118467,1.39078798360916,0.071629665546379,0.942896631014966,0.999624337131013,"1734e8bc0c911acd9266362c1692ff3a","k__Bacteria;p__Firmicutes;c__Clostridia;o__Clostridiales;f__Lachnospiraceae;g__[Eubacterium] eligens group",0.998358745,"Higher in RA","g__[Eubacterium] eligens group",NA
0.294012131172411,-0.170066475004832,1.46827352180971,-0.115827516112405,0.907789242579386,0.999624337131013,"6ce09b4dc711a4cdbaf0da4218cf11a7","k__Bacteria;p__Firmicutes;c__Clostridia;o__Clostridiales;f__Lachnospiraceae;g__Lachnospiraceae NC2004 group",0.99789579,"Higher in HC","g__Lachnospiraceae NC2004 group",NA
0.238427157036966,0.345259364626236,0.597228078871015,0.578103034403382,0.563194558528209,0.999624337131013,"7ec2eeaf64dc8dcdfde9afd9348f97b5","k__Bacteria;p__Firmicutes;c__Bacilli;o__Lactobacillales;f__Carnobacteriaceae;g__Granulicatella",0.968048726,"Higher in RA","g__Granulicatella",NA
0.290390045164417,-0.744359447376526,1.6755065358401,-0.444259351697069,0.656855085925609,0.999624337131013,"e5220af517c9363635cd90a8667921c3","k__Bacteria;p__Firmicutes;c__Negativicutes;o__Selenomonadales;f__Selenomonadaceae;g__Megamonas;s__Megamonas funiformis YIT 11815",0.734718841,"Higher in HC","g__Megamonas","s__Megamonas funiformis YIT 11815"
0.240352760941858,-0.600628812954612,1.76086568706888,-0.341098595631341,0.733029358425125,0.999624337131013,"29f29fc92b138e314746112152d5f9ec","k__Bacteria;p__Firmicutes;c__Clostridia;o__Clostridiales;f__Ruminococcaceae;g__Ruminococcaceae UCG-014;s__uncultured bacterium",0.971877582,"Higher in HC","g__Ruminococcaceae UCG-014","s__uncultured bacterium"
0.261936574239152,0.232530973152219,1.62806718960334,0.142826398466315,0.886427287856953,0.999624337131013,"8186119c7e613378b5584e9cf544b919","k__Bacteria;p__Firmicutes;c__Clostridia;o__Clostridiales;f__Lachnospiraceae;g__Roseburia",0.966138887,"Higher in RA","g__Roseburia",NA
0.279079852589093,-0.398858178599783,1.22167642727509,-0.326484304431921,0.744057962553657,0.999624337131013,"f7e05c3b8bdc60c7488822f6f85c4aaf","k__Bacteria;p__Firmicutes;c__Clostridia;o__Clostridiales;f__Ruminococcaceae;g__Ruminococcaceae UCG-002;s__uncultured rumen bacterium",0.916082548,"Higher in HC","g__Ruminococcaceae UCG-002","s__uncultured rumen bacterium"
0.263196656702904,0.122788077937924,1.5834995819972,0.0775422231454311,0.938192203155416,0.999624337131013,"52e6397fc01edb60cc95238aeb6464db","k__Bacteria;p__Bacteroidetes;c__Bacteroidia;o__Bacteroidales;f__Bacteroidaceae;g__Bacteroides",0.999999998,"Higher in RA","g__Bacteroides",NA
0.227145949460489,-0.733176440770488,1.34547463295883,-0.544920300101209,0.585808333834075,0.999624337131013,"462e617263b677d14a860642e2d72c78","k__Bacteria;p__Firmicutes;c__Clostridia;o__Clostridiales;f__Ruminococcaceae;g__Negativibacillus;s__Negativibacillus massiliensis",0.937784344,"Higher in HC","g__Negativibacillus","s__Negativibacillus massiliensis"
0.259772770575315,-0.49467661942312,1.35712039432805,-0.364504594795402,0.71548124331044,0.999624337131013,"8b1c384a11fa407eeee549ad7903651f","k__Bacteria;p__Firmicutes;c__Clostridia;o__Clostridiales;f__Lachnospiraceae",0.993429136,"Higher in HC",NA,NA
0.289933446041592,-0.253039426716691,1.09638493844815,-0.230794329475967,0.817474586745828,0.999624337131013,"f8021a921cd73274100842e5272f6190","k__Bacteria;p__Firmicutes;c__Clostridia;o__Clostridiales;f__Ruminococcaceae;g__Ruminococcaceae NK4A214 group;s__metagenome",0.737416046,"Higher in HC","g__Ruminococcaceae NK4A214 group","s__metagenome"
0.245881006540937,0.263236875008048,1.32648008554863,0.198447664518969,0.842694828013173,0.999624337131013,"beacbda63f87c22addbc7e9134cfed62","k__Bacteria;p__Firmicutes;c__Clostridia;o__Clostridiales;f__Lachnospiraceae;g__Fusicatenibacter;s__Fusicatenibacter saccharivorans",0.950764878,"Higher in RA","g__Fusicatenibacter","s__Fusicatenibacter saccharivorans"
0.257896686783738,-0.128547541612199,1.71639585778933,-0.0748938777898034,0.94029914769414,0.999624337131013,"55de6c6db45e4f4580280007b67b681f","k__Bacteria;p__Firmicutes;c__Clostridia;o__Clostridiales;f__Lachnospiraceae;g__Agathobacter",0.868726282,"Higher in HC","g__Agathobacter",NA
0.236117987528535,-0.717603689646127,1.16890041778086,-0.613913451248897,0.539272520980381,0.999624337131013,"96621d83380a050ebcc344d2523dca93","k__Bacteria;p__Firmicutes;c__Clostridia;o__Clostridiales;f__Ruminococcaceae;g__Ruminiclostridium 5;s__Ruminococcus sp. A254.MGS-108",0.993013242,"Higher in HC","g__Ruminiclostridium 5","s__Ruminococcus sp. A254.MGS-108"
0.254772345552696,0.606234204411088,1.72172151459173,0.352109327364039,0.724756273554429,0.999624337131013,"86bafbf71558d04b5a42bd1d20b52ef9","k__Bacteria;p__Firmicutes;c__Clostridia;o__Clostridiales;f__Lachnospiraceae;g__Blautia;s__Blautia sp. Marseille-P3387",0.918516558,"Higher in RA","g__Blautia","s__Blautia sp. Marseille-P3387"
0.255566844147677,-0.396742337289535,0.49028037598948,-0.809215209743676,0.418391367709244,0.999624337131013,"bc3a51b1afdbb33ec421dd6fd4b8b26a","k__Bacteria;p__Firmicutes;c__Clostridia;o__Clostridiales;f__Ruminococcaceae;g__uncultured;s__uncultured bacterium",0.705757486,"Higher in HC","g__uncultured","s__uncultured bacterium"
0.239566625356402,-0.511590689091882,2.17933583704561,-0.234746146232062,0.814405768806145,0.999624337131013,"44364f3dc8b744c03b2c631cb19d2a41","k__Bacteria;p__Firmicutes;c__Clostridia;o__Clostridiales;f__Lachnospiraceae;g__Agathobacter;s__metagenome",0.756150035,"Higher in HC","g__Agathobacter","s__metagenome"
0.257327995841158,0.4970684057667,1.6694688713631,0.29774044565494,0.765901271440382,0.999624337131013,"eddd4a83f5f7fa535514678f54a914dd","k__Bacteria;p__Firmicutes;c__Clostridia;o__Clostridiales;f__Ruminococcaceae;g__Faecalibacterium",0.999987076,"Higher in RA","g__Faecalibacterium",NA
0.259280331445208,0.520021718363978,0.851663058879422,0.610595602265757,0.54146733482513,0.999624337131013,"5379f25f18eb1e1651804a723585551a","k__Bacteria;p__Firmicutes;c__Clostridia;o__Clostridiales;f__Lachnospiraceae;g__Lachnospiraceae UCG-008;s__Ruminococcus sp. CE2",0.789484704,"Higher in RA","g__Lachnospiraceae UCG-008","s__Ruminococcus sp. CE2"
0.267559978285729,-0.340246241945267,0.862793411255623,-0.394354242286235,0.693319521540887,0.999624337131013,"a9f7e905e92befcc3279175eb15acc4c","k__Bacteria;p__Bacteroidetes;c__Bacteroidia;o__Bacteroidales;f__Prevotellaceae;g__Paraprevotella;s__gut metagenome",0.989230829,"Higher in HC","g__Paraprevotella","s__gut metagenome"
0.231940074110136,-0.00249362066085344,2.26872143707957,-0.00109913038246925,0.999123021014096,0.999624337131013,"40fc325551f9354739957b9247587b13","k__Bacteria;p__Firmicutes;c__Clostridia;o__Clostridiales;f__Lachnospiraceae;g__Agathobacter",0.882099014,"Higher in HC","g__Agathobacter",NA
0.260725045040901,-0.11661809576082,0.987430600143621,-0.118102574240517,0.905986383780451,0.999624337131013,"91f29d768952a61e20d26c4377430aa7","k__Bacteria;p__Firmicutes;c__Clostridia;o__Clostridiales;f__Lachnospiraceae;g__Fusicatenibacter;s__Fusicatenibacter saccharivorans",0.942511438,"Higher in HC","g__Fusicatenibacter","s__Fusicatenibacter saccharivorans"
0.256516565508961,0.111731924785751,1.62083651681966,0.0689347282260072,0.945041575131155,0.999624337131013,"90c492216501882c37bce764958d7af4","k__Bacteria;p__Firmicutes;c__Clostridia;o__Clostridiales;f__Ruminococcaceae;g__Ruminiclostridium 6;s__[Eubacterium] siraeum DSM 15702",0.722771486,"Higher in RA","g__Ruminiclostridium 6","s__[Eubacterium] siraeum DSM 15702"
0.232749520294087,-0.00452080499913241,1.3871469170662,-0.00325906718568345,0.997399645213211,0.999624337131013,"60e238bec6611d54d0815e3c48d40479","k__Bacteria;p__Firmicutes;c__Clostridia;o__Clostridiales;f__Lachnospiraceae;g__[Eubacterium] ventriosum group;s__human gut metagenome",0.929866356,"Higher in HC","g__[Eubacterium] ventriosum group","s__human gut metagenome"
0.226508342616872,-0.838645952439767,2.09362885752098,-0.400570497214481,0.688736370563977,0.999624337131013,"e22ce3ca51483707a3c7b7acc939b781","k__Bacteria;p__Bacteroidetes;c__Bacteroidia;o__Bacteroidales;f__Bacteroidaceae;g__Bacteroides;s__uncultured Bacteroides sp.",0.928030788,"Higher in HC","g__Bacteroides","s__uncultured Bacteroides sp."
0.231049824206301,-0.971506198451922,1.82244483022138,-0.533078523059547,0.593979225364165,0.999624337131013,"7d6d6f41097e9d9ef2ddec7370bcb537","k__Bacteria;p__Proteobacteria;c__Gammaproteobacteria;o__Enterobacteriales;f__Enterobacteriaceae",0.999976832,"Higher in HC",NA,NA
0.223346874199149,0.58149733256355,1.53580675232582,0.37862662843677,0.704965145263985,0.999624337131013,"73ab1df7e5cc023966aaaff34ca6b397","k__Bacteria;p__Firmicutes;c__Clostridia;o__Clostridiales;f__Clostridiaceae 1;g__Clostridium sensu stricto 1",0.999571744,"Higher in RA","g__Clostridium sensu stricto 1",NA
0.243282803271577,0.350110515871758,2.10598127062159,0.16624578801141,0.867963527141537,0.999624337131013,"9982a63ab7d0cffaf3eebdb8ea9c2cd5","k__Bacteria;p__Firmicutes;c__Clostridia;o__Clostridiales;f__Lachnospiraceae;g__Agathobacter",0.911580723,"Higher in RA","g__Agathobacter",NA
0.215355193126757,-0.381613675868673,2.10455547091165,-0.18132744949857,0.856110561557323,0.999624337131013,"a55023ac91cdf8e18e1f0b7cf22f6757","k__Bacteria;p__Firmicutes;c__Clostridia;o__Clostridiales;f__Lachnospiraceae",0.999938034,"Higher in HC",NA,NA
0.247767171530666,-0.234031779355157,1.27161721889012,-0.184042631602159,0.853980010917432,0.999624337131013,"29c08ca01051a43f5a7345f060d25a2a","k__Bacteria;p__Firmicutes;c__Clostridia;o__Clostridiales;f__Ruminococcaceae;g__Ruminococcaceae UCG-002;s__uncultured rumen bacterium",0.92183102,"Higher in HC","g__Ruminococcaceae UCG-002","s__uncultured rumen bacterium"
0.249215106224812,0.0737296290644382,1.62182610798346,0.0454608719772749,0.963739962273555,0.999624337131013,"997fe42373fd8f3d2e1c1b241672f429","k__Bacteria;p__Firmicutes;c__Clostridia;o__Clostridiales;f__Lachnospiraceae;g__Agathobacter",0.90011181,"Higher in RA","g__Agathobacter",NA
0.245362093105131,-0.264682928698773,1.1933818818907,-0.221792313688749,0.824475563241252,0.999624337131013,"39830f9347beb4dee63b1f0888026248","k__Bacteria;p__Firmicutes;c__Clostridia;o__Clostridiales;f__Lachnospiraceae;g__Coprococcus 1",0.999994527,"Higher in HC","g__Coprococcus 1",NA
0.263698950289311,-0.337902572072622,1.76635904867183,-0.191298916450027,0.848291409963127,0.999624337131013,"db22bc35ad961595347346ed3b92dfbd","k__Bacteria;p__Firmicutes;c__Clostridia;o__Clostridiales;f__Lachnospiraceae",0.999982804,"Higher in HC",NA,NA
0.270476534355284,0.185645569750023,1.5819591811829,0.117351681357042,0.906581372112655,0.999624337131013,"97972ec94ab7981889a3b7d4c65366ad","k__Bacteria;p__Firmicutes;c__Clostridia;o__Clostridiales;f__Ruminococcaceae;g__Ruminiclostridium 6;s__[Eubacterium] siraeum DSM 15702",0.714471383,"Higher in RA","g__Ruminiclostridium 6","s__[Eubacterium] siraeum DSM 15702"
0.228372252089336,-0.415144466054799,0.721493496646352,-0.575395991764964,0.565023514331752,0.999624337131013,"818db00a912d5566e38866ce7425f1c7","k__Bacteria;p__Firmicutes;c__Clostridia;o__Clostridiales;f__Ruminococcaceae;g__Ruminococcaceae UCG-009;s__uncultured bacterium",0.902202893,"Higher in HC","g__Ruminococcaceae UCG-009","s__uncultured bacterium"
0.222516947420804,0.725032500451651,1.95450996847992,0.370953595604084,0.710672094959217,0.999624337131013,"fab0bbf2ed4d65a607f3bf7862b00f4a","k__Bacteria;p__Firmicutes;c__Clostridia;o__Clostridiales;f__Ruminococcaceae;g__Subdoligranulum",0.999918251,"Higher in RA","g__Subdoligranulum",NA
0.232560750217008,0.0240977552124459,1.19293685225262,0.0202003611230069,0.983883539810688,0.999624337131013,"5ef48e66dc145756cac05ad0eef49bf8","k__Bacteria;p__Firmicutes;c__Clostridia;o__Clostridiales;f__Ruminococcaceae;g__Ruminiclostridium 9;s__gut metagenome",0.942555226,"Higher in RA","g__Ruminiclostridium 9","s__gut metagenome"
0.251577844483761,-0.392648599964165,1.53291222340519,-0.256145520903958,0.79783847352141,0.999624337131013,"28b20bf3b1051fa2b632d3da6cd290e2","k__Bacteria;p__Firmicutes;c__Clostridia;o__Clostridiales;f__Ruminococcaceae;g__Faecalibacterium",0.999964223,"Higher in HC","g__Faecalibacterium",NA
0.222810260576868,-0.081645873199827,1.18788799883412,-0.0687319623398505,0.945202976086396,0.999624337131013,"3ae1a148df331fb7dae05633ff8dd588","k__Bacteria;p__Firmicutes;c__Clostridia;o__Clostridiales;f__Ruminococcaceae;g__Ruminococcaceae UCG-005;s__gut metagenome",0.846666906,"Higher in HC","g__Ruminococcaceae UCG-005","s__gut metagenome"
0.215994758054678,0.335817716484746,1.5651405895807,0.214560735770523,0.830109809243821,0.999624337131013,"de2e3d74733324df4ab0bbe888e61e1d","k__Bacteria;p__Firmicutes;c__Clostridia;o__Clostridiales;f__Ruminococcaceae;g__Ruminococcus 1;s__metagenome",0.995530384,"Higher in RA","g__Ruminococcus 1","s__metagenome"
0.256814685693685,-1.27286798700317,1.95726071157148,-0.650331342921192,0.515478215451803,0.999624337131013,"b67299d54dfde7d820947305cb2931a6","k__Bacteria;p__Bacteroidetes;c__Bacteroidia;o__Bacteroidales;f__Rikenellaceae;g__Alistipes;s__uncultured Alistipes sp.",0.951363177,"Higher in HC","g__Alistipes","s__uncultured Alistipes sp."
0.218389108787458,-0.590389471098939,1.3500896261909,-0.437296502132711,0.661896331755789,0.999624337131013,"8a7d5d685e915b5605d3f727ff662199","k__Bacteria;p__Firmicutes;c__Erysipelotrichia;o__Erysipelotrichales;f__Erysipelotrichaceae;g__Absiella;s__Absiella argi",0.999994687,"Higher in HC","g__Absiella","s__Absiella argi"
0.240409518783259,-0.712781168006164,0.889260957824577,-0.801543305971578,0.422817183876057,0.999624337131013,"a8495129f395c7d65147fca6533d4933","k__Bacteria;p__Firmicutes;c__Negativicutes;o__Veillonellales;f__Veillonellaceae;g__Dialister;s__gut metagenome",0.80004894,"Higher in HC","g__Dialister","s__gut metagenome"
0.229066133566086,0.528568981994878,1.45221274090336,0.36397489645083,0.715876755269429,0.999624337131013,"c6d5cd492c58243561b0f4a15f961391","k__Bacteria;p__Firmicutes;c__Bacilli;o__Lactobacillales;f__Streptococcaceae;g__Streptococcus",0.99999999,"Higher in RA","g__Streptococcus",NA
0.225646146630673,-0.87109301210987,1.01401548292419,-0.859052969879548,0.390311292632539,0.999624337131013,"d60423b835c18bb14925311ae3acc4b5","k__Bacteria;p__Bacteroidetes;c__Bacteroidia;o__Bacteroidales;f__Odoribacteraceae;g__Butyricimonas;s__Butyricimonas sp. AT11",0.987023467,"Higher in HC","g__Butyricimonas","s__Butyricimonas sp. AT11"
0.221695296441856,-0.471928522073583,2.26520851741201,-0.208337783672454,0.834965231732094,0.999624337131013,"782842475121d96a4417d19f6b8f905a","k__Bacteria;p__Firmicutes;c__Clostridia;o__Clostridiales;f__Ruminococcaceae;g__Faecalibacterium;s__human gut metagenome",0.787158985,"Higher in HC","g__Faecalibacterium","s__human gut metagenome"
0.24723103770814,-0.437082978362874,1.65979800338816,-0.26333504286103,0.792292352245379,0.999624337131013,"c03c5665b893cb1bf8304ecb1c3b8533","k__Bacteria;p__Firmicutes;c__Negativicutes;o__Veillonellales;f__Veillonellaceae;g__Dialister;s__gut metagenome",0.992707643,"Higher in HC","g__Dialister","s__gut metagenome"
0.219125400256352,-0.654113008680816,1.94968829487529,-0.335496197212723,0.737250812854234,0.999624337131013,"e60fee44f0c9ee1e6607ed9c5afb7f31","k__Bacteria;p__Firmicutes;c__Clostridia;o__Clostridiales;f__Lachnospiraceae",0.999959848,"Higher in HC",NA,NA
0.230011845172312,0.285836299004055,1.49375836948598,0.191353772365751,0.84824843508154,0.999624337131013,"88dce001690dd9c7ab0a28dafb9195bf","k__Bacteria;p__Firmicutes;c__Clostridia;o__Clostridiales;f__Ruminococcaceae;g__[Eubacterium] coprostanoligenes group",0.999994329,"Higher in RA","g__[Eubacterium] coprostanoligenes group",NA
0.236841795004628,0.0843766995655041,0.987051417920925,0.0854835908581448,0.931876940315078,0.999624337131013,"3233e04e74c14942e665b0912c85a938","k__Bacteria;p__Firmicutes;c__Clostridia;o__Clostridiales;f__Ruminococcaceae;g__Ruminococcaceae UCG-003;s__metagenome",0.996479163,"Higher in RA","g__Ruminococcaceae UCG-003","s__metagenome"
0.230032861738612,-0.0412498920425895,1.19152758375452,-0.0346193345458361,0.972383284002072,0.999624337131013,"6dcb8bbb0fc968acf1bff99944d4cc5b","k__Bacteria;p__Firmicutes;c__Clostridia;o__Clostridiales;f__Ruminococcaceae;g__Ruminococcaceae UCG-003;s__uncultured organism",0.837190045,"Higher in HC","g__Ruminococcaceae UCG-003","s__uncultured organism"
0.216251505910767,-0.155659554786334,1.21360619534807,-0.128261997493916,0.897941638256174,0.999624337131013,"0f3609cded5cd0d74890d9db5eab9a46","k__Bacteria;p__Firmicutes;c__Clostridia;o__Clostridiales;f__Ruminococcaceae;g__Ruminiclostridium 9;s__uncultured organism",0.741981218,"Higher in HC","g__Ruminiclostridium 9","s__uncultured organism"
0.224060246470849,-0.528817716010954,1.76166009323744,-0.300181469763066,0.764038738677647,0.999624337131013,"a78d4415e0c7fe61ec3571a2af4a0ab9","k__Bacteria;p__Firmicutes;c__Clostridia;o__Clostridiales;f__Ruminococcaceae;g__Ruminococcus 1;s__metagenome",0.99487044,"Higher in HC","g__Ruminococcus 1","s__metagenome"
0.220444257263656,-0.563198449359538,1.38436053907687,-0.406829314663285,0.684133354588666,0.999624337131013,"afd49eba8cc26cae918c369aaf98fead","k__Bacteria;p__Proteobacteria;c__Gammaproteobacteria;o__Enterobacteriales;f__Enterobacteriaceae;g__Escherichia-Shigella",0.933218214,"Higher in HC","g__Escherichia-Shigella",NA
0.243710873649281,-0.248060484562686,0.514343843674119,-0.482285318690144,0.629603275135179,0.999624337131013,"bae81b9eb11a8d663d1f8d906e90b8ad","k__Bacteria;p__Firmicutes;c__Clostridia;o__Clostridiales;f__Ruminococcaceae;g__Ruminiclostridium 9;s__uncultured organism",0.9990394,"Higher in HC","g__Ruminiclostridium 9","s__uncultured organism"
0.21156107187465,0.605142791977462,1.88606636574385,0.320849150893372,0.748324709859851,0.999624337131013,"dc11d922ae27dd5ad140d1bd68601109","k__Bacteria;p__Firmicutes;c__Clostridia;o__Clostridiales;f__Lachnospiraceae;g__Lachnospiraceae FCS020 group;s__uncultured organism",0.905358234,"Higher in RA","g__Lachnospiraceae FCS020 group","s__uncultured organism"
0.214148219610643,-0.00450110799269114,1.23636022729352,-0.0036406120913032,0.997095218237169,0.999624337131013,"9a973a0e4a7ffd43cd35a3e6ad308cce","k__Bacteria;p__Firmicutes;c__Clostridia;o__Clostridiales;f__Lachnospiraceae;g__Coprococcus 1;s__uncultured organism",0.70223366,"Higher in HC","g__Coprococcus 1","s__uncultured organism"
0.228086227166163,-0.885897989503184,1.87945768097987,-0.471358306424498,0.637384884656303,0.999624337131013,"9409a5c12fda2964945c463fed03d74f","k__Bacteria;p__Firmicutes;c__Clostridia;o__Clostridiales;f__Lachnospiraceae;g__Dorea;s__Dorea longicatena",0.906383849,"Higher in HC","g__Dorea","s__Dorea longicatena"
0.212519891656413,-0.0109520096355002,0.968078019835466,-0.011313147712373,0.990973606650595,0.999624337131013,"3ba8c0eca3e7efe698825d07679958ef","k__Bacteria;p__Verrucomicrobia;c__Verrucomicrobiae;o__Verrucomicrobiales;f__Akkermansiaceae;g__Akkermansia;s__unidentified",0.923378469,"Higher in HC","g__Akkermansia","s__unidentified"
0.227349027719187,-0.607152605136488,0.84307774461168,-0.720162059806408,0.471425220748719,0.999624337131013,"de0e6b53dd188f9fee9f1ac7ff1401f7","k__Bacteria;p__Bacteroidetes;c__Bacteroidia;o__Bacteroidales;f__Rikenellaceae;g__Alistipes;s__gut metagenome",0.811744244,"Higher in HC","g__Alistipes","s__gut metagenome"
0.220928634407203,-0.664974793527298,1.01098337579182,-0.657750472906121,0.510698483929975,0.999624337131013,"6acec08818c7b4ffd9fef094f75d0216","k__Bacteria;p__Firmicutes;c__Clostridia;o__Clostridiales;f__Lachnospiraceae;g__Lachnospiraceae UCG-010;s__uncultured bacterium",0.999191311,"Higher in HC","g__Lachnospiraceae UCG-010","s__uncultured bacterium"
0.220911559862656,0.388042910520969,1.87751901414847,0.206678551640108,0.836260909047585,0.999624337131013,"72e5c870f5fa81d13935e93144ab0fa6","k__Bacteria;p__Firmicutes;c__Clostridia;o__Clostridiales;f__Ruminococcaceae;g__Ruminococcaceae UCG-002",0.999739861,"Higher in RA","g__Ruminococcaceae UCG-002",NA
0.214370783235569,-0.253754023997382,0.860998529871506,-0.294720624012275,0.768207306918277,0.999624337131013,"528523e7c4ca6e1b318d6b575f503586","k__Bacteria;p__Firmicutes;c__Clostridia;o__Clostridiales;f__Ruminococcaceae;g__Intestinimonas;s__uncultured bacterium",0.702353119,"Higher in HC","g__Intestinimonas","s__uncultured bacterium"
0.21118236594007,-0.479315734077273,0.775550087634595,-0.618033240817717,0.536553427043148,0.999624337131013,"49e054beab1aa010c849c0cf2cd02a0d","k__Bacteria;p__Firmicutes;c__Clostridia;o__Clostridiales;f__Family XIII;g__Family XIII UCG-001;s__uncultured bacterium",0.998325469,"Higher in HC","g__Family XIII UCG-001","s__uncultured bacterium"
0.23553644150046,0.00051277365294576,1.88242600107516,0.000272400430430139,0.999782655904892,0.999782655904892,"082964917bf2cb2d7e907fc477d2cf12","k__Bacteria;p__Firmicutes;c__Clostridia;o__Clostridiales;f__Ruminococcaceae;g__Ruminococcaceae UCG-014",0.999992721,"Higher in RA","g__Ruminococcaceae UCG-014",NA
